<?xml version = '1.0' encoding = 'windows-1252'?>
<data-sources xmlns:xsi="http://www.w3.org/2001/XMLSchema-instance" xsi:noNamespaceSchemaLocation="http://xmlns.oracle.com/oracleas/schema/data-sources-10_1.xsd" xmlns="http://xmlns.oracle.com/oracleas/schema">
    <connection-pool name="jdev-connection-pool-SRDemo">
        <connection-factory factory-class="oracle.jdbc.pool.OracleDataSource" user="SRDEMO" password="->DataBase_User_gc_UExeyM3l2pNnEfWRdCLDXBveN9f74" url="jdbc:oracle:thin:@localhost:1521:ORCL"/>
    </connection-pool>
    <managed-data-source name="jdev-connection-managed-SRDemo" jndi-name="jdbc/SRDemoDS" connection-pool-name="jdev-connection-pool-SRDemo"/>
    <native-data-source name="jdev-connection-native-SRDemo" jndi-name="jdbc/SRDemoCoreDS" url="jdbc:oracle:thin:@localhost:1521:ORCL" user="SRDEMO" password="->DataBase_User_IQdWah4CIWR8__MmIHqh4ySo9Re2iggt" data-source-class="oracle.jdbc.pool.OracleDataSource"/>
    <connection-pool name="jdev-connection-pool-bug">
        <connection-factory factory-class="oracle.jdbc.pool.OracleDataSource" user="bug" password="->DataBase_User_yilfUPhOQOHw8MfOaS7AdfNDSYUb6yzF" url="jdbc:oracle:thin:@localhost:1521:ORCL"/>
    </connection-pool>
    <managed-data-source name="jdev-connection-managed-bug" jndi-name="jdbc/bugDS" connection-pool-name="jdev-connection-pool-bug"/>
    <native-data-source name="jdev-connection-native-bug" jndi-name="jdbc/bugCoreDS" url="jdbc:oracle:thin:@localhost:1521:ORCL" user="bug" password="->DataBase_User_bitheufAVIFoqpXeRRhp977zITlgI5fT" data-source-class="oracle.jdbc.pool.OracleDataSource"/>
    <connection-pool name="jdev-connection-pool-hr">
        <connection-factory factory-class="oracle.jdbc.pool.OracleDataSource" user="hr" password="->DataBase_User_u04obx5E5LdvB7U6_1lMjRPCLwyuIMQH" url="jdbc:oracle:thin:@adt-scaler1.us.oracle.com:1521:adt1010"/>
    </connection-pool>
    <managed-data-source name="jdev-connection-managed-hr" jndi-name="jdbc/hrDS" connection-pool-name="jdev-connection-pool-hr"/>
    <native-data-source name="jdev-connection-native-hr" jndi-name="jdbc/hrCoreDS" url="jdbc:oracle:thin:@adt-scaler1.us.oracle.com:1521:adt1010" user="hr" password="->DataBase_User_x55fdjTOl4S0WsAQpvrNJM_8iwf2qsQu" data-source-class="oracle.jdbc.pool.OracleDataSource"/>
    <connection-pool name="jdev-connection-pool-scott">
        <connection-factory factory-class="oracle.jdbc.pool.OracleDataSource" user="smuench" password="->DataBase_User_pVZPyL6D3-U6ewKs0nY9CFBWoEX-aIpz" url="jdbc:oracle:thin:@adt-scaler1.us.oracle.com:1521:adt1010"/>
    </connection-pool>
    <managed-data-source name="jdev-connection-managed-scott" jndi-name="jdbc/scottDS" connection-pool-name="jdev-connection-pool-scott"/>
    <native-data-source name="jdev-connection-native-scott" jndi-name="jdbc/scottCoreDS" url="jdbc:oracle:thin:@adt-scaler1.us.oracle.com:1521:adt1010" user="smuench" password="->DataBase_User__rYj_q_sSOLB_jTUNg9ZsPw0vBKmR71O" data-source-class="oracle.jdbc.pool.OracleDataSource"/>
    <connection-pool name="jdev-connection-pool-bug_adtscaler1">
        <connection-factory factory-class="oracle.jdbc.pool.OracleDataSource" user="bug" password="->DataBase_User_m_ArcXTUP76fk3zP2jJkvCfRhZoijcjf" url="jdbc:oracle:thin:@adt-scaler1.us.oracle.com:1521:adt1010"/>
    </connection-pool>
    <managed-data-source name="jdev-connection-managed-bug_adtscaler1" jndi-name="jdbc/bug_adtscaler1DS" connection-pool-name="jdev-connection-pool-bug_adtscaler1"/>
    <native-data-source name="jdev-connection-native-bug_adtscaler1" jndi-name="jdbc/bug_adtscaler1CoreDS" url="jdbc:oracle:thin:@adt-scaler1.us.oracle.com:1521:adt1010" user="bug" password="->DataBase_User_NorbTtzaWAtYzpINmrbVzTEFDaKthNQX" data-source-class="oracle.jdbc.pool.OracleDataSource"/>
    <connection-pool name="jdev-connection-pool-pasiv-linux">
        <connection-factory factory-class="oracle.jdbc.pool.OracleDataSource" user="pasiv" password="->DataBase_User_AlnYO0EfHYmNlXCNircIR4mTMT89dq8j" url="jdbc:oracle:thin:@papicell-au2.au.oracle.com:1521:lnx102 "/>
    </connection-pool>
    <managed-data-source name="jdev-connection-managed-pasiv-linux" jndi-name="jdbc/pasiv-linuxDS" connection-pool-name="jdev-connection-pool-pasiv-linux"/>
    <native-data-source name="jdev-connection-native-pasiv-linux" jndi-name="jdbc/pasiv-linuxCoreDS" url="jdbc:oracle:thin:@papicell-au2.au.oracle.com:1521:lnx102 " user="pasiv" password="->DataBase_User_lY0W5c_1I_Dx-NH-xu8bN-Hpv7q1HPeU" data-source-class="oracle.jdbc.pool.OracleDataSource"/>
    <connection-pool name="jdev-connection-pool-toystore">
        <connection-factory factory-class="oracle.jdbc.pool.OracleDataSource" user="toystore" password="->DataBase_User_er41483-aW0CDOBLiP2XLK6MGZuq1XBd" url="jdbc:oracle:thin:@localhost:1521:ORCL"/>
    </connection-pool>
    <managed-data-source name="jdev-connection-managed-toystore" jndi-name="jdbc/toystoreDS" connection-pool-name="jdev-connection-pool-toystore"/>
    <native-data-source name="jdev-connection-native-toystore" jndi-name="jdbc/toystoreCoreDS" url="jdbc:oracle:thin:@localhost:1521:ORCL" user="toystore" password="->DataBase_User_m9goR4vTKhpo7_IPephW7G2-534tdOI3" data-source-class="oracle.jdbc.pool.OracleDataSource"/>
    <connection-pool name="jdev-connection-pool-toystore_statemgmt">
        <connection-factory factory-class="oracle.jdbc.pool.OracleDataSource" user="toystore_statemgmt" password="->DataBase_User_fKCq2YbB-TZGB-6CL18ir92iMfczmo_B" url="jdbc:oracle:thin:@localhost:1521:ORCL"/>
    </connection-pool>
    <managed-data-source name="jdev-connection-managed-toystore_statemgmt" jndi-name="jdbc/toystore_statemgmtDS" connection-pool-name="jdev-connection-pool-toystore_statemgmt"/>
    <native-data-source name="jdev-connection-native-toystore_statemgmt" jndi-name="jdbc/toystore_statemgmtCoreDS" url="jdbc:oracle:thin:@localhost:1521:ORCL" user="toystore_statemgmt" password="->DataBase_User_EWK3eq6eFNmRle3NOjLwkYQQ6q14xKsu" data-source-class="oracle.jdbc.pool.OracleDataSource"/>
    <connection-pool name="jdev-connection-pool-Refresh">
        <connection-factory factory-class="oracle.jdbc.pool.OracleDataSource" user="refresh" password="->DataBase_User_fydbkBIppYqtOut-NU1o351NnCyNEA8G" url="jdbc:oracle:thin:@rmtdchp3.us.oracle.com:1521:REF1023U"/>
    </connection-pool>
    <managed-data-source name="jdev-connection-managed-Refresh" jndi-name="jdbc/RefreshDS" connection-pool-name="jdev-connection-pool-Refresh"/>
    <native-data-source name="jdev-connection-native-Refresh" jndi-name="jdbc/RefreshCoreDS" url="jdbc:oracle:thin:@rmtdchp3.us.oracle.com:1521:REF1023U" user="refresh" password="->DataBase_User_ux7ByJQssBbCS_aIlydPYHA2fJ41qLSV" data-source-class="oracle.jdbc.pool.OracleDataSource"/>
    <connection-pool name="jdev-connection-pool-scottlocal">
        <connection-factory factory-class="oracle.jdbc.pool.OracleDataSource" user="scott" password="->DataBase_User_Oej-dvvWzPEQQ5sADuihTWxCeK1v4FQE" url="jdbc:oracle:thin:@localhost:1521:ORCL"/>
    </connection-pool>
    <managed-data-source name="jdev-connection-managed-scottlocal" jndi-name="jdbc/scottlocalDS" connection-pool-name="jdev-connection-pool-scottlocal"/>
    <native-data-source name="jdev-connection-native-scottlocal" jndi-name="jdbc/scottlocalCoreDS" url="jdbc:oracle:thin:@localhost:1521:ORCL" user="scott" password="->DataBase_User_p4J1tgjVl85DgBCWLQWklxOW5bo0L3Gv" data-source-class="oracle.jdbc.pool.OracleDataSource"/>
    <connection-pool name="jdev-connection-pool-system">
        <connection-factory factory-class="oracle.jdbc.pool.OracleDataSource" user="system" password="->DataBase_User_mdRnON-GqtzRiBjUTtwf4YD4e6GJpWcb" url="jdbc:oracle:thin:@localhost:1521:ORCL"/>
    </connection-pool>
    <managed-data-source name="jdev-connection-managed-system" jndi-name="jdbc/systemDS" connection-pool-name="jdev-connection-pool-system"/>
    <native-data-source name="jdev-connection-native-system" jndi-name="jdbc/systemCoreDS" url="jdbc:oracle:thin:@localhost:1521:ORCL" user="system" password="->DataBase_User_h7lXyzrNLZBqK86Hbj29Rx1w3Gh9S2RD" data-source-class="oracle.jdbc.pool.OracleDataSource"/>
    <connection-pool name="jdev-connection-pool-Rebill">
        <connection-factory factory-class="oracle.jdbc.pool.OracleDataSource" user="hr" password="->DataBase_User_TlU9T-MHas2I3pjASScc_78SQAXzObzc" url="jdbc:oracle:thin:@rmtdchp3.us.oracle.com:1521:REF1023U"/>
    </connection-pool>
    <managed-data-source name="jdev-connection-managed-Rebill" jndi-name="jdbc/RebillDS" connection-pool-name="jdev-connection-pool-Rebill"/>
    <native-data-source name="jdev-connection-native-Rebill" jndi-name="jdbc/RebillCoreDS" url="jdbc:oracle:thin:@rmtdchp3.us.oracle.com:1521:REF1023U" user="hr" password="->DataBase_User_eQ_TuYzKz7Vo4PKm_kRooWjkuKss8a2S" data-source-class="oracle.jdbc.pool.OracleDataSource"/>
</data-sources>
