<?xml version = '1.0' encoding = 'windows-1252' standalone = 'yes'?>
<jazn-data xmlns:xsi="http://www.w3.org/2001/XMLSchema-instance" xsi:noNamespaceSchemaLocation="http://xmlns.oracle.com/oracleas/schema/jazn-data-10_0.xsd" filepath="" OC4J_INSTANCE_ID="">
    <jazn-realm>
        <realm>
            <name>jazn.com</name>
            <users>
                <user>
                    <name>DataBase_User_gc_UExeyM3l2pNnEfWRdCLDXBveN9f74</name>
                    <credentials>{903}gc/UExeyM3l2pNnEfWRdCLDXBveN9f74</credentials>
                </user>
                <user>
                    <name>DataBase_User_IQdWah4CIWR8__MmIHqh4ySo9Re2iggt</name>
                    <credentials>{903}IQdWah4CIWR8//MmIHqh4ySo9Re2iggt</credentials>
                </user>
                <user>
                    <name>DataBase_User_yilfUPhOQOHw8MfOaS7AdfNDSYUb6yzF</name>
                    <credentials>{903}yilfUPhOQOHw8MfOaS7AdfNDSYUb6yzF</credentials>
                </user>
                <user>
                    <name>DataBase_User_bitheufAVIFoqpXeRRhp977zITlgI5fT</name>
                    <credentials>{903}bitheufAVIFoqpXeRRhp977zITlgI5fT</credentials>
                </user>
                <user>
                    <name>DataBase_User_u04obx5E5LdvB7U6_1lMjRPCLwyuIMQH</name>
                    <credentials>{903}u04obx5E5LdvB7U6/1lMjRPCLwyuIMQH</credentials>
                </user>
                <user>
                    <name>DataBase_User_x55fdjTOl4S0WsAQpvrNJM_8iwf2qsQu</name>
                    <credentials>{903}x55fdjTOl4S0WsAQpvrNJM/8iwf2qsQu</credentials>
                </user>
                <user>
                    <name>DataBase_User_pVZPyL6D3-U6ewKs0nY9CFBWoEX-aIpz</name>
                    <credentials>{903}pVZPyL6D3+U6ewKs0nY9CFBWoEX+aIpz</credentials>
                </user>
                <user>
                    <name>DataBase_User__rYj_q_sSOLB_jTUNg9ZsPw0vBKmR71O</name>
                    <credentials>{903}/rYj/q/sSOLB/jTUNg9ZsPw0vBKmR71O</credentials>
                </user>
                <user>
                    <name>DataBase_User_m_ArcXTUP76fk3zP2jJkvCfRhZoijcjf</name>
                    <credentials>{903}m/ArcXTUP76fk3zP2jJkvCfRhZoijcjf</credentials>
                </user>
                <user>
                    <name>DataBase_User_NorbTtzaWAtYzpINmrbVzTEFDaKthNQX</name>
                    <credentials>{903}NorbTtzaWAtYzpINmrbVzTEFDaKthNQX</credentials>
                </user>
                <user>
                    <name>DataBase_User_AlnYO0EfHYmNlXCNircIR4mTMT89dq8j</name>
                    <credentials>{903}AlnYO0EfHYmNlXCNircIR4mTMT89dq8j</credentials>
                </user>
                <user>
                    <name>DataBase_User_lY0W5c_1I_Dx-NH-xu8bN-Hpv7q1HPeU</name>
                    <credentials>{903}lY0W5c/1I/Dx+NH+xu8bN+Hpv7q1HPeU</credentials>
                </user>
                <user>
                    <name>DataBase_User_er41483-aW0CDOBLiP2XLK6MGZuq1XBd</name>
                    <credentials>{903}er41483+aW0CDOBLiP2XLK6MGZuq1XBd</credentials>
                </user>
                <user>
                    <name>DataBase_User_m9goR4vTKhpo7_IPephW7G2-534tdOI3</name>
                    <credentials>{903}m9goR4vTKhpo7/IPephW7G2+534tdOI3</credentials>
                </user>
                <user>
                    <name>DataBase_User_fKCq2YbB-TZGB-6CL18ir92iMfczmo_B</name>
                    <credentials>{903}fKCq2YbB+TZGB+6CL18ir92iMfczmo/B</credentials>
                </user>
                <user>
                    <name>DataBase_User_EWK3eq6eFNmRle3NOjLwkYQQ6q14xKsu</name>
                    <credentials>{903}EWK3eq6eFNmRle3NOjLwkYQQ6q14xKsu</credentials>
                </user>
                <user>
                    <name>DataBase_User_fydbkBIppYqtOut-NU1o351NnCyNEA8G</name>
                    <credentials>{903}fydbkBIppYqtOut+NU1o351NnCyNEA8G</credentials>
                </user>
                <user>
                    <name>DataBase_User_ux7ByJQssBbCS_aIlydPYHA2fJ41qLSV</name>
                    <credentials>{903}ux7ByJQssBbCS/aIlydPYHA2fJ41qLSV</credentials>
                </user>
                <user>
                    <name>DataBase_User_Oej-dvvWzPEQQ5sADuihTWxCeK1v4FQE</name>
                    <credentials>{903}Oej+dvvWzPEQQ5sADuihTWxCeK1v4FQE</credentials>
                </user>
                <user>
                    <name>DataBase_User_p4J1tgjVl85DgBCWLQWklxOW5bo0L3Gv</name>
                    <credentials>{903}p4J1tgjVl85DgBCWLQWklxOW5bo0L3Gv</credentials>
                </user>
                <user>
                    <name>DataBase_User_mdRnON-GqtzRiBjUTtwf4YD4e6GJpWcb</name>
                    <credentials>{903}mdRnON+GqtzRiBjUTtwf4YD4e6GJpWcb</credentials>
                </user>
                <user>
                    <name>DataBase_User_h7lXyzrNLZBqK86Hbj29Rx1w3Gh9S2RD</name>
                    <credentials>{903}h7lXyzrNLZBqK86Hbj29Rx1w3Gh9S2RD</credentials>
                </user>
                <user>
                    <name>DataBase_User_TlU9T-MHas2I3pjASScc_78SQAXzObzc</name>
                    <credentials>{903}TlU9T+MHas2I3pjASScc/78SQAXzObzc</credentials>
                </user>
                <user>
                    <name>DataBase_User_eQ_TuYzKz7Vo4PKm_kRooWjkuKss8a2S</name>
                    <credentials>{903}eQ/TuYzKz7Vo4PKm/kRooWjkuKss8a2S</credentials>
                </user>
            </users>
            <roles/>
        </realm>
    </jazn-realm>
</jazn-data>
