<?xml version="1.0" encoding="windows-1252" ?>
<!DOCTYPE ViewObject SYSTEM "jbo_03_01.dtd">
<!---->
<ViewObject
  xmlns="http://xmlns.oracle.com/bc4j"
  Name="AllObjectsResultsQuery"
  Version="11.1.1.61.92"
  InheritPersonalization="true"
  SelectList="AllObjects.OBJECT_NAME, 
       AllObjects.OBJECT_ID, 
       AllObjects.OBJECT_TYPE, 
       AllObjects.OWNER, 
       AllObjects.STATUS"
  FromList="ALL_OBJECTS AllObjects"
  OrderBy="AllObjects.OBJECT_NAME"
  BindingStyle="OracleName"
  CustomQuery="false"
  RowClass="oracle.demo.model.queries.AllObjectsResultsQueryRowImpl"
  ComponentClass="oracle.demo.model.queries.AllObjectsResultsQueryImpl"
  PageIterMode="Full"
  UseGlueCode="false">
  <DesignTime>
    <Attr Name="_codeGenFlag2" Value="Access|Coll|VarAccess"/>
    <Attr Name="_isCodegen" Value="true"/>
  </DesignTime>
  <Properties>
    <SchemaBasedProperties>
      <LABEL
        ResId="oracle.demo.model.queries.AllObjectsResultsQuery_LABEL"/>
    </SchemaBasedProperties>
  </Properties>
  <Variable
    Name="searchTerm"
    Kind="viewcriteria"
    Type="java.lang.String">
    <Properties>
      <SchemaBasedProperties>
        <LABEL
          ResId="oracle.demo.model.queries.AllObjectsResultsQuery.searchTerm_LABEL"/>
        <DISPLAYWIDTH
          Value="40"/>
      </SchemaBasedProperties>
    </Properties>
  </Variable>
  <EntityUsage
    Name="AllObjects"
    Entity="oracle.demo.model.entities.AllObjects"
    ReadOnly="true"
    DeleteParticipant="false"/>
  <ViewAttribute
    Name="ObjectName"
    IsUpdateable="false"
    IsNotNull="true"
    PrecisionRule="true"
    EntityAttrName="ObjectName"
    EntityUsage="AllObjects"
    AliasName="OBJECT_NAME"/>
  <ViewAttribute
    Name="ObjectId"
    IsNotNull="true"
    PrecisionRule="true"
    EntityAttrName="ObjectId"
    EntityUsage="AllObjects"
    AliasName="OBJECT_ID"/>
  <ViewAttribute
    Name="ObjectType"
    PrecisionRule="true"
    EntityAttrName="ObjectType"
    EntityUsage="AllObjects"
    AliasName="OBJECT_TYPE"/>
  <ViewAttribute
    Name="Owner"
    IsNotNull="true"
    PrecisionRule="true"
    EntityAttrName="Owner"
    EntityUsage="AllObjects"
    AliasName="OWNER"/>
  <ViewAttribute
    Name="Status"
    PrecisionRule="true"
    EntityAttrName="Status"
    EntityUsage="AllObjects"
    AliasName="STATUS"/>
  <ViewCriteria
    Name="AllObjectsResultsQueryCriteria"
    ViewObjectName="oracle.demo.model.queries.AllObjectsResultsQuery"
    Conjunction="AND">
    <Properties>
      <CustomProperties>
        <Property
          Name="displayOperators"
          Value="InAdvancedMode"/>
        <Property
          Name="autoExecute"
          Value="false"/>
        <Property
          Name="showInList"
          Value="true"/>
        <Property
          Name="allowConjunctionOverride"
          Value="true"/>
        <Property
          Name="mode"
          Value="Basic"/>
      </CustomProperties>
    </Properties>
    <ViewCriteriaRow
      Name="vcrow0"
      UpperColumns="1">
      <ViewCriteriaItem
        Name="ObjectName"
        ViewAttribute="ObjectName"
        Operator="CONTAINS"
        Conjunction="AND"
        Value=":searchTerm"
        IsBindVarValue="true"
        Required="Optional"/>
    </ViewCriteriaRow>
  </ViewCriteria>
  <ViewCriteria
    Name="AutoSuggestStartsWith"
    ViewObjectName="oracle.demo.model.queries.AllObjectsResultsQuery"
    Conjunction="AND">
    <Properties>
      <CustomProperties>
        <Property
          Name="displayOperators"
          Value="InAdvancedMode"/>
        <Property
          Name="autoExecute"
          Value="false"/>
        <Property
          Name="showInList"
          Value="true"/>
        <Property
          Name="allowConjunctionOverride"
          Value="true"/>
        <Property
          Name="mode"
          Value="Basic"/>
      </CustomProperties>
    </Properties>
    <ViewCriteriaRow
      Name="vcrow4"
      UpperColumns="1">
      <ViewCriteriaItem
        Name="ObjectName"
        ViewAttribute="ObjectName"
        Operator="STARTSWITH"
        Conjunction="AND"
        Value=":searchTerm"
        IsBindVarValue="true"
        Required="Optional"/>
    </ViewCriteriaRow>
  </ViewCriteria>
  <ResourceBundle>
    <PropertiesBundle
      PropertiesFile="oracle.demo.model.ModelBundle"/>
  </ResourceBundle>
</ViewObject>
