<?xml version = '1.0' encoding = 'windows-1252' standalone = 'yes'?>
<jazn-data xmlns:xsi="http://www.w3.org/2001/XMLSchema-instance" xsi:noNamespaceSchemaLocation="http://xmlns.oracle.com/oracleas/schema/jazn-data-10_0.xsd" filepath="" OC4J_INSTANCE_ID="">
    <jazn-realm>
        <realm>
            <name>jazn.com</name>
            <users>
                <user>
                    <name>DataBase_User_pe31X22O5pfm7kY1HstJiX0-4jcu8j0w</name>
                    <credentials>{903}pe31X22O5pfm7kY1HstJiX0+4jcu8j0w</credentials>
                </user>
                <user>
                    <name>DataBase_User_TuKKpqDvuH1QfpXVQAtkcx4szWGAVK3G</name>
                    <credentials>{903}TuKKpqDvuH1QfpXVQAtkcx4szWGAVK3G</credentials>
                </user>
                <user>
                    <name>DataBase_User_XHvss-iMWoYlGKzbgnNxi6JpmqRSgU2w</name>
                    <credentials>{903}XHvss+iMWoYlGKzbgnNxi6JpmqRSgU2w</credentials>
                </user>
                <user>
                    <name>DataBase_User_2sMT8rpPJr2FeOkoFZ3vJW4zfbQ31LPt</name>
                    <credentials>{903}2sMT8rpPJr2FeOkoFZ3vJW4zfbQ31LPt</credentials>
                </user>
                <user>
                    <name>DataBase_User_alK8lqasXzShTr7apItlCY5wJbqMBr7U</name>
                    <credentials>{903}alK8lqasXzShTr7apItlCY5wJbqMBr7U</credentials>
                </user>
                <user>
                    <name>DataBase_User_AUMdXVN2ozgpEJpfRvIvWkYvmWnFZb_j</name>
                    <credentials>{903}AUMdXVN2ozgpEJpfRvIvWkYvmWnFZb/j</credentials>
                </user>
                <user>
                    <name>DataBase_User_Vl-kP0CRsLS4IjplNaGRYogPD51dh_b6</name>
                    <credentials>{903}Vl+kP0CRsLS4IjplNaGRYogPD51dh/b6</credentials>
                </user>
                <user>
                    <name>DataBase_User_wtDYp_D9X8yCpat2-bUPUtXP4wWgyG4e</name>
                    <credentials>{903}wtDYp/D9X8yCpat2+bUPUtXP4wWgyG4e</credentials>
                </user>
                <user>
                    <name>DataBase_User_XdVifdygCpRQWOnZDhUjD34vj32HSGp5</name>
                    <credentials>{903}XdVifdygCpRQWOnZDhUjD34vj32HSGp5</credentials>
                </user>
                <user>
                    <name>DataBase_User_YR6VLoB64iI3vpwO4Pjm90ZP7V17nKx8</name>
                    <credentials>{903}YR6VLoB64iI3vpwO4Pjm90ZP7V17nKx8</credentials>
                </user>
            </users>
            <roles/>
        </realm>
    </jazn-realm>
</jazn-data>
