<?xml version = '1.0' encoding = 'windows-1252'?>
<data-sources xmlns:xsi="http://www.w3.org/2001/XMLSchema-instance" xsi:noNamespaceSchemaLocation="http://xmlns.oracle.com/oracleas/schema/data-sources-10_1.xsd" xmlns="http://xmlns.oracle.com/oracleas/schema">
    <connection-pool name="jdev-connection-pool-SRDemo">
        <connection-factory factory-class="oracle.jdbc.pool.OracleDataSource" user="SRDEMO" password="->DataBase_User_pe31X22O5pfm7kY1HstJiX0-4jcu8j0w" url="jdbc:oracle:thin:@localhost:1521:ORCL"/>
    </connection-pool>
    <managed-data-source name="jdev-connection-managed-SRDemo" jndi-name="jdbc/SRDemoDS" connection-pool-name="jdev-connection-pool-SRDemo"/>
    <native-data-source name="jdev-connection-native-SRDemo" jndi-name="jdbc/SRDemoCoreDS" url="jdbc:oracle:thin:@localhost:1521:ORCL" user="SRDEMO" password="->DataBase_User_TuKKpqDvuH1QfpXVQAtkcx4szWGAVK3G" data-source-class="oracle.jdbc.pool.OracleDataSource"/>
    <connection-pool name="jdev-connection-pool-bug_adtscaler1">
        <connection-factory factory-class="oracle.jdbc.pool.OracleDataSource" user="bug" password="->DataBase_User_XHvss-iMWoYlGKzbgnNxi6JpmqRSgU2w" url="jdbc:oracle:thin:@adt-scaler1.us.oracle.com:1521:adt1010"/>
    </connection-pool>
    <managed-data-source name="jdev-connection-managed-bug_adtscaler1" jndi-name="jdbc/bug_adtscaler1DS" connection-pool-name="jdev-connection-pool-bug_adtscaler1"/>
    <native-data-source name="jdev-connection-native-bug_adtscaler1" jndi-name="jdbc/bug_adtscaler1CoreDS" url="jdbc:oracle:thin:@adt-scaler1.us.oracle.com:1521:adt1010" user="bug" password="->DataBase_User_2sMT8rpPJr2FeOkoFZ3vJW4zfbQ31LPt" data-source-class="oracle.jdbc.pool.OracleDataSource"/>
    <connection-pool name="jdev-connection-pool-hr">
        <connection-factory factory-class="oracle.jdbc.pool.OracleDataSource" user="hr" password="->DataBase_User_alK8lqasXzShTr7apItlCY5wJbqMBr7U" url="jdbc:oracle:thin:@localhost:1521:ORCL"/>
    </connection-pool>
    <managed-data-source name="jdev-connection-managed-hr" jndi-name="jdbc/hrDS" connection-pool-name="jdev-connection-pool-hr"/>
    <native-data-source name="jdev-connection-native-hr" jndi-name="jdbc/hrCoreDS" url="jdbc:oracle:thin:@localhost:1521:ORCL" user="hr" password="->DataBase_User_AUMdXVN2ozgpEJpfRvIvWkYvmWnFZb_j" data-source-class="oracle.jdbc.pool.OracleDataSource"/>
    <connection-pool name="jdev-connection-pool-bug">
        <connection-factory factory-class="oracle.jdbc.pool.OracleDataSource" user="bug" password="->DataBase_User_Vl-kP0CRsLS4IjplNaGRYogPD51dh_b6" url="jdbc:oracle:thin:@localhost:1521:ORCL"/>
    </connection-pool>
    <managed-data-source name="jdev-connection-managed-bug" jndi-name="jdbc/bugDS" connection-pool-name="jdev-connection-pool-bug"/>
    <native-data-source name="jdev-connection-native-bug" jndi-name="jdbc/bugCoreDS" url="jdbc:oracle:thin:@localhost:1521:ORCL" user="bug" password="->DataBase_User_wtDYp_D9X8yCpat2-bUPUtXP4wWgyG4e" data-source-class="oracle.jdbc.pool.OracleDataSource"/>
    <connection-pool name="jdev-connection-pool-scott">
        <connection-factory factory-class="oracle.jdbc.pool.OracleDataSource" user="scott" password="->DataBase_User_XdVifdygCpRQWOnZDhUjD34vj32HSGp5" url="jdbc:oracle:thin:@localhost:1521:orcl"/>
    </connection-pool>
    <managed-data-source name="jdev-connection-managed-scott" jndi-name="jdbc/scottDS" connection-pool-name="jdev-connection-pool-scott"/>
    <native-data-source name="jdev-connection-native-scott" jndi-name="jdbc/scottCoreDS" url="jdbc:oracle:thin:@localhost:1521:orcl" user="scott" password="->DataBase_User_YR6VLoB64iI3vpwO4Pjm90ZP7V17nKx8" data-source-class="oracle.jdbc.pool.OracleDataSource"/>
</data-sources>
