<?xml version='1.0' encoding='windows-1252' ?>
<!DOCTYPE ViewObject SYSTEM "jbo_03_01.dtd">

<ViewObject
   Name="EmpView"
   SelectList="Emp.EMPNO, 
       Emp.ENAME, 
       Emp.JOB, 
       Emp.MGR, 
       Emp.HIREDATE, 
       Emp.SAL, 
       Emp.COMM, 
       Dept.DNAME, 
       Dept.LOC, 
       Emp.DEPTNO, 
       Dept.DEPTNO AS DEPTNO1"
   FromList="EMP Emp, DEPT Dept"
   Where="Emp.DEPTNO = Dept.DEPTNO"
   BindingStyle="Oracle"
   CustomQuery="false"
   RowClass="demo.model.dataaccess.EmpViewRowImpl"
   MsgBundleClass="oracle.jbo.common.JboResourceBundle"
   UseGlueCode="false" >
   <DesignTime>
      <Attr Name="_isCodegen" Value="true" />
      <Attr Name="_version" Value="10.1.2.17.96" />
      <Attr Name="_codeGenFlag2" Value="Access" />
      <Attr Name="_isExpertMode" Value="false" />
   </DesignTime>
   <EntityUsage
      Name="Emp"
      Entity="demo.model.businessobjects.Emp" >
      <DesignTime>
         <Attr Name="_EntireObjectTable" Value="false" />
         <Attr Name="_queryClause" Value="false" />
      </DesignTime>
   </EntityUsage>
   <EntityUsage
      Name="Dept"
      Entity="demo.model.businessobjects.Dept"
      Association="demo.model.businessobjects.WorksInDeptAssoc"
      AssociationEnd="demo.model.businessobjects.WorksInDeptAssoc.Dept"
      SourceUsage="demo.model.dataaccess.EmpView.Emp"
      ReadOnly="true"
      Reference="true" >
      <DesignTime>
         <Attr Name="_EntireObjectTable" Value="false" />
         <Attr Name="_queryClause" Value="false" />
         <AttrArray Name="_srcAttributes">
            <Item Value="demo.model.businessobjects.Emp.Deptno" />
         </AttrArray>
         <AttrArray Name="_dstAttributes">
            <Item Value="demo.model.businessobjects.Dept.Deptno" />
         </AttrArray>
      </DesignTime>
   </EntityUsage>
   <ViewAttribute
      Name="Empno"
      IsNotNull="true"
      PrecisionRule="true"
      EntityAttrName="Empno"
      EntityUsage="Emp"
      AliasName="EMPNO" >
   </ViewAttribute>
   <ViewAttribute
      Name="Ename"
      PrecisionRule="true"
      EntityAttrName="Ename"
      EntityUsage="Emp"
      AliasName="ENAME" >
   </ViewAttribute>
   <ViewAttribute
      Name="Job"
      PrecisionRule="true"
      EntityAttrName="Job"
      EntityUsage="Emp"
      AliasName="JOB" >
   </ViewAttribute>
   <ViewAttribute
      Name="Mgr"
      PrecisionRule="true"
      EntityAttrName="Mgr"
      EntityUsage="Emp"
      AliasName="MGR" >
   </ViewAttribute>
   <ViewAttribute
      Name="Hiredate"
      PrecisionRule="true"
      EntityAttrName="Hiredate"
      EntityUsage="Emp"
      AliasName="HIREDATE" >
   </ViewAttribute>
   <ViewAttribute
      Name="Sal"
      PrecisionRule="true"
      EntityAttrName="Sal"
      EntityUsage="Emp"
      AliasName="SAL" >
   </ViewAttribute>
   <ViewAttribute
      Name="Comm"
      PrecisionRule="true"
      EntityAttrName="Comm"
      EntityUsage="Emp"
      AliasName="COMM" >
   </ViewAttribute>
   <ViewAttribute
      Name="Dname"
      PrecisionRule="true"
      EntityAttrName="Dname"
      EntityUsage="Dept"
      AliasName="DNAME" >
   </ViewAttribute>
   <ViewAttribute
      Name="Loc"
      PrecisionRule="true"
      EntityAttrName="Loc"
      EntityUsage="Dept"
      AliasName="LOC" >
   </ViewAttribute>
   <ViewAttribute
      Name="Deptno"
      PrecisionRule="true"
      EntityAttrName="Deptno"
      EntityUsage="Emp"
      AliasName="DEPTNO" >
   </ViewAttribute>
   <ViewAttribute
      Name="ReferencedDeptno"
      IsNotNull="true"
      PrecisionRule="true"
      EntityAttrName="Deptno"
      EntityUsage="Dept"
      AliasName="DEPTNO1" >
   </ViewAttribute>
</ViewObject>
