<?xml version='1.0' encoding='windows-1252' ?>
<!DOCTYPE ViewObject SYSTEM "jbo_03_01.dtd">

<ViewObject
   Name="LookupDeptnoByDname"
   BindingStyle="Oracle"
   CustomQuery="true"
   MsgBundleClass="oracle.jbo.common.JboResourceBundle"
   UseGlueCode="false" >
   <SQLQuery><![CDATA[
select deptno
from dept
where upper(dname) = :1
   ]]></SQLQuery>
   <DesignTime>
      <Attr Name="_version" Value="10.1.2.17.96" />
      <Attr Name="_codeGenFlag2" Value="Access" />
      <Attr Name="_isExpertMode" Value="true" />
   </DesignTime>
   <ViewAttribute
      Name="Deptno"
      IsPersistent="false"
      IsNotNull="true"
      PrecisionRule="true"
      Precision="2"
      Scale="0"
      Type="oracle.jbo.domain.Number"
      ColumnType="NUMBER"
      AliasName="DEPTNO"
      Expression="DEPTNO"
      SQLType="NUMERIC" >
      <DesignTime>
         <Attr Name="_DisplaySize" Value="22" />
      </DesignTime>
   </ViewAttribute>
</ViewObject>
