<?xml version = '1.0' encoding = 'windows-1252'?>
<!DOCTYPE data-sources PUBLIC "Orion data-sources" "http://xmlns.oracle.com/ias/dtds/data-sources.dtd">
<data-sources>
  <data-source name="jdev-connection-toystore" class="com.evermind.sql.DriverManagerDataSource" location="jdbc/toystoreCoreDS" xa-location="jdbc/xa/toystoreXADS" ejb-location="jdbc/toystoreDS" pooled-location="jdbc/toystorePooledDS" connection-driver="oracle.jdbc.driver.OracleDriver" username="toystore" password="toystore" url="jdbc:oracle:thin:@localhost:1521:ORCL" inactivity-timeout="30"/>
  <data-source name="jdev-connection-toystore_statemgmt" class="com.evermind.sql.DriverManagerDataSource" location="jdbc/toystore_statemgmtCoreDS" xa-location="jdbc/xa/toystore_statemgmtXADS" ejb-location="jdbc/toystore_statemgmtDS" pooled-location="jdbc/toystore_statemgmtPooledDS" connection-driver="oracle.jdbc.driver.OracleDriver" username="toystore_statemgmt" password="toystore" url="jdbc:oracle:thin:@localhost:1521:ORCL" inactivity-timeout="30"/>
  <data-source name="jdev-connection-pdws3" class="com.evermind.sql.DriverManagerDataSource" location="jdbc/pdws3CoreDS" xa-location="jdbc/xa/pdws3XADS" ejb-location="jdbc/pdws3DS" pooled-location="jdbc/pdws3PooledDS" connection-driver="oracle.jdbc.driver.OracleDriver" username="scott" password="tiger" url="jdbc:oracle:thin:@pdws3.it.oracle.com:1521:ORCL" inactivity-timeout="30"/>
  <data-source name="jdev-connection-oe" class="com.evermind.sql.DriverManagerDataSource" location="jdbc/oeCoreDS" xa-location="jdbc/xa/oeXADS" ejb-location="jdbc/oeDS" pooled-location="jdbc/oePooledDS" connection-driver="oracle.jdbc.driver.OracleDriver" username="oe" password="oe" url="jdbc:oracle:thin:@localhost:1521:ORCL" inactivity-timeout="30"/>
  <data-source name="jdev-connection-ws" class="com.evermind.sql.DriverManagerDataSource" location="jdbc/wsCoreDS" xa-location="jdbc/xa/wsXADS" ejb-location="jdbc/wsDS" pooled-location="jdbc/wsPooledDS" connection-driver="oracle.jdbc.driver.OracleDriver" username="ws" password="ws" url="jdbc:oracle:thin:@guido.au.oracle.com:1521:ORA92" inactivity-timeout="30"/>
  <data-source name="jdev-connection-hr" class="com.evermind.sql.DriverManagerDataSource" location="jdbc/hrCoreDS" xa-location="jdbc/xa/hrXADS" ejb-location="jdbc/hrDS" pooled-location="jdbc/hrPooledDS" connection-driver="oracle.jdbc.driver.OracleDriver" username="hr" password="hr" url="jdbc:oracle:thin:@localhost:1521:ORCL" inactivity-timeout="30"/>
  <data-source name="jdev-connection-scott" class="com.evermind.sql.DriverManagerDataSource" location="jdbc/scottCoreDS" xa-location="jdbc/xa/scottXADS" ejb-location="jdbc/scottDS" pooled-location="jdbc/scottPooledDS" connection-driver="oracle.jdbc.driver.OracleDriver" username="scott" password="tiger" url="jdbc:oracle:thin:@localhost:1521:ORCL" inactivity-timeout="30"/>
  <data-source name="jdev-connection-shuttle" class="com.evermind.sql.DriverManagerDataSource" location="jdbc/shuttleCoreDS" xa-location="jdbc/xa/shuttleXADS" ejb-location="jdbc/shuttleDS" pooled-location="jdbc/shuttlePooledDS" connection-driver="oracle.jdbc.driver.OracleDriver" username="scott" password="tiger" url="jdbc:oracle:thin:@130.35.103.151:1521:orcl" inactivity-timeout="30"/>
  <data-source name="jdev-connection-smartaleck" class="com.evermind.sql.DriverManagerDataSource" location="jdbc/smartaleckCoreDS" xa-location="jdbc/xa/smartaleckXADS" ejb-location="jdbc/smartaleckDS" pooled-location="jdbc/smartaleckPooledDS" connection-driver="oracle.jdbc.driver.OracleDriver" username="task" password="taskapp" url="jdbc:oracle:thin:@jtdb-sun.us.oracle.com:1521:jtorcl" inactivity-timeout="30"/>
  <data-source name="jdev-connection-8174" class="com.evermind.sql.DriverManagerDataSource" location="jdbc/8174CoreDS" xa-location="jdbc/xa/8174XADS" ejb-location="jdbc/8174DS" pooled-location="jdbc/8174PooledDS" connection-driver="oracle.jdbc.driver.OracleDriver" username="scott" password="tiger" url="jdbc:oracle:thin:@appsqa1-sun:1521:adtqa817" inactivity-timeout="30"/>
  <data-source name="jdev-connection-jtapps" class="com.evermind.sql.DriverManagerDataSource" location="jdbc/jtappsCoreDS" xa-location="jdbc/xa/jtappsXADS" ejb-location="jdbc/jtappsDS" pooled-location="jdbc/jtappsPooledDS" connection-driver="oracle.jdbc.driver.OracleDriver" username="task" password="taskapp" url="jdbc:oracle:thin:@jtdb-sun.us.oracle.com:1521:jtorcl" inactivity-timeout="30"/>
  <data-source name="jdev-connection-mctest" class="com.evermind.sql.DriverManagerDataSource" location="jdbc/mctestCoreDS" xa-location="jdbc/xa/mctestXADS" ejb-location="jdbc/mctestDS" pooled-location="jdbc/mctestPooledDS" connection-driver="oracle.jdbc.driver.OracleDriver" username="mc_test" password="mc_test" url="jdbc:oracle:thin:@localhost:1521:ORCL" inactivity-timeout="30"/>
</data-sources>
