<?xml version = '1.0' encoding = 'windows-1252' standalone = 'yes'?>
<jazn-data xmlns:xsi="http://www.w3.org/2001/XMLSchema-instance" xsi:noNamespaceSchemaLocation="http://xmlns.oracle.com/oracleas/schema/jazn-data-10_0.xsd" filepath="" OC4J_INSTANCE_ID="">
    <jazn-realm>
        <realm>
            <name>jazn.com</name>
            <users>
                <user>
                    <name>DataBase_User_InBl7veVKZw-O-NV4jdldEyPPfXRijZl</name>
                    <credentials>{903}InBl7veVKZw+O+NV4jdldEyPPfXRijZl</credentials>
                </user>
                <user>
                    <name>DataBase_User_J76ZXEKD3rN2SvU2BuJaxWB9IoAGPiRj</name>
                    <credentials>{903}J76ZXEKD3rN2SvU2BuJaxWB9IoAGPiRj</credentials>
                </user>
                <user>
                    <name>DataBase_User_hUvuWR_XCI8fICCXjeKggk0y5cun1EiM</name>
                    <credentials>{903}hUvuWR/XCI8fICCXjeKggk0y5cun1EiM</credentials>
                </user>
                <user>
                    <name>DataBase_User_peQmzzIolxNANEBk_07SLQZEm-v2tRF9</name>
                    <credentials>{903}peQmzzIolxNANEBk/07SLQZEm+v2tRF9</credentials>
                </user>
                <user>
                    <name>DataBase_User__L59wjKcIX00tyn3gHVfQ8CmBtxMjGkX</name>
                    <credentials>{903}/L59wjKcIX00tyn3gHVfQ8CmBtxMjGkX</credentials>
                </user>
                <user>
                    <name>DataBase_User_KdxH8JpL-4uWdFNMo3lb9r4xazBfDaZS</name>
                    <credentials>{903}KdxH8JpL+4uWdFNMo3lb9r4xazBfDaZS</credentials>
                </user>
                <user>
                    <name>DataBase_User_G4xNVClA0262_fx2Fl1tfkAXqAO-xL-F</name>
                    <credentials>{903}G4xNVClA0262/fx2Fl1tfkAXqAO+xL+F</credentials>
                </user>
                <user>
                    <name>DataBase_User_HaVUiXTPJ6n4cyXtktcqX9ns9hE4PZV8</name>
                    <credentials>{903}HaVUiXTPJ6n4cyXtktcqX9ns9hE4PZV8</credentials>
                </user>
                <user>
                    <name>DataBase_User_6n0GYmncB-I703t26vPc9JaArONnXwKv</name>
                    <credentials>{903}6n0GYmncB+I703t26vPc9JaArONnXwKv</credentials>
                </user>
                <user>
                    <name>DataBase_User_naMKjLE7n-WLP20Wdi23zxi-WGSa1UeD</name>
                    <credentials>{903}naMKjLE7n+WLP20Wdi23zxi+WGSa1UeD</credentials>
                </user>
            </users>
            <roles/>
        </realm>
    </jazn-realm>
</jazn-data>
