<?xml version = '1.0' encoding = 'windows-1252' standalone = 'yes'?>
<jazn-data xmlns:xsi="http://www.w3.org/2001/XMLSchema-instance" xsi:noNamespaceSchemaLocation="http://xmlns.oracle.com/oracleas/schema/jazn-data-10_0.xsd" filepath="" OC4J_INSTANCE_ID="">
  <jazn-realm>
    <realm>
      <name>jazn.com</name>
      <users>
        <user>
          <name>DataBase_User_wFKe75TqoKmcF-s0xEBgjhorTQRnpsY7</name>
          <credentials>{903}wFKe75TqoKmcF+s0xEBgjhorTQRnpsY7</credentials>
        </user>
        <user>
          <name>DataBase_User_n3NpIiV7l68Qp-z1Z-3jLiYimx45P9JU</name>
          <credentials>{903}n3NpIiV7l68Qp+z1Z+3jLiYimx45P9JU</credentials>
        </user>
        <user>
          <name>DataBase_User_gVHdk_YPA8euZTm4cFuteVNOFKroUkEgXgAlLcsEYJk=</name>
          <credentials>{903}gVHdk/YPA8euZTm4cFuteVNOFKroUkEgXgAlLcsEYJk=</credentials>
        </user>
        <user>
          <name>DataBase_User_Gv-EXycdj3XAL1janQC_ZmEFspotLYJpGwpFj_1p648=</name>
          <credentials>{903}Gv+EXycdj3XAL1janQC/ZmEFspotLYJpGwpFj/1p648=</credentials>
        </user>
        <user>
          <name>DataBase_User_fIDeJuXKeOggmqu950ve1FvjQ067iTE7</name>
          <credentials>{903}fIDeJuXKeOggmqu950ve1FvjQ067iTE7</credentials>
        </user>
        <user>
          <name>DataBase_User_r4gBRu2KucL8zAS72B6s8AOj74yb3-dc</name>
          <credentials>{903}r4gBRu2KucL8zAS72B6s8AOj74yb3+dc</credentials>
        </user>
        <user>
          <name>DataBase_User_AUF2Ja0uyPx9vHS45Li_wLY0pqz-Kzqq</name>
          <credentials>{903}AUF2Ja0uyPx9vHS45Li/wLY0pqz+Kzqq</credentials>
        </user>
        <user>
          <name>DataBase_User_NSTJCyF3c3k0p1H5YjDSex3gF4WiW3UI</name>
          <credentials>{903}NSTJCyF3c3k0p1H5YjDSex3gF4WiW3UI</credentials>
        </user>
        <user>
          <name>DataBase_User_GNbVO2sTCT0YXilKNraO4XN2c6I5vW4_</name>
          <credentials>{903}GNbVO2sTCT0YXilKNraO4XN2c6I5vW4/</credentials>
        </user>
        <user>
          <name>DataBase_User_wzXtUK21DttAShLO0kAjNBEle31ATV1n</name>
          <credentials>{903}wzXtUK21DttAShLO0kAjNBEle31ATV1n</credentials>
        </user>
        <user>
          <name>DataBase_User_5U53_hXsDkFunS5-_kg0kBK4kkU-tGSv</name>
          <credentials>{903}5U53/hXsDkFunS5+/kg0kBK4kkU+tGSv</credentials>
        </user>
        <user>
          <name>DataBase_User_W67DqNJYD6OCpwuCJ8geFww5HswNaGBE</name>
          <credentials>{903}W67DqNJYD6OCpwuCJ8geFww5HswNaGBE</credentials>
        </user>
        <user>
          <name>DataBase_User_ZeRHdYFmlP_Wui3QcfY5Sru7uY0SKMR_</name>
          <credentials>{903}ZeRHdYFmlP/Wui3QcfY5Sru7uY0SKMR/</credentials>
        </user>
        <user>
          <name>DataBase_User_bk6BW0OGyEOGYrBhHxxCpmapi4a8prx4</name>
          <credentials>{903}bk6BW0OGyEOGYrBhHxxCpmapi4a8prx4</credentials>
        </user>
        <user>
          <name>DataBase_User_l1cTQt9AceHyzUb087yeWCOld3gx9y0u</name>
          <credentials>{903}l1cTQt9AceHyzUb087yeWCOld3gx9y0u</credentials>
        </user>
        <user>
          <name>DataBase_User_RqVUYttDD_PXTlkxFKwggT5tkcqzHMnJ</name>
          <credentials>{903}RqVUYttDD/PXTlkxFKwggT5tkcqzHMnJ</credentials>
        </user>
        <user>
          <name>DataBase_User_WmYaeIrxlTXiP2G1sSEnLOkMA0TflDr5</name>
          <credentials>{903}WmYaeIrxlTXiP2G1sSEnLOkMA0TflDr5</credentials>
        </user>
        <user>
          <name>DataBase_User_2OoyMCxrgEbuZ2r0tJNGdEpQkS1_AeuO</name>
          <credentials>{903}2OoyMCxrgEbuZ2r0tJNGdEpQkS1/AeuO</credentials>
        </user>
      </users>
      <roles/>
    </realm>
  </jazn-realm>
</jazn-data>
