<?xml version='1.0' encoding='windows-1252' ?>
<!DOCTYPE ViewObject SYSTEM "jbo_03_01.dtd">

<ViewObject
   Name="DepartmentDataFromXML"
   BindingStyle="OracleName"
   CustomQuery="true"
   ComponentClass="example.model.DepartmentDataFromXMLImpl"
   UseGlueCode="false" >
   <DesignTime>
      <Attr Name="_isExpertMode" Value="true" />
      <Attr Name="_version" Value="10.1.3.36.73" />
      <Attr Name="_codeGenFlag2" Value="Access|Coll|VarAccess" />
   </DesignTime>
   <Variable
      Name="xmltext"
      Kind="where"
      Type="java.lang.String"
      DefaultValue="&#60;ROWSET/&#62;" >
   </Variable>
   <SQLQuery><![CDATA[
select 
  to_number(extractValue(value(x),'/ROW/DEPTNO'))     as DEPTNO,
     substr(extractValue(value(x),'/ROW/DNAME'),1,10) as DNAME,
     substr(extractValue(value(x),'/ROW/LOC'),1,10)   as LOC
from 
  table(xmlsequence(extract(xmltype(:xmltext),'/ROWSET/ROW'))) x
   ]]></SQLQuery>
   <ViewAttribute
      Name="Deptno"
      IsUpdateable="false"
      IsPersistent="false"
      Type="oracle.jbo.domain.Number"
      ColumnType="NUMBER"
      AliasName="DEPTNO"
      Expression="DEPTNO"
      SQLType="NUMERIC" >
      <DesignTime>
         <Attr Name="_DisplaySize" Value="22" />
      </DesignTime>
   </ViewAttribute>
   <ViewAttribute
      Name="Dname"
      IsUpdateable="false"
      IsPersistent="false"
      Precision="10"
      Type="java.lang.String"
      ColumnType="VARCHAR2"
      AliasName="DNAME"
      Expression="DNAME"
      SQLType="VARCHAR" >
      <DesignTime>
         <Attr Name="_DisplaySize" Value="10" />
      </DesignTime>
   </ViewAttribute>
   <ViewAttribute
      Name="Loc"
      IsUpdateable="false"
      IsPersistent="false"
      Precision="10"
      Type="java.lang.String"
      ColumnType="VARCHAR2"
      AliasName="LOC"
      Expression="LOC"
      SQLType="VARCHAR" >
      <DesignTime>
         <Attr Name="_DisplaySize" Value="10" />
      </DesignTime>
   </ViewAttribute>
</ViewObject>
