<?xml version = '1.0' encoding = 'windows-1252'?>
<data-sources xmlns:xsi="http://www.w3.org/2001/XMLSchema-instance" xsi:noNamespaceSchemaLocation="http://xmlns.oracle.com/oracleas/schema/data-sources-10_1.xsd" xmlns="http://xmlns.oracle.com/oracleas/schema">
  <connection-pool name="jdev-connection-pool-toystore">
    <connection-factory factory-class="oracle.jdbc.pool.OracleDataSource" user="toystore" password="->DataBase_User_T_lts3jnzO-H06KiMN69UDR75xq-26FJ" url="jdbc:oracle:thin:@localhost:1521:ORCL"/>
  </connection-pool>
  <managed-data-source name="jdev-connection-managed-toystore" jndi-name="jdbc/toystoreDS" connection-pool-name="jdev-connection-pool-toystore"/>
  <native-data-source name="jdev-connection-native-toystore" jndi-name="jdbc/toystoreCoreDS" url="jdbc:oracle:thin:@localhost:1521:ORCL" user="toystore" password="->DataBase_User_6uIGRrrG2lk6dEh5Qr-m_GyCN8wA1ZV_" data-source-class="oracle.jdbc.pool.OracleDataSource"/>
  <connection-pool name="jdev-connection-pool-scott_at_pdws3">
    <connection-factory factory-class="oracle.jdbc.pool.OracleDataSource" user="scott" password="->DataBase_User_C-ekYIMcvK7IrsGgO6meg_1skfye075a" url="jdbc:oracle:thin:@pdws3.it.oracle.com:1521:ORCL"/>
  </connection-pool>
  <managed-data-source name="jdev-connection-managed-scott_at_pdws3" jndi-name="jdbc/scott_at_pdws3DS" connection-pool-name="jdev-connection-pool-scott_at_pdws3"/>
  <native-data-source name="jdev-connection-native-scott_at_pdws3" jndi-name="jdbc/scott_at_pdws3CoreDS" url="jdbc:oracle:thin:@pdws3.it.oracle.com:1521:ORCL" user="scott" password="->DataBase_User_d4_8Vl8mU9m2F5Pk8GGZJztFAMbnXLDs" data-source-class="oracle.jdbc.pool.OracleDataSource"/>
  <connection-pool name="jdev-connection-pool-rdbash01_ems">
    <connection-factory factory-class="oracle.jdbc.pool.OracleDataSource" user="scott" password="->DataBase_User_LmVGJUsrcRhLMDE3S_xiseV8BCVMKAcK" url="jdbc:oracle:thin:@localhost:1521:ORCL"/>
  </connection-pool>
  <managed-data-source name="jdev-connection-managed-rdbash01_ems" jndi-name="jdbc/rdbash01_emsDS" connection-pool-name="jdev-connection-pool-rdbash01_ems"/>
  <native-data-source name="jdev-connection-native-rdbash01_ems" jndi-name="jdbc/rdbash01_emsCoreDS" url="jdbc:oracle:thin:@localhost:1521:ORCL" user="scott" password="->DataBase_User_stcIBsgVAHbzQOAbxb_L_Wl34Ze9piE8" data-source-class="oracle.jdbc.pool.OracleDataSource"/>
  <connection-pool name="jdev-connection-pool-toystore_statemgmt">
    <connection-factory factory-class="oracle.jdbc.pool.OracleDataSource" user="toystore_statemgmt" password="->DataBase_User_Z2y0CnDAa0YS5lwokbHb3VmdgNFRozrS" url="jdbc:oracle:thin:@localhost:1521:ORCL"/>
  </connection-pool>
  <managed-data-source name="jdev-connection-managed-toystore_statemgmt" jndi-name="jdbc/toystore_statemgmtDS" connection-pool-name="jdev-connection-pool-toystore_statemgmt"/>
  <native-data-source name="jdev-connection-native-toystore_statemgmt" jndi-name="jdbc/toystore_statemgmtCoreDS" url="jdbc:oracle:thin:@localhost:1521:ORCL" user="toystore_statemgmt" password="->DataBase_User_NNaG2m1rYiYkiOGlXTBB1Xbwee3s174z" data-source-class="oracle.jdbc.pool.OracleDataSource"/>
  <connection-pool name="jdev-connection-pool-hr">
    <connection-factory factory-class="oracle.jdbc.pool.OracleDataSource" user="hr" password="->DataBase_User_b9hkvHjhqRHqRCpasd13Ttm0w2TauaOJ" url="jdbc:oracle:thin:@localhost:1521:orcl"/>
  </connection-pool>
  <managed-data-source name="jdev-connection-managed-hr" jndi-name="jdbc/hrDS" connection-pool-name="jdev-connection-pool-hr"/>
  <native-data-source name="jdev-connection-native-hr" jndi-name="jdbc/hrCoreDS" url="jdbc:oracle:thin:@localhost:1521:orcl" user="hr" password="->DataBase_User_rV_nnzRKgl9Y5kxYT93MpSOSh2hVJhS_" data-source-class="oracle.jdbc.pool.OracleDataSource"/>
  <connection-pool name="jdev-connection-pool-localscott2">
    <connection-factory factory-class="oracle.jdbc.pool.OracleDataSource" user="scott" password="->DataBase_User_N9Ua-2FRb1Zf8jGUGshCyE9iOsWeMxGj" url="jdbc:oracle:thin:@localhost:1521:ORCL"/>
  </connection-pool>
  <managed-data-source name="jdev-connection-managed-localscott2" jndi-name="jdbc/localscott2DS" connection-pool-name="jdev-connection-pool-localscott2"/>
  <native-data-source name="jdev-connection-native-localscott2" jndi-name="jdbc/localscott2CoreDS" url="jdbc:oracle:thin:@localhost:1521:ORCL" user="scott" password="->DataBase_User_MmZt9UfM2VkTGy2rHck0_nbe6xfWpr_z" data-source-class="oracle.jdbc.pool.OracleDataSource"/>
  <connection-pool name="jdev-connection-pool-scott">
    <connection-factory factory-class="oracle.jdbc.pool.OracleDataSource" user="smuench" password="->DataBase_User_eOiFvYAfaMxlfGK8g6xDpa8Kqyr-htAT" url="jdbc:oracle:thin:@adt-scaler1.us.oracle.com:1521:adt1010"/>
  </connection-pool>
  <managed-data-source name="jdev-connection-managed-scott" jndi-name="jdbc/scottDS" connection-pool-name="jdev-connection-pool-scott"/>
  <native-data-source name="jdev-connection-native-scott" jndi-name="jdbc/scottCoreDS" url="jdbc:oracle:thin:@adt-scaler1.us.oracle.com:1521:adt1010" user="smuench" password="->DataBase_User_Gr2BiXBuncRcCsHlpqByixbM-43IFgP3" data-source-class="oracle.jdbc.pool.OracleDataSource"/>
  <connection-pool name="jdev-connection-pool-fa">
    <connection-factory factory-class="oracle.jdbc.pool.OracleDataSource" user="fa" password="->DataBase_User_g4M-A-wh7Q8FjkAVU3bopmdDMAz3TMSu" url="jdbc:oracle:thin:@localhost:1521:ORCL"/>
  </connection-pool>
  <managed-data-source name="jdev-connection-managed-fa" jndi-name="jdbc/faDS" connection-pool-name="jdev-connection-pool-fa"/>
  <native-data-source name="jdev-connection-native-fa" jndi-name="jdbc/faCoreDS" url="jdbc:oracle:thin:@localhost:1521:ORCL" user="fa" password="->DataBase_User_-50M4oTF7GUtRaGJL8ECBLCHFpKV6VmY" data-source-class="oracle.jdbc.pool.OracleDataSource"/>
  <connection-pool name="jdev-connection-pool-SRDemo">
    <connection-factory factory-class="oracle.jdbc.pool.OracleDataSource" user="srdemo" password="->DataBase_User_qvr7pOSGrKSlCFGMq-z7RK1Pfm2LmiDV" url="jdbc:oracle:thin:@localhost:1521:ORCL"/>
  </connection-pool>
  <managed-data-source name="jdev-connection-managed-SRDemo" jndi-name="jdbc/SRDemoDS" connection-pool-name="jdev-connection-pool-SRDemo"/>
  <native-data-source name="jdev-connection-native-SRDemo" jndi-name="jdbc/SRDemoCoreDS" url="jdbc:oracle:thin:@localhost:1521:ORCL" user="srdemo" password="->DataBase_User_dgFAoIRisCSet3QnnHupiBfPFM-prsJO" data-source-class="oracle.jdbc.pool.OracleDataSource"/>
  <connection-pool name="jdev-connection-pool-bug">
    <connection-factory factory-class="oracle.jdbc.pool.OracleDataSource" user="bug" password="->DataBase_User_47WVcet6ggs2BEQrUrHv9EGYxChnlcrf" url="jdbc:oracle:thin:@localhost:1521:orcl"/>
  </connection-pool>
  <managed-data-source name="jdev-connection-managed-bug" jndi-name="jdbc/bugDS" connection-pool-name="jdev-connection-pool-bug"/>
  <native-data-source name="jdev-connection-native-bug" jndi-name="jdbc/bugCoreDS" url="jdbc:oracle:thin:@localhost:1521:orcl" user="bug" password="->DataBase_User_EotofK1-5oy_3ECpfqi_PLZ6r0KibirY" data-source-class="oracle.jdbc.pool.OracleDataSource"/>
  <connection-pool name="jdev-connection-pool-scott_idc">
    <connection-factory factory-class="oracle.jdbc.pool.OracleDataSource" user="scott" password="->DataBase_User_HMGmswqN8t08eAtopgQcIOJgCHyEYHim" url="jdbc:oracle:thin:@formslab-pc.idc.oracle.com:1521:XE"/>
  </connection-pool>
  <managed-data-source name="jdev-connection-managed-scott_idc" jndi-name="jdbc/scott_idcDS" connection-pool-name="jdev-connection-pool-scott_idc"/>
  <native-data-source name="jdev-connection-native-scott_idc" jndi-name="jdbc/scott_idcCoreDS" url="jdbc:oracle:thin:@formslab-pc.idc.oracle.com:1521:XE" user="scott" password="->DataBase_User_ZgyNbRUjOsfwPaZ_jIoprMSNpNTIeHd5" data-source-class="oracle.jdbc.pool.OracleDataSource"/>
</data-sources>
