<?xml version = '1.0' encoding = 'windows-1252' standalone = 'yes'?>
<jazn-data xmlns:xsi="http://www.w3.org/2001/XMLSchema-instance" xsi:noNamespaceSchemaLocation="http://xmlns.oracle.com/oracleas/schema/jazn-data-10_0.xsd" filepath="" OC4J_INSTANCE_ID="">
  <jazn-realm>
    <realm>
      <name>jazn.com</name>
      <users>
        <user>
          <name>DataBase_User_T_lts3jnzO-H06KiMN69UDR75xq-26FJ</name>
          <credentials>{903}T/lts3jnzO+H06KiMN69UDR75xq+26FJ</credentials>
        </user>
        <user>
          <name>DataBase_User_6uIGRrrG2lk6dEh5Qr-m_GyCN8wA1ZV_</name>
          <credentials>{903}6uIGRrrG2lk6dEh5Qr+m/GyCN8wA1ZV/</credentials>
        </user>
        <user>
          <name>DataBase_User_C-ekYIMcvK7IrsGgO6meg_1skfye075a</name>
          <credentials>{903}C+ekYIMcvK7IrsGgO6meg/1skfye075a</credentials>
        </user>
        <user>
          <name>DataBase_User_d4_8Vl8mU9m2F5Pk8GGZJztFAMbnXLDs</name>
          <credentials>{903}d4/8Vl8mU9m2F5Pk8GGZJztFAMbnXLDs</credentials>
        </user>
        <user>
          <name>DataBase_User_LmVGJUsrcRhLMDE3S_xiseV8BCVMKAcK</name>
          <credentials>{903}LmVGJUsrcRhLMDE3S/xiseV8BCVMKAcK</credentials>
        </user>
        <user>
          <name>DataBase_User_stcIBsgVAHbzQOAbxb_L_Wl34Ze9piE8</name>
          <credentials>{903}stcIBsgVAHbzQOAbxb/L/Wl34Ze9piE8</credentials>
        </user>
        <user>
          <name>DataBase_User_Z2y0CnDAa0YS5lwokbHb3VmdgNFRozrS</name>
          <credentials>{903}Z2y0CnDAa0YS5lwokbHb3VmdgNFRozrS</credentials>
        </user>
        <user>
          <name>DataBase_User_NNaG2m1rYiYkiOGlXTBB1Xbwee3s174z</name>
          <credentials>{903}NNaG2m1rYiYkiOGlXTBB1Xbwee3s174z</credentials>
        </user>
        <user>
          <name>DataBase_User_b9hkvHjhqRHqRCpasd13Ttm0w2TauaOJ</name>
          <credentials>{903}b9hkvHjhqRHqRCpasd13Ttm0w2TauaOJ</credentials>
        </user>
        <user>
          <name>DataBase_User_rV_nnzRKgl9Y5kxYT93MpSOSh2hVJhS_</name>
          <credentials>{903}rV/nnzRKgl9Y5kxYT93MpSOSh2hVJhS/</credentials>
        </user>
        <user>
          <name>DataBase_User_N9Ua-2FRb1Zf8jGUGshCyE9iOsWeMxGj</name>
          <credentials>{903}N9Ua+2FRb1Zf8jGUGshCyE9iOsWeMxGj</credentials>
        </user>
        <user>
          <name>DataBase_User_MmZt9UfM2VkTGy2rHck0_nbe6xfWpr_z</name>
          <credentials>{903}MmZt9UfM2VkTGy2rHck0/nbe6xfWpr/z</credentials>
        </user>
        <user>
          <name>DataBase_User_eOiFvYAfaMxlfGK8g6xDpa8Kqyr-htAT</name>
          <credentials>{903}eOiFvYAfaMxlfGK8g6xDpa8Kqyr+htAT</credentials>
        </user>
        <user>
          <name>DataBase_User_Gr2BiXBuncRcCsHlpqByixbM-43IFgP3</name>
          <credentials>{903}Gr2BiXBuncRcCsHlpqByixbM+43IFgP3</credentials>
        </user>
        <user>
          <name>DataBase_User_g4M-A-wh7Q8FjkAVU3bopmdDMAz3TMSu</name>
          <credentials>{903}g4M+A+wh7Q8FjkAVU3bopmdDMAz3TMSu</credentials>
        </user>
        <user>
          <name>DataBase_User_-50M4oTF7GUtRaGJL8ECBLCHFpKV6VmY</name>
          <credentials>{903}+50M4oTF7GUtRaGJL8ECBLCHFpKV6VmY</credentials>
        </user>
        <user>
          <name>DataBase_User_qvr7pOSGrKSlCFGMq-z7RK1Pfm2LmiDV</name>
          <credentials>{903}qvr7pOSGrKSlCFGMq+z7RK1Pfm2LmiDV</credentials>
        </user>
        <user>
          <name>DataBase_User_dgFAoIRisCSet3QnnHupiBfPFM-prsJO</name>
          <credentials>{903}dgFAoIRisCSet3QnnHupiBfPFM+prsJO</credentials>
        </user>
        <user>
          <name>DataBase_User_47WVcet6ggs2BEQrUrHv9EGYxChnlcrf</name>
          <credentials>{903}47WVcet6ggs2BEQrUrHv9EGYxChnlcrf</credentials>
        </user>
        <user>
          <name>DataBase_User_EotofK1-5oy_3ECpfqi_PLZ6r0KibirY</name>
          <credentials>{903}EotofK1+5oy/3ECpfqi/PLZ6r0KibirY</credentials>
        </user>
        <user>
          <name>DataBase_User_HMGmswqN8t08eAtopgQcIOJgCHyEYHim</name>
          <credentials>{903}HMGmswqN8t08eAtopgQcIOJgCHyEYHim</credentials>
        </user>
        <user>
          <name>DataBase_User_ZgyNbRUjOsfwPaZ_jIoprMSNpNTIeHd5</name>
          <credentials>{903}ZgyNbRUjOsfwPaZ/jIoprMSNpNTIeHd5</credentials>
        </user>
      </users>
      <roles/>
    </realm>
  </jazn-realm>
</jazn-data>
