<?xml version = '1.0' encoding = 'windows-1252' standalone = 'yes'?>
<jazn-data xmlns:xsi="http://www.w3.org/2001/XMLSchema-instance" xsi:noNamespaceSchemaLocation="http://xmlns.oracle.com/oracleas/schema/jazn-data-10_0.xsd" filepath="" OC4J_INSTANCE_ID="">
    <jazn-realm>
        <realm>
            <name>jazn.com</name>
            <users>
        <user>
          <name>DataBase_User_aCOhWOgm3ICiSXeWNAuO5rzSpnRdM268</name>
          <credentials>{903}aCOhWOgm3ICiSXeWNAuO5rzSpnRdM268</credentials>
        </user>
        <user>
          <name>DataBase_User_uxckh54UprGoxfhtMWmTw7KVZbfit_5d</name>
          <credentials>{903}uxckh54UprGoxfhtMWmTw7KVZbfit/5d</credentials>
        </user>
        <user>
          <name>DataBase_User_c6DvV9D7WvK5gW8CkRciD8VFMl1elITi</name>
          <credentials>{903}c6DvV9D7WvK5gW8CkRciD8VFMl1elITi</credentials>
        </user>
        <user>
          <name>DataBase_User_qv98VwUMapgJ0Ypcl0LAERocNZWpn55G</name>
          <credentials>{903}qv98VwUMapgJ0Ypcl0LAERocNZWpn55G</credentials>
        </user>
        <user>
          <name>DataBase_User_CXqQ0QgRrp-64mInnZnA9HoWJASby9QH</name>
          <credentials>{903}CXqQ0QgRrp+64mInnZnA9HoWJASby9QH</credentials>
        </user>
        <user>
          <name>DataBase_User_-x2p7JvL7UnzgqpU_L0RNYVPGPN5mPIw</name>
          <credentials>{903}+x2p7JvL7UnzgqpU/L0RNYVPGPN5mPIw</credentials>
        </user>
        <user>
          <name>DataBase_User_H0Bvlvff8vBtgw0Oa0OoiMSBEzANu8Be</name>
          <credentials>{903}H0Bvlvff8vBtgw0Oa0OoiMSBEzANu8Be</credentials>
        </user>
        <user>
          <name>DataBase_User_hjSA5BLqcxcvVuKowGlF2N2VjLW0p_Er</name>
          <credentials>{903}hjSA5BLqcxcvVuKowGlF2N2VjLW0p/Er</credentials>
        </user>
        <user>
          <name>DataBase_User_peFFV7-wxfU2qpsc6OZ7FRIGJLOu4gYZ</name>
          <credentials>{903}peFFV7+wxfU2qpsc6OZ7FRIGJLOu4gYZ</credentials>
        </user>
        <user>
          <name>DataBase_User_tN_yajeGJw3KfU1Gii5uBJi5t7AVC3eN</name>
          <credentials>{903}tN/yajeGJw3KfU1Gii5uBJi5t7AVC3eN</credentials>
        </user>
        <user>
          <name>DataBase_User_UEMJGPygx1oMzLQQifIVtigUuu5z5R98J_L7GrFfW44=</name>
          <credentials>{903}UEMJGPygx1oMzLQQifIVtigUuu5z5R98J/L7GrFfW44=</credentials>
        </user>
        <user>
          <name>DataBase_User_myqKIq3nxrpGGCTtknULngPrWoST-vTVtaoCkwPqq_8=</name>
          <credentials>{903}myqKIq3nxrpGGCTtknULngPrWoST+vTVtaoCkwPqq/8=</credentials>
        </user>
        <user>
          <name>DataBase_User_BMpekhE8wLPH61rz6e7fV_eejHcxvDjL</name>
          <credentials>{903}BMpekhE8wLPH61rz6e7fV/eejHcxvDjL</credentials>
        </user>
        <user>
          <name>DataBase_User_ZoHt5u2J7vXoZ0ptu0Y1PIOXHbqBU9F2</name>
          <credentials>{903}ZoHt5u2J7vXoZ0ptu0Y1PIOXHbqBU9F2</credentials>
        </user>
        <user>
          <name>DataBase_User_XsJ0aWRROR4jyxEndUzcWOPM8Fq5X1-1</name>
          <credentials>{903}XsJ0aWRROR4jyxEndUzcWOPM8Fq5X1+1</credentials>
        </user>
        <user>
          <name>DataBase_User_G--ZZo6P8PlRIQmI3oFXKJ5blLQcDP7a</name>
          <credentials>{903}G++ZZo6P8PlRIQmI3oFXKJ5blLQcDP7a</credentials>
        </user>
      </users>
            <roles/>
        </realm>
    </jazn-realm>
</jazn-data>
