<?xml version = '1.0' encoding = 'windows-1252' standalone = 'yes'?>
<jazn-data xmlns:xsi="http://www.w3.org/2001/XMLSchema-instance" xsi:noNamespaceSchemaLocation="http://xmlns.oracle.com/oracleas/schema/jazn-data-10_0.xsd" filepath="" OC4J_INSTANCE_ID="">
  <jazn-realm>
    <realm>
      <name>jazn.com</name>
      <users>
        <user>
          <name>DataBase_User_ks4sjD8FlbxgjGR5gbmSCmszeieYG3OI</name>
          <credentials>{903}ks4sjD8FlbxgjGR5gbmSCmszeieYG3OI</credentials>
        </user>
        <user>
          <name>DataBase_User_7_OPcgwmpiCiFs_Mpls7nURxrQRXCCCd</name>
          <credentials>{903}7/OPcgwmpiCiFs/Mpls7nURxrQRXCCCd</credentials>
        </user>
        <user>
          <name>DataBase_User_uS9YclEAZInbNcIYSsKLHPjXX304UjZS7Ii-_wYMM_A=</name>
          <credentials>{903}uS9YclEAZInbNcIYSsKLHPjXX304UjZS7Ii+/wYMM/A=</credentials>
        </user>
        <user>
          <name>DataBase_User_53z8Yduk3si1ufWs47PStQ-ad3I4PbG4XcjIl-UV31w=</name>
          <credentials>{903}53z8Yduk3si1ufWs47PStQ+ad3I4PbG4XcjIl+UV31w=</credentials>
        </user>
        <user>
          <name>DataBase_User_2jGs6UClMWLW1hIljgq_4u0paKRo0IFM</name>
          <credentials>{903}2jGs6UClMWLW1hIljgq/4u0paKRo0IFM</credentials>
        </user>
        <user>
          <name>DataBase_User_rgImaP9Tuvd3Ne1joSr2M6RkYO8mb938</name>
          <credentials>{903}rgImaP9Tuvd3Ne1joSr2M6RkYO8mb938</credentials>
        </user>
        <user>
          <name>DataBase_User_hETFPmXzvUBqyQaoLUjhDwOMOwfTsJPH</name>
          <credentials>{903}hETFPmXzvUBqyQaoLUjhDwOMOwfTsJPH</credentials>
        </user>
        <user>
          <name>DataBase_User_su6_ji7ejekQU_tnSnRsQmsdzm4rwmmC</name>
          <credentials>{903}su6/ji7ejekQU/tnSnRsQmsdzm4rwmmC</credentials>
        </user>
        <user>
          <name>DataBase_User_9QdKp8SX6GHsz1bh778_aJOUAvRxuuId</name>
          <credentials>{903}9QdKp8SX6GHsz1bh778/aJOUAvRxuuId</credentials>
        </user>
        <user>
          <name>DataBase_User_jSu9kfmGrX27o1A7wT9XNpvzOcppmmEh</name>
          <credentials>{903}jSu9kfmGrX27o1A7wT9XNpvzOcppmmEh</credentials>
        </user>
        <user>
          <name>DataBase_User_x0neEKhJxghzqhpzfqFIOwi8Ncbl_2xD</name>
          <credentials>{903}x0neEKhJxghzqhpzfqFIOwi8Ncbl/2xD</credentials>
        </user>
        <user>
          <name>DataBase_User_IsHAWFgEHW7hKS13dLzwPcj2pIdy4oAE</name>
          <credentials>{903}IsHAWFgEHW7hKS13dLzwPcj2pIdy4oAE</credentials>
        </user>
        <user>
          <name>DataBase_User_qc1tl575ztyApeKKCDfDRKrg15ZIukDa</name>
          <credentials>{903}qc1tl575ztyApeKKCDfDRKrg15ZIukDa</credentials>
        </user>
        <user>
          <name>DataBase_User_Xjp3_U25jZXbJKTEvOasCVg3ZUraneo6</name>
          <credentials>{903}Xjp3/U25jZXbJKTEvOasCVg3ZUraneo6</credentials>
        </user>
        <user>
          <name>DataBase_User_hhqgIlZO2d765yFhMtcGoSb4rTccKU2I</name>
          <credentials>{903}hhqgIlZO2d765yFhMtcGoSb4rTccKU2I</credentials>
        </user>
        <user>
          <name>DataBase_User_IsoHaLNWzEBO2mQNBtZ2GIV7Dy6oIMkW</name>
          <credentials>{903}IsoHaLNWzEBO2mQNBtZ2GIV7Dy6oIMkW</credentials>
        </user>
        <user>
          <name>DataBase_User_Vi750gEOAbNXvDu4_OagzlGF2DWDb2Ka</name>
          <credentials>{903}Vi750gEOAbNXvDu4/OagzlGF2DWDb2Ka</credentials>
        </user>
        <user>
          <name>DataBase_User_ODZMZf0P_xs3wYMW_lQwwPFtmG5iBged</name>
          <credentials>{903}ODZMZf0P/xs3wYMW/lQwwPFtmG5iBged</credentials>
        </user>
      </users>
      <roles/>
    </realm>
  </jazn-realm>
</jazn-data>
