<?xml version = '1.0' encoding = 'windows-1252'?>
<data-sources xmlns:xsi="http://www.w3.org/2001/XMLSchema-instance" xsi:schemaLocation="http://xmlns.oracle.com/oracleas/schema http://xmlns.oracle.com/oracleas/schema/data-sources-10_1.xsd" version="10.1" xmlns="http://xmlns.oracle.com/oracleas/schema">
  <connection-pool name="jdev-connection-pool-SRDemo">
    <connection-factory factory-class="oracle.jdbc.pool.OracleDataSource" user="srdemo" password="->DataBase_User_OyvtnkX4a7W0dix5tYK2AHhXTwm--vAO" url="jdbc:oracle:thin:@localhost:1521:ORCL"/>
  </connection-pool>
  <managed-data-source name="jdev-connection-managed-SRDemo" jndi-name="jdbc/SRDemoDS" connection-pool-name="jdev-connection-pool-SRDemo"/>
  <native-data-source name="jdev-connection-native-SRDemo" jndi-name="jdbc/SRDemoCoreDS" url="jdbc:oracle:thin:@localhost:1521:ORCL" user="srdemo" password="->DataBase_User_a6nuv_C5y9QQXfqzwnfEN7W7tBLESKhd" data-source-class="oracle.jdbc.pool.OracleDataSource"/>
  <connection-pool name="jdev-connection-pool-oe">
    <connection-factory factory-class="oracle.jdbc.pool.OracleDataSource" user="oe" password="->DataBase_User__9kXeH6OVjq4SaEX-MD0D_mSvzPrNrMo" url="jdbc:oracle:thin:@localhost:1521:ORCL"/>
  </connection-pool>
  <managed-data-source name="jdev-connection-managed-oe" jndi-name="jdbc/oeDS" connection-pool-name="jdev-connection-pool-oe"/>
  <native-data-source name="jdev-connection-native-oe" jndi-name="jdbc/oeCoreDS" url="jdbc:oracle:thin:@localhost:1521:ORCL" user="oe" password="->DataBase_User_jKosytsajXeq3OCnQwHKjdCTXfVKEfM8" data-source-class="oracle.jdbc.pool.OracleDataSource"/>
  <connection-pool name="jdev-connection-pool-hr">
    <connection-factory factory-class="oracle.jdbc.pool.OracleDataSource" user="hr" password="->DataBase_User_jbJkRqM8aRn1NfP6neejvXbrNHrVJCRB" url="jdbc:oracle:thin:@localhost:1521:ORCL"/>
  </connection-pool>
  <managed-data-source name="jdev-connection-managed-hr" jndi-name="jdbc/hrDS" connection-pool-name="jdev-connection-pool-hr"/>
  <native-data-source name="jdev-connection-native-hr" jndi-name="jdbc/hrCoreDS" url="jdbc:oracle:thin:@localhost:1521:ORCL" user="hr" password="->DataBase_User_ktEjA0A5hgCDBZadqztl_Xh__iSgc7x2" data-source-class="oracle.jdbc.pool.OracleDataSource"/>
  <connection-pool name="jdev-connection-pool-scott">
    <connection-factory factory-class="oracle.jdbc.pool.OracleDataSource" user="scott" password="->DataBase_User_geGxT85tbQQ_kGoWneEFrgqRsocqTH5l" url="jdbc:oracle:thin:@localhost:1521:ORCL"/>
  </connection-pool>
  <managed-data-source name="jdev-connection-managed-scott" jndi-name="jdbc/scottDS" connection-pool-name="jdev-connection-pool-scott"/>
  <native-data-source name="jdev-connection-native-scott" jndi-name="jdbc/scottCoreDS" url="jdbc:oracle:thin:@localhost:1521:ORCL" user="scott" password="->DataBase_User_59UeM0ugxrR6UaFLWw1TGzJNPB02bQYf" data-source-class="oracle.jdbc.pool.OracleDataSource"/>
</data-sources>
