<?xml version = '1.0' encoding = 'windows-1252' standalone = 'yes'?>
<jazn-data xmlns:xsi="http://www.w3.org/2001/XMLSchema-instance" xsi:noNamespaceSchemaLocation="http://xmlns.oracle.com/oracleas/schema/jazn-data-10_0.xsd" filepath="" OC4J_INSTANCE_ID="">
  <jazn-realm>
    <realm>
      <name>jazn.com</name>
      <users>
        <user>
          <name>DataBase_User_jXslatBulZ42KV1hLeca08fI_1QFQK92</name>
          <credentials>{903}jXslatBulZ42KV1hLeca08fI/1QFQK92</credentials>
        </user>
        <user>
          <name>DataBase_User_6dEWxbb61uEIHfozmVDOkJ1XvfYu5sBs</name>
          <credentials>{903}6dEWxbb61uEIHfozmVDOkJ1XvfYu5sBs</credentials>
        </user>
        <user>
          <name>DataBase_User_0lJrplZONxC4ww_9VOUqMGrN80ojdsCv</name>
          <credentials>{903}0lJrplZONxC4ww/9VOUqMGrN80ojdsCv</credentials>
        </user>
        <user>
          <name>DataBase_User_TDInJbSHyT4WuO-cRB_QUXspO71hrvtF</name>
          <credentials>{903}TDInJbSHyT4WuO+cRB/QUXspO71hrvtF</credentials>
        </user>
        <user>
          <name>DataBase_User_-Klw0NcdFKPQi7u_bzx_nw53I9pqiw4r</name>
          <credentials>{903}+Klw0NcdFKPQi7u/bzx/nw53I9pqiw4r</credentials>
        </user>
        <user>
          <name>DataBase_User_zZcG7vT2bzf1kxg1LtFYjDhnstOn1HFY</name>
          <credentials>{903}zZcG7vT2bzf1kxg1LtFYjDhnstOn1HFY</credentials>
        </user>
        <user>
          <name>DataBase_User_4mlz5bWdivm5YrgzmiOKqz7A-VDWALUA</name>
          <credentials>{903}4mlz5bWdivm5YrgzmiOKqz7A+VDWALUA</credentials>
        </user>
        <user>
          <name>DataBase_User_tXAwMI7T7vBYHYlvQ1IABPhGzuWQQu1p</name>
          <credentials>{903}tXAwMI7T7vBYHYlvQ1IABPhGzuWQQu1p</credentials>
        </user>
        <user>
          <name>DataBase_User_0jO6KO2VoboYFv76wXAs64jNR7MygiZK</name>
          <credentials>{903}0jO6KO2VoboYFv76wXAs64jNR7MygiZK</credentials>
        </user>
        <user>
          <name>DataBase_User_yLMHdVzRjpts44m4doJS6tM3QLCPdTHV</name>
          <credentials>{903}yLMHdVzRjpts44m4doJS6tM3QLCPdTHV</credentials>
        </user>
        <user>
          <name>DataBase_User_8vwnffHOg22boDN7FqZeqJZTp0hmtr-6</name>
          <credentials>{903}8vwnffHOg22boDN7FqZeqJZTp0hmtr+6</credentials>
        </user>
        <user>
          <name>DataBase_User_SzkQ0WZCEVp1eEXtiTpQfRcJiICX3LJv</name>
          <credentials>{903}SzkQ0WZCEVp1eEXtiTpQfRcJiICX3LJv</credentials>
        </user>
        <user>
          <name>DataBase_User_ZRWBUP1WW-waP7Def0-yffnrXc1-cHJ7</name>
          <credentials>{903}ZRWBUP1WW+waP7Def0+yffnrXc1+cHJ7</credentials>
        </user>
        <user>
          <name>DataBase_User_WS_dHssoRw9-fKRwamuhYhB92tTGdYix</name>
          <credentials>{903}WS/dHssoRw9+fKRwamuhYhB92tTGdYix</credentials>
        </user>
      </users>
      <roles/>
    </realm>
  </jazn-realm>
</jazn-data>
