<?xml version="1.0" encoding="windows-1252" ?>
<adfc-config xmlns="http://xmlns.oracle.com/adf/controller" version="1.2">
  <task-flow-definition id="emp-task-flow">
    <default-activity>TestPage</default-activity>
    <input-parameter-definition>
      <name>stringTaskFlowParam</name>
      <value>#{pageFlowScope.stringTaskFlowParam}</value>
      <class>java.lang.String</class>
    </input-parameter-definition>
    <input-parameter-definition>
      <name>intTaskFlowParam</name>
      <value>#{pageFlowScope.intTaskFlowParam}</value>
      <class>java.lang.Integer</class>
    </input-parameter-definition>
    <view id="TestPage">
      <page>/TestPage.jspx</page>
    </view>
    <task-flow-return id="Done">
      <outcome>
        <name>Done</name>
      </outcome>
    </task-flow-return>
    <control-flow-rule>
      <from-activity-id>TestPage</from-activity-id>
      <control-flow-case>
        <from-outcome>Done</from-outcome>
        <to-activity-id>Done</to-activity-id>
      </control-flow-case>
    </control-flow-rule>
  </task-flow-definition>
</adfc-config>
