<?xml version="1.0" encoding="windows-1252" ?>
<adfc-config xmlns="http://xmlns.oracle.com/adf/controller" version="1.2">
  <task-flow-definition id="task-flow-definition">
    <default-activity>customApplicationModuleMethodWithResult</default-activity>
    <managed-bean>
      <managed-bean-name>ExampleMethodCallBean</managed-bean-name>
      <managed-bean-class>test.view.backing.ExampleMethodCall</managed-bean-class>
      <managed-bean-scope>request</managed-bean-scope>
    </managed-bean>
    <method-call id="customApplicationModuleMethodWithResult">
      <method>#{ExampleMethodCallBean.callAMMethodAndThenDoSomethingElse}</method>
      <outcome>
        <fixed-outcome>customApplicationModuleMethodWithResult</fixed-outcome>
      </outcome>
    </method-call>
  </task-flow-definition>
</adfc-config>
