<?xml version='1.0' encoding='windows-1252' ?>
<!DOCTYPE ViewObject SYSTEM "jbo_03_01.dtd">

<ViewObject
   Name="DeptViewWithBindVariable"
   SelectList="Dept.DEPTNO, 
       Dept.DNAME, 
       Dept.LOC"
   FromList="DEPT Dept"
   Where="UPPER(DNAME) like UPPER(REPLACE(:TheName,&#39;*&#39;,&#39;%&#39;))||&#39;%&#39;"
   BindingStyle="OracleName"
   CustomQuery="false"
   ComponentClass="demo.model.DeptViewWithBindVariableImpl"
   UseGlueCode="false" >
   <DesignTime>
      <Attr Name="_version" Value="10.1.3.36.73" />
      <Attr Name="_codeGenFlag2" Value="Access|Coll|VarAccess" />
   </DesignTime>
   <Variable
      Name="TheName"
      Kind="where"
      Type="java.lang.String" >
   </Variable>
   <EntityUsage
      Name="Dept"
      Entity="demo.model.Dept" >
      <DesignTime>
         <Attr Name="_queryClause" Value="true" />
         <Attr Name="_queryWhere" Value="UPPER(DNAME) like UPPER(REPLACE(:TheName,&#39;*&#39;,&#39;%&#39;))||&#39;%&#39;" />
      </DesignTime>
   </EntityUsage>
   <ViewAttribute
      Name="Deptno"
      IsNotNull="true"
      EntityAttrName="Deptno"
      EntityUsage="Dept"
      AliasName="DEPTNO" >
   </ViewAttribute>
   <ViewAttribute
      Name="Dname"
      EntityAttrName="Dname"
      EntityUsage="Dept"
      AliasName="DNAME" >
   </ViewAttribute>
   <ViewAttribute
      Name="Loc"
      EntityAttrName="Loc"
      EntityUsage="Dept"
      AliasName="LOC" >
   </ViewAttribute>
</ViewObject>
