<?xml version = '1.0' encoding = 'windows-1252'?>
<!DOCTYPE ejb-jar PUBLIC "-//Sun Microsystems, Inc.//DTD Enterprise JavaBeans 2.0//EN" "http://java.sun.com/dtd/ejb-jar_2_0.dtd">
<ejb-jar>
  <enterprise-beans>
    <session>
      <description>Session Bean ( Stateful )</description>
      <display-name>AppModule</display-name>
      <ejb-name>AppModuleBean</ejb-name>
      <home>model.common.ejb.beanmanaged.AppModuleHome</home>
      <remote>model.common.ejb.beanmanaged.RemoteAppModule</remote>
      <ejb-class>model.server.ejb.beanmanaged.AppModuleServer</ejb-class>
      <session-type>Stateful</session-type>
      <transaction-type>Bean</transaction-type>
      <env-entry>
        <env-entry-name>jbo.ejb.transactiontype</env-entry-name>
        <env-entry-type>java.lang.String</env-entry-type>
        <env-entry-value>Bean</env-entry-value>
      </env-entry>
    </session>
  </enterprise-beans>
  <assembly-descriptor>
    <container-transaction>
      <method>
        <ejb-name>AppModuleBean</ejb-name>
        <method-name>*</method-name>
      </method>
      <trans-attribute>Required</trans-attribute>
    </container-transaction>
  </assembly-descriptor>
</ejb-jar>
