<?xml version="1.0" encoding="windows-1252"?>
<!DOCTYPE faces-config PUBLIC
  "-//Sun Microsystems, Inc.//DTD JavaServer Faces Config 1.1//EN"
  "http://java.sun.com/dtd/web-facesconfig_1_1.dtd">
<faces-config xmlns="http://java.sun.com/JSF/Configuration">
  <lifecycle>
    <phase-listener>oracle.adf.controller.faces.lifecycle.ADFPhaseListener</phase-listener>
  </lifecycle>
  <application>
    <default-render-kit-id>oracle.adf.core</default-render-kit-id>
  </application>
  <navigation-rule>
    <navigation-case>
      <from-outcome>GotoTestXSQLPage</from-outcome>
      <to-view-id>/TestPage.xsql</to-view-id>
    </navigation-case>
  </navigation-rule>
</faces-config>