<?xml version='1.0' encoding='windows-1252' ?>
<!DOCTYPE Association SYSTEM "jbo_03_01.dtd">

<Association
   Name="CategoryForProductAssoc" >
   <DesignTime>
      <Attr Name="_isCodegen" Value="true" />
      <Attr Name="_version" Value="9.0.5.14.39" />
   </DesignTime>
   <AssociationEnd
      Name="Category1"
      Cardinality="0"
      Source="true"
      Owner="toystore.model.businessobjects.Category" >
      <AttrArray Name="Attributes">
         <Item Value="toystore.model.businessobjects.Category.Catid" />
      </AttrArray>
      <DesignTime>
         <Attr Name="_aggregation" Value="0" />
         <Attr Name="_isUpdateable" Value="true" />
         <Attr Name="_finderName" Value="Category1" />
      </DesignTime>
   </AssociationEnd>
   <AssociationEnd
      Name="Product"
      Cardinality="-1"
      Owner="toystore.model.businessobjects.Product" >
      <AttrArray Name="Attributes">
         <Item Value="toystore.model.businessobjects.Product.Category" />
      </AttrArray>
      <DesignTime>
         <Attr Name="_aggregation" Value="0" />
         <Attr Name="_isUpdateable" Value="true" />
         <Attr Name="_finderName" Value="Product" />
      </DesignTime>
   </AssociationEnd>
</Association>
