<?xml version='1.0' encoding='windows-1252' ?>
<!DOCTYPE Entity SYSTEM "jbo_03_01.dtd">

<Entity
   Name="Category"
   DBObjectType="table"
   DBObjectName="CATEGORY"
   AliasName="Category"
   BindingStyle="Oracle"
   UseGlueCode="false"
   CodeGenFlag="4"
   RowClass="toystore.fwk.model.businessobjects.ToyStoreEntityImpl" >
   <DesignTime>
      <Attr Name="_version" Value="9.0.5.14.39" />
      <Attr Name="_superClass" Value="toystore.fwk.model.businessobjects.ToyStoreEntityImpl" />
      <AttrArray Name="_publishEvents">
      </AttrArray>
   </DesignTime>
   <Attribute
      Name="Catid"
      IsNotNull="true"
      Precision="10"
      Type="java.lang.String"
      ColumnName="CATID"
      ColumnType="VARCHAR2"
      SQLType="VARCHAR"
      TableName="CATEGORY"
      PrimaryKey="true" >
      <DesignTime>
         <Attr Name="_DisplaySize" Value="10" />
      </DesignTime>
   </Attribute>
   <Attribute
      Name="Name"
      Precision="80"
      Type="java.lang.String"
      ColumnName="NAME"
      ColumnType="VARCHAR2"
      SQLType="VARCHAR"
      TableName="CATEGORY" >
      <DesignTime>
         <Attr Name="_DisplaySize" Value="80" />
      </DesignTime>
   </Attribute>
   <Attribute
      Name="Descn"
      Precision="255"
      Type="java.lang.String"
      ColumnName="DESCN"
      ColumnType="VARCHAR2"
      SQLType="VARCHAR"
      TableName="CATEGORY" >
      <DesignTime>
         <Attr Name="_DisplaySize" Value="255" />
      </DesignTime>
   </Attribute>
   <AccessorAttribute
      Name="Product"
      Association="toystore.model.businessobjects.CategoryForProductAssoc"
      AssociationEnd="toystore.model.businessobjects.CategoryForProductAssoc.Product"
      AssociationOtherEnd="toystore.model.businessobjects.CategoryForProductAssoc.Category1"
      Type="oracle.jbo.RowIterator"
      IsUpdateable="false" >
   </AccessorAttribute>
</Entity>
