<?xml version='1.0' encoding='windows-1252' ?>
<!DOCTYPE Entity SYSTEM "jbo_03_01.dtd">

<Entity
   Name="Inventory"
   DBObjectType="table"
   DBObjectName="INVENTORY"
   AliasName="Inventory"
   BindingStyle="Oracle"
   UseGlueCode="false"
   RowClass="toystore.model.businessobjects.InventoryImpl"
   CollClass="toystore.model.businessobjects.InventoryCollImpl" >
   <Data>
      <Property Name ="ID" Value ="b8dda3bc-00f2-1000-809c-901692b23245::businessobjects.Inventory::EntityObject" />
      <Property Name ="IS_ABSTRACT" Value ="FALSE" />
      <Property Name ="IS_ROOT" Value ="FALSE" />
      <Property Name ="CODE_SYNC_STATE" Value ="MODEL_ONLY" />
      <Property Name ="IS_LEAF" Value ="FALSE" />
      <Property Name ="IS_ACTIVE" Value ="FALSE" />
      <Property Name ="java.lang.JavaStrictFP" Value ="FALSE" />
      <Property Name ="VISIBILITY" Value ="PUBLIC" />
      <Property Name ="java.lang.JavaStatic" Value ="FALSE" />
   </Data>
   <DesignTime>
      <Attr Name="_isCodegen" Value="true" />
      <Attr Name="_version" Value="10.1.2.17.44" />
      <Attr Name="_codeGenFlag2" Value="Access|Coll" />
      <Attr Name="_superClass" Value="toystore.fwk.model.businessobjects.ToyStoreEntityImpl" />
      <AttrArray Name="_publishEvents">
      </AttrArray>
   </DesignTime>
   <Attribute
      Name="Itemid"
      IsNotNull="true"
      Precision="10"
      ColumnName="ITEMID"
      Type="java.lang.String"
      ColumnType="VARCHAR2"
      SQLType="VARCHAR"
      TableName="INVENTORY"
      PrimaryKey="true" >
      <Data>
         <Property Name ="java.lang.JavaTransient" Value ="FALSE" />
         <Property Name ="OWNER_SCOPE" Value ="INSTANCE" />
         <Property Name ="ID" Value ="b8dda3bc-00f2-1000-809d-901692b23245::businessobjects.Inventory::EntityObjectAttribute" />
         <Property Name ="CHANGEABILITY" Value ="CHANGEABLE" />
         <Property Name ="MULTIPLICITY" Value ="1" />
         <Property Name ="VISIBILITY" Value ="PACKAGE" />
         <Property Name ="java.lang.JavaVolatile" Value ="FALSE" />
      </Data>
      <DesignTime>
         <Attr Name="_DisplaySize" Value="10" />
      </DesignTime>
   </Attribute>
   <Attribute
      Name="Qty"
      IsNotNull="true"
      Precision="38"
      Scale="0"
      ColumnName="QTY"
      Type="oracle.jbo.domain.Number"
      ColumnType="NUMBER"
      SQLType="NUMERIC"
      TableName="INVENTORY" >
      <Data>
         <Property Name ="java.lang.JavaTransient" Value ="FALSE" />
         <Property Name ="OWNER_SCOPE" Value ="INSTANCE" />
         <Property Name ="ID" Value ="b8dda3bc-00f2-1000-809e-901692b23245::businessobjects.Inventory::EntityObjectAttribute" />
         <Property Name ="CHANGEABILITY" Value ="CHANGEABLE" />
         <Property Name ="MULTIPLICITY" Value ="1" />
         <Property Name ="VISIBILITY" Value ="PACKAGE" />
         <Property Name ="java.lang.JavaVolatile" Value ="FALSE" />
      </Data>
   </Attribute>
   <AccessorAttribute
      Name="Item"
      Association="toystore.model.businessobjects.OnHandInfoForAssoc"
      AssociationEnd="toystore.model.businessobjects.OnHandInfoForAssoc.Item"
      AssociationOtherEnd="toystore.model.businessobjects.OnHandInfoForAssoc.Inventory"
      Type="toystore.model.businessobjects.ItemImpl" >
   </AccessorAttribute>
   <Key
      Name="SysC009576" >
      <AttrArray Name="Attributes">
         <Item Value="toystore.model.businessobjects.Inventory.Itemid" />
      </AttrArray>
      <DesignTime>
         <Attr Name="_DBObjectName" Value="SYS_C009576" />
         <Attr Name="_checkCondition" Value="&#34;ITEMID&#34; IS NOT NULL" />
         <Attr Name="_isCheck" Value="true" />
      </DesignTime>
   </Key>
   <Key
      Name="SysC009577" >
      <AttrArray Name="Attributes">
         <Item Value="toystore.model.businessobjects.Inventory.Qty" />
      </AttrArray>
      <DesignTime>
         <Attr Name="_DBObjectName" Value="SYS_C009577" />
         <Attr Name="_checkCondition" Value="&#34;QTY&#34; IS NOT NULL" />
         <Attr Name="_isCheck" Value="true" />
      </DesignTime>
   </Key>
   <Key
      Name="OnHandInfoFor" >
      <AttrArray Name="Attributes">
         <Item Value="toystore.model.businessobjects.Inventory.Itemid" />
      </AttrArray>
      <DesignTime>
         <Attr Name="_DBObjectName" Value="ON_HAND_INFO_FOR" />
         <Attr Name="_referencedKey" Value="PK_ITEM" />
         <Attr Name="_isForeign" Value="true" />
      </DesignTime>
   </Key>
</Entity>
