<?xml version='1.0' encoding='windows-1252' ?>
<!DOCTYPE Entity SYSTEM "jbo_03_01.dtd">

<Entity
   Name="Item"
   DBObjectType="table"
   DBObjectName="ITEM"
   AliasName="Item"
   BindingStyle="Oracle"
   UseGlueCode="false"
   RowClass="toystore.model.businessobjects.ItemImpl"
   MsgBundleClass="toystore.model.businessobjects.common.ItemImplMsgBundle" >
   <Data>
      <Property Name ="IS_ACTIVE" Value ="FALSE" />
      <Property Name ="IS_ABSTRACT" Value ="FALSE" />
      <Property Name ="java.lang.JavaStrictFP" Value ="FALSE" />
      <Property Name ="IS_LEAF" Value ="FALSE" />
      <Property Name ="java.lang.JavaStatic" Value ="FALSE" />
      <Property Name ="VISIBILITY" Value ="PUBLIC" />
      <Property Name ="CODE_SYNC_STATE" Value ="MODEL_ONLY" />
      <Property Name ="IS_ROOT" Value ="FALSE" />
      <Property Name ="COMPLETE_LIBRARY" Value ="FALSE" />
      <Property Name ="ID" Value ="b8db7d1a-00f2-1000-8080-901692b23245::businessobjects.Item::EntityObject" />
   </Data>
   <DesignTime>
      <Attr Name="_isCodegen" Value="true" />
      <Attr Name="_version" Value="9.0.5.15.36" />
      <Attr Name="_codeGenFlag2" Value="Access|Msg" />
      <Attr Name="_superClass" Value="toystore.fwk.model.businessobjects.ToyStoreEntityImpl" />
      <AttrArray Name="_publishEvents">
      </AttrArray>
   </DesignTime>
   <Attribute
      Name="Itemid"
      IsNotNull="true"
      Precision="10"
      ColumnName="ITEMID"
      Type="java.lang.String"
      ColumnType="VARCHAR2"
      SQLType="VARCHAR"
      TableName="ITEM"
      PrimaryKey="true" >
      <Data>
         <Property Name ="java.lang.JavaTransient" Value ="FALSE" />
         <Property Name ="OWNER_SCOPE" Value ="INSTANCE" />
         <Property Name ="ID" Value ="b8db7d1a-00f2-1000-8081-901692b23245::businessobjects.Item::EntityObjectAttribute" />
         <Property Name ="CHANGEABILITY" Value ="CHANGEABLE" />
         <Property Name ="MULTIPLICITY" Value ="1" />
         <Property Name ="VISIBILITY" Value ="PACKAGE" />
         <Property Name ="java.lang.JavaVolatile" Value ="FALSE" />
      </Data>
      <DesignTime>
         <Attr Name="_DisplaySize" Value="10" />
      </DesignTime>
   </Attribute>
   <Attribute
      Name="Productid"
      IsNotNull="true"
      Precision="10"
      ColumnName="PRODUCTID"
      Type="java.lang.String"
      ColumnType="VARCHAR2"
      SQLType="VARCHAR"
      TableName="ITEM" >
      <Data>
         <Property Name ="java.lang.JavaTransient" Value ="FALSE" />
         <Property Name ="OWNER_SCOPE" Value ="INSTANCE" />
         <Property Name ="ID" Value ="b8db7d1a-00f2-1000-8082-901692b23245::businessobjects.Item::EntityObjectAttribute" />
         <Property Name ="CHANGEABILITY" Value ="CHANGEABLE" />
         <Property Name ="MULTIPLICITY" Value ="1" />
         <Property Name ="VISIBILITY" Value ="PACKAGE" />
         <Property Name ="java.lang.JavaVolatile" Value ="FALSE" />
      </Data>
      <DesignTime>
         <Attr Name="_DisplaySize" Value="10" />
      </DesignTime>
   </Attribute>
   <Attribute
      Name="Listprice"
      IsQueriable="false"
      Precision="10"
      Scale="2"
      ColumnName="LISTPRICE"
      Type="oracle.jbo.domain.Number"
      ColumnType="NUMBER"
      SQLType="NUMERIC"
      TableName="ITEM" >
      <Data>
         <Property Name ="java.lang.JavaTransient" Value ="FALSE" />
         <Property Name ="OWNER_SCOPE" Value ="INSTANCE" />
         <Property Name ="ID" Value ="b8db7d1a-00f2-1000-8083-901692b23245::businessobjects.Item::EntityObjectAttribute" />
         <Property Name ="CHANGEABILITY" Value ="CHANGEABLE" />
         <Property Name ="MULTIPLICITY" Value ="1" />
         <Property Name ="VISIBILITY" Value ="PACKAGE" />
         <Property Name ="java.lang.JavaVolatile" Value ="FALSE" />
      </Data>
   </Attribute>
   <Attribute
      Name="Unitcost"
      Precision="10"
      Scale="2"
      ColumnName="UNITCOST"
      Type="oracle.jbo.domain.Number"
      ColumnType="NUMBER"
      SQLType="NUMERIC"
      TableName="ITEM" >
      <Data>
         <Property Name ="java.lang.JavaTransient" Value ="FALSE" />
         <Property Name ="OWNER_SCOPE" Value ="INSTANCE" />
         <Property Name ="ID" Value ="b8db7d1a-00f2-1000-8084-901692b23245::businessobjects.Item::EntityObjectAttribute" />
         <Property Name ="CHANGEABILITY" Value ="CHANGEABLE" />
         <Property Name ="MULTIPLICITY" Value ="1" />
         <Property Name ="VISIBILITY" Value ="PACKAGE" />
         <Property Name ="java.lang.JavaVolatile" Value ="FALSE" />
      </Data>
   </Attribute>
   <Attribute
      Name="Supplier"
      Precision="38"
      Scale="0"
      ColumnName="SUPPLIER"
      Type="oracle.jbo.domain.Number"
      ColumnType="NUMBER"
      SQLType="NUMERIC"
      TableName="ITEM" >
      <Data>
         <Property Name ="java.lang.JavaTransient" Value ="FALSE" />
         <Property Name ="OWNER_SCOPE" Value ="INSTANCE" />
         <Property Name ="ID" Value ="b8db7d1a-00f2-1000-8085-901692b23245::businessobjects.Item::EntityObjectAttribute" />
         <Property Name ="CHANGEABILITY" Value ="CHANGEABLE" />
         <Property Name ="MULTIPLICITY" Value ="1" />
         <Property Name ="VISIBILITY" Value ="PACKAGE" />
         <Property Name ="java.lang.JavaVolatile" Value ="FALSE" />
      </Data>
   </Attribute>
   <Attribute
      Name="Status"
      Precision="2"
      ColumnName="STATUS"
      Type="java.lang.String"
      ColumnType="VARCHAR2"
      SQLType="VARCHAR"
      TableName="ITEM" >
      <Data>
         <Property Name ="java.lang.JavaTransient" Value ="FALSE" />
         <Property Name ="OWNER_SCOPE" Value ="INSTANCE" />
         <Property Name ="ID" Value ="b8db7d1a-00f2-1000-8086-901692b23245::businessobjects.Item::EntityObjectAttribute" />
         <Property Name ="CHANGEABILITY" Value ="CHANGEABLE" />
         <Property Name ="MULTIPLICITY" Value ="1" />
         <Property Name ="VISIBILITY" Value ="PACKAGE" />
         <Property Name ="java.lang.JavaVolatile" Value ="FALSE" />
      </Data>
      <DesignTime>
         <Attr Name="_DisplaySize" Value="2" />
      </DesignTime>
   </Attribute>
   <Attribute
      Name="Attr1"
      Precision="80"
      ColumnName="ATTR1"
      Type="java.lang.String"
      ColumnType="VARCHAR2"
      SQLType="VARCHAR"
      TableName="ITEM" >
      <Data>
         <Property Name ="java.lang.JavaTransient" Value ="FALSE" />
         <Property Name ="OWNER_SCOPE" Value ="INSTANCE" />
         <Property Name ="ID" Value ="b8db7d1a-00f2-1000-8087-901692b23245::businessobjects.Item::EntityObjectAttribute" />
         <Property Name ="CHANGEABILITY" Value ="CHANGEABLE" />
         <Property Name ="MULTIPLICITY" Value ="1" />
         <Property Name ="VISIBILITY" Value ="PACKAGE" />
         <Property Name ="java.lang.JavaVolatile" Value ="FALSE" />
      </Data>
      <DesignTime>
         <Attr Name="_DisplaySize" Value="80" />
      </DesignTime>
   </Attribute>
   <Attribute
      Name="Attr2"
      Precision="80"
      ColumnName="ATTR2"
      Type="java.lang.String"
      ColumnType="VARCHAR2"
      SQLType="VARCHAR"
      TableName="ITEM" >
      <Data>
         <Property Name ="java.lang.JavaTransient" Value ="FALSE" />
         <Property Name ="OWNER_SCOPE" Value ="INSTANCE" />
         <Property Name ="ID" Value ="b8db7d1a-00f2-1000-8088-901692b23245::businessobjects.Item::EntityObjectAttribute" />
         <Property Name ="CHANGEABILITY" Value ="CHANGEABLE" />
         <Property Name ="MULTIPLICITY" Value ="1" />
         <Property Name ="VISIBILITY" Value ="PACKAGE" />
         <Property Name ="java.lang.JavaVolatile" Value ="FALSE" />
      </Data>
      <DesignTime>
         <Attr Name="_DisplaySize" Value="80" />
      </DesignTime>
   </Attribute>
   <Attribute
      Name="Attr3"
      Precision="80"
      ColumnName="ATTR3"
      Type="java.lang.String"
      ColumnType="VARCHAR2"
      SQLType="VARCHAR"
      TableName="ITEM" >
      <Data>
         <Property Name ="java.lang.JavaTransient" Value ="FALSE" />
         <Property Name ="OWNER_SCOPE" Value ="INSTANCE" />
         <Property Name ="ID" Value ="b8db7d1a-00f2-1000-8089-901692b23245::businessobjects.Item::EntityObjectAttribute" />
         <Property Name ="CHANGEABILITY" Value ="CHANGEABLE" />
         <Property Name ="MULTIPLICITY" Value ="1" />
         <Property Name ="VISIBILITY" Value ="PACKAGE" />
         <Property Name ="java.lang.JavaVolatile" Value ="FALSE" />
      </Data>
      <DesignTime>
         <Attr Name="_DisplaySize" Value="80" />
      </DesignTime>
   </Attribute>
   <Attribute
      Name="Attr4"
      Precision="80"
      ColumnName="ATTR4"
      Type="java.lang.String"
      ColumnType="VARCHAR2"
      SQLType="VARCHAR"
      TableName="ITEM" >
      <Data>
         <Property Name ="java.lang.JavaTransient" Value ="FALSE" />
         <Property Name ="OWNER_SCOPE" Value ="INSTANCE" />
         <Property Name ="ID" Value ="b8db7d1a-00f2-1000-808a-901692b23245::businessobjects.Item::EntityObjectAttribute" />
         <Property Name ="CHANGEABILITY" Value ="CHANGEABLE" />
         <Property Name ="MULTIPLICITY" Value ="1" />
         <Property Name ="VISIBILITY" Value ="PACKAGE" />
         <Property Name ="java.lang.JavaVolatile" Value ="FALSE" />
      </Data>
      <DesignTime>
         <Attr Name="_DisplaySize" Value="80" />
      </DesignTime>
   </Attribute>
   <Attribute
      Name="Attr5"
      Precision="80"
      ColumnName="ATTR5"
      Type="java.lang.String"
      ColumnType="VARCHAR2"
      SQLType="VARCHAR"
      TableName="ITEM" >
      <Data>
         <Property Name ="java.lang.JavaTransient" Value ="FALSE" />
         <Property Name ="OWNER_SCOPE" Value ="INSTANCE" />
         <Property Name ="ID" Value ="b8db7d1a-00f2-1000-808b-901692b23245::businessobjects.Item::EntityObjectAttribute" />
         <Property Name ="CHANGEABILITY" Value ="CHANGEABLE" />
         <Property Name ="MULTIPLICITY" Value ="1" />
         <Property Name ="VISIBILITY" Value ="PACKAGE" />
         <Property Name ="java.lang.JavaVolatile" Value ="FALSE" />
      </Data>
      <DesignTime>
         <Attr Name="_DisplaySize" Value="80" />
      </DesignTime>
   </Attribute>
   <AccessorAttribute
      Name="Product"
      Association="toystore.model.businessobjects.ProductKindAssoc"
      AssociationEnd="toystore.model.businessobjects.ProductKindAssoc.Product"
      AssociationOtherEnd="toystore.model.businessobjects.ProductKindAssoc.Item"
      Type="toystore.model.businessobjects.ProductImpl" >
   </AccessorAttribute>
   <AccessorAttribute
      Name="ItemSupplier"
      Association="toystore.model.businessobjects.SuppliedByAssoc"
      AssociationEnd="toystore.model.businessobjects.SuppliedByAssoc.ItemSupplier"
      AssociationOtherEnd="toystore.model.businessobjects.SuppliedByAssoc.Item"
      Type="toystore.model.businessobjects.SupplierImpl" >
   </AccessorAttribute>
   <AccessorAttribute
      Name="Inventory"
      Association="toystore.model.businessobjects.OnHandInfoForAssoc"
      AssociationEnd="toystore.model.businessobjects.OnHandInfoForAssoc.Inventory"
      AssociationOtherEnd="toystore.model.businessobjects.OnHandInfoForAssoc.Item"
      Type="toystore.model.businessobjects.InventoryImpl" >
   </AccessorAttribute>
   <AccessorAttribute
      Name="Lineitem"
      Association="toystore.model.businessobjects.OrderForItemAssoc"
      AssociationEnd="toystore.model.businessobjects.OrderForItemAssoc.Lineitem"
      AssociationOtherEnd="toystore.model.businessobjects.OrderForItemAssoc.Item"
      Type="oracle.jbo.RowIterator"
      IsUpdateable="false" >
   </AccessorAttribute>
</Entity>
