<?xml version='1.0' encoding='windows-1252' ?>
<!DOCTYPE Entity SYSTEM "jbo_03_01.dtd">

<Entity
   Name="Lineitem"
   DBObjectType="table"
   DBObjectName="LINEITEM"
   AliasName="Lineitem"
   BindingStyle="Oracle"
   UseGlueCode="false"
   RowClass="toystore.model.businessobjects.LineitemImpl" >
   <Data>
      <Property Name ="ID" Value ="b8da22c8-00f2-1000-8070-901692b23245::businessobjects.Lineitem::EntityObject" />
      <Property Name ="IS_ABSTRACT" Value ="FALSE" />
      <Property Name ="IS_ROOT" Value ="FALSE" />
      <Property Name ="CODE_SYNC_STATE" Value ="MODEL_ONLY" />
      <Property Name ="IS_LEAF" Value ="FALSE" />
      <Property Name ="IS_ACTIVE" Value ="FALSE" />
      <Property Name ="java.lang.JavaStrictFP" Value ="FALSE" />
      <Property Name ="VISIBILITY" Value ="PUBLIC" />
      <Property Name ="java.lang.JavaStatic" Value ="FALSE" />
   </Data>
   <DesignTime>
      <Attr Name="_isCodegen" Value="true" />
      <Attr Name="_version" Value="10.1.2.17.96" />
      <Attr Name="_codeGenFlag2" Value="Access" />
      <Attr Name="_superClass" Value="toystore.fwk.model.businessobjects.ToyStoreEntityImpl" />
      <AttrArray Name="_publishEvents">
      </AttrArray>
   </DesignTime>
   <Attribute
      Name="Orderid"
      IsUpdateable="while_insert"
      DefaultValue="@0"
      ColumnName="ORDERID"
      Domain="oracle.jbo.domain.DBSequence"
      Type="oracle.jbo.domain.DBSequence"
      ColumnType="NUMBER"
      SQLType="NUMERIC"
      TableName="LINEITEM"
      PrimaryKey="true"
      RetrievedOnInsert="true" >
      <Data>
         <Property Name ="java.lang.JavaTransient" Value ="FALSE" />
         <Property Name ="OWNER_SCOPE" Value ="INSTANCE" />
         <Property Name ="ID" Value ="b8da22c8-00f2-1000-8071-901692b23245::businessobjects.Lineitem::EntityObjectAttribute" />
         <Property Name ="CHANGEABILITY" Value ="CHANGEABLE" />
         <Property Name ="MULTIPLICITY" Value ="1" />
         <Property Name ="VISIBILITY" Value ="PACKAGE" />
         <Property Name ="java.lang.JavaVolatile" Value ="FALSE" />
      </Data>
   </Attribute>
   <Attribute
      Name="Linenum"
      IsUpdateable="while_insert"
      ColumnName="LINENUM"
      Type="oracle.jbo.domain.Number"
      ColumnType="NUMBER"
      SQLType="NUMERIC"
      TableName="LINEITEM"
      PrimaryKey="true" >
      <Data>
         <Property Name ="java.lang.JavaTransient" Value ="FALSE" />
         <Property Name ="OWNER_SCOPE" Value ="INSTANCE" />
         <Property Name ="ID" Value ="b8da22c8-00f2-1000-8072-901692b23245::businessobjects.Lineitem::EntityObjectAttribute" />
         <Property Name ="CHANGEABILITY" Value ="CHANGEABLE" />
         <Property Name ="MULTIPLICITY" Value ="1" />
         <Property Name ="VISIBILITY" Value ="PACKAGE" />
         <Property Name ="java.lang.JavaVolatile" Value ="FALSE" />
      </Data>
   </Attribute>
   <Attribute
      Name="Itemid"
      IsNotNull="true"
      Precision="10"
      ColumnName="ITEMID"
      Type="java.lang.String"
      ColumnType="VARCHAR2"
      SQLType="VARCHAR"
      TableName="LINEITEM" >
      <Data>
         <Property Name ="java.lang.JavaTransient" Value ="FALSE" />
         <Property Name ="OWNER_SCOPE" Value ="INSTANCE" />
         <Property Name ="ID" Value ="b8da22c8-00f2-1000-8073-901692b23245::businessobjects.Lineitem::EntityObjectAttribute" />
         <Property Name ="CHANGEABILITY" Value ="CHANGEABLE" />
         <Property Name ="MULTIPLICITY" Value ="1" />
         <Property Name ="VISIBILITY" Value ="PACKAGE" />
         <Property Name ="java.lang.JavaVolatile" Value ="FALSE" />
      </Data>
      <DesignTime>
         <Attr Name="_DisplaySize" Value="10" />
      </DesignTime>
   </Attribute>
   <Attribute
      Name="Quantity"
      IsNotNull="true"
      Precision="38"
      Scale="0"
      ColumnName="QUANTITY"
      Type="oracle.jbo.domain.Number"
      ColumnType="NUMBER"
      SQLType="NUMERIC"
      TableName="LINEITEM" >
      <Data>
         <Property Name ="java.lang.JavaTransient" Value ="FALSE" />
         <Property Name ="OWNER_SCOPE" Value ="INSTANCE" />
         <Property Name ="ID" Value ="b8da22c8-00f2-1000-8074-901692b23245::businessobjects.Lineitem::EntityObjectAttribute" />
         <Property Name ="CHANGEABILITY" Value ="CHANGEABLE" />
         <Property Name ="MULTIPLICITY" Value ="1" />
         <Property Name ="VISIBILITY" Value ="PACKAGE" />
         <Property Name ="java.lang.JavaVolatile" Value ="FALSE" />
      </Data>
   </Attribute>
   <Attribute
      Name="Unitprice"
      Precision="10"
      Scale="2"
      ColumnName="UNITPRICE"
      Type="oracle.jbo.domain.Number"
      ColumnType="NUMBER"
      SQLType="NUMERIC"
      TableName="LINEITEM" >
      <Data>
         <Property Name ="java.lang.JavaTransient" Value ="FALSE" />
         <Property Name ="OWNER_SCOPE" Value ="INSTANCE" />
         <Property Name ="ID" Value ="b8da22c8-00f2-1000-8075-901692b23245::businessobjects.Lineitem::EntityObjectAttribute" />
         <Property Name ="CHANGEABILITY" Value ="CHANGEABLE" />
         <Property Name ="MULTIPLICITY" Value ="1" />
         <Property Name ="VISIBILITY" Value ="PACKAGE" />
         <Property Name ="java.lang.JavaVolatile" Value ="FALSE" />
      </Data>
   </Attribute>
   <AccessorAttribute
      Name="Item"
      Association="toystore.model.businessobjects.OrderForItemAssoc"
      AssociationEnd="toystore.model.businessobjects.OrderForItemAssoc.Item"
      AssociationOtherEnd="toystore.model.businessobjects.OrderForItemAssoc.Lineitem"
      Type="toystore.model.businessobjects.ItemImpl" >
   </AccessorAttribute>
   <AccessorAttribute
      Name="Orders"
      Association="toystore.model.businessobjects.ItemOrderdOnAssoc"
      AssociationEnd="toystore.model.businessobjects.ItemOrderdOnAssoc.Orders"
      AssociationOtherEnd="toystore.model.businessobjects.ItemOrderdOnAssoc.Lineitem"
      Type="toystore.model.businessobjects.OrdersImpl" >
   </AccessorAttribute>
</Entity>
