<?xml version='1.0' encoding='windows-1252' ?>
<!DOCTYPE Association SYSTEM "jbo_03_01.dtd">

<Association
   Name="OrderedByAssoc" >
   <Data>
      <Property Name ="IS_LEAF" Value ="FALSE" />
      <Property Name ="IS_ABSTRACT" Value ="FALSE" />
      <Property Name ="ID" Value ="b8d9a983-00f2-1000-806b-901692b23245::businessobjects.OrderedByAssoc::BC4JAssociation" />
      <Property Name ="IS_ROOT" Value ="FALSE" />
   </Data>
   <DesignTime>
      <Attr Name="_isCodegen" Value="true" />
      <Attr Name="_version" Value="9.0.5.14.39" />
   </DesignTime>
   <AssociationEnd
      Name="Account"
      Cardinality="1"
      Source="true"
      Owner="toystore.model.businessobjects.Account"
      LockTopContainer="false" >
      <Data>
         <Property Name ="SCOPE" Value ="INSTANCE" />
         <Property Name ="java.lang.JavaDimensions" Value ="0" />
         <Property Name ="java.lang.JavaVolatile" Value ="FALSE" />
         <Property Name ="SEQUENCE" Value ="0" />
         <Property Name ="ID" Value ="b8d9a983-00f2-1000-806c-901692b23245::businessobjects.OrderedByAssoc::BC4JAssociationEnd" />
         <Property Name ="java.lang.JavaTransient" Value ="FALSE" />
         <Property Name ="VISIBILITY" Value ="PROTECTED" />
         <Property Name ="java.lang.JavaCollection" Value ="b8d488ce-00f2-1000-8004-901692b23245::businessobjects.Account::EntityObject" />
      </Data>
      <AttrArray Name="Attributes">
         <Item Value="toystore.model.businessobjects.Account.Userid" />
      </AttrArray>
      <DesignTime>
         <Attr Name="_minCardinality" Value="1" />
         <Attr Name="_aggregation" Value="0" />
         <Attr Name="_isUpdateable" Value="true" />
         <Attr Name="_finderName" Value="Account" />
      </DesignTime>
   </AssociationEnd>
   <AssociationEnd
      Name="Orders"
      Cardinality="-1"
      Owner="toystore.model.businessobjects.Orders"
      HasOwner="true" >
      <Data>
         <Property Name ="SCOPE" Value ="INSTANCE" />
         <Property Name ="java.lang.JavaDimensions" Value ="1" />
         <Property Name ="java.lang.JavaVolatile" Value ="FALSE" />
         <Property Name ="SEQUENCE" Value ="10" />
         <Property Name ="ID" Value ="b8d9a983-00f2-1000-806d-901692b23245::businessobjects.OrderedByAssoc::BC4JAssociationEnd" />
         <Property Name ="java.lang.JavaTransient" Value ="FALSE" />
         <Property Name ="VISIBILITY" Value ="PROTECTED" />
         <Property Name ="java.lang.JavaCollection" Value ="b8d92ae3-00f2-1000-8038-901692b23245::businessobjects.Orders::EntityObject" />
      </Data>
      <AttrArray Name="Attributes">
         <Item Value="toystore.model.businessobjects.Orders.Userid" />
      </AttrArray>
      <DesignTime>
         <Attr Name="_aggregation" Value="0" />
         <Attr Name="_isUpdateable" Value="true" />
         <Attr Name="_finderName" Value="Orders" />
      </DesignTime>
   </AssociationEnd>
</Association>
