<?xml version='1.0' encoding='windows-1252' ?>
<!DOCTYPE Entity SYSTEM "jbo_03_01.dtd">

<Entity
   Name="Product"
   DBObjectType="table"
   DBObjectName="PRODUCT"
   AliasName="Product"
   BindingStyle="Oracle"
   UseGlueCode="false"
   CodeGenFlag="4"
   RowClass="toystore.model.businessobjects.ProductImpl" >
   <Data>
      <Property Name ="ID" Value ="b8df5e7b-00f2-1000-80a6-901692b23245::businessobjects.Product::EntityObject" />
      <Property Name ="IS_ABSTRACT" Value ="FALSE" />
      <Property Name ="IS_ROOT" Value ="FALSE" />
      <Property Name ="CODE_SYNC_STATE" Value ="MODEL_ONLY" />
      <Property Name ="IS_LEAF" Value ="FALSE" />
      <Property Name ="IS_ACTIVE" Value ="FALSE" />
      <Property Name ="java.lang.JavaStrictFP" Value ="FALSE" />
      <Property Name ="VISIBILITY" Value ="PUBLIC" />
      <Property Name ="java.lang.JavaStatic" Value ="FALSE" />
   </Data>
   <DesignTime>
      <Attr Name="_isCodegen" Value="true" />
      <Attr Name="_version" Value="9.0.5.14.39" />
      <Attr Name="_superClass" Value="toystore.fwk.model.businessobjects.ToyStoreEntityImpl" />
      <AttrArray Name="_publishEvents">
      </AttrArray>
   </DesignTime>
   <Attribute
      Name="Productid"
      IsNotNull="true"
      Precision="10"
      Type="java.lang.String"
      ColumnName="PRODUCTID"
      ColumnType="VARCHAR2"
      SQLType="VARCHAR"
      TableName="PRODUCT"
      PrimaryKey="true" >
      <Data>
         <Property Name ="java.lang.JavaTransient" Value ="FALSE" />
         <Property Name ="OWNER_SCOPE" Value ="INSTANCE" />
         <Property Name ="ID" Value ="b8df5e7b-00f2-1000-80a7-901692b23245::businessobjects.Product::EntityObjectAttribute" />
         <Property Name ="CHANGEABILITY" Value ="CHANGEABLE" />
         <Property Name ="MULTIPLICITY" Value ="1" />
         <Property Name ="VISIBILITY" Value ="PACKAGE" />
         <Property Name ="java.lang.JavaVolatile" Value ="FALSE" />
      </Data>
      <DesignTime>
         <Attr Name="_DisplaySize" Value="10" />
      </DesignTime>
   </Attribute>
   <Attribute
      Name="Category"
      IsNotNull="true"
      Precision="10"
      Type="java.lang.String"
      ColumnName="CATEGORY"
      ColumnType="VARCHAR2"
      SQLType="VARCHAR"
      TableName="PRODUCT" >
      <Data>
         <Property Name ="java.lang.JavaTransient" Value ="FALSE" />
         <Property Name ="OWNER_SCOPE" Value ="INSTANCE" />
         <Property Name ="ID" Value ="b8df5e7b-00f2-1000-80a8-901692b23245::businessobjects.Product::EntityObjectAttribute" />
         <Property Name ="CHANGEABILITY" Value ="CHANGEABLE" />
         <Property Name ="MULTIPLICITY" Value ="1" />
         <Property Name ="VISIBILITY" Value ="PACKAGE" />
         <Property Name ="java.lang.JavaVolatile" Value ="FALSE" />
      </Data>
      <DesignTime>
         <Attr Name="_DisplaySize" Value="10" />
      </DesignTime>
   </Attribute>
   <Attribute
      Name="Name"
      Precision="80"
      Type="java.lang.String"
      ColumnName="NAME"
      ColumnType="VARCHAR2"
      SQLType="VARCHAR"
      TableName="PRODUCT" >
      <Data>
         <Property Name ="java.lang.JavaTransient" Value ="FALSE" />
         <Property Name ="OWNER_SCOPE" Value ="INSTANCE" />
         <Property Name ="ID" Value ="b8df5e7b-00f2-1000-80a9-901692b23245::businessobjects.Product::EntityObjectAttribute" />
         <Property Name ="CHANGEABILITY" Value ="CHANGEABLE" />
         <Property Name ="MULTIPLICITY" Value ="1" />
         <Property Name ="VISIBILITY" Value ="PACKAGE" />
         <Property Name ="java.lang.JavaVolatile" Value ="FALSE" />
      </Data>
      <DesignTime>
         <Attr Name="_DisplaySize" Value="80" />
      </DesignTime>
   </Attribute>
   <Attribute
      Name="Descn"
      Precision="255"
      Type="java.lang.String"
      ColumnName="DESCN"
      ColumnType="VARCHAR2"
      SQLType="VARCHAR"
      TableName="PRODUCT" >
      <Data>
         <Property Name ="java.lang.JavaTransient" Value ="FALSE" />
         <Property Name ="OWNER_SCOPE" Value ="INSTANCE" />
         <Property Name ="ID" Value ="b8df5e7b-00f2-1000-80aa-901692b23245::businessobjects.Product::EntityObjectAttribute" />
         <Property Name ="CHANGEABILITY" Value ="CHANGEABLE" />
         <Property Name ="MULTIPLICITY" Value ="1" />
         <Property Name ="VISIBILITY" Value ="PACKAGE" />
         <Property Name ="java.lang.JavaVolatile" Value ="FALSE" />
      </Data>
      <DesignTime>
         <Attr Name="_DisplaySize" Value="255" />
      </DesignTime>
   </Attribute>
   <Attribute
      Name="Picture"
      Precision="255"
      Type="java.lang.String"
      ColumnName="PICTURE"
      ColumnType="VARCHAR2"
      SQLType="VARCHAR"
      TableName="PRODUCT" >
      <Data>
         <Property Name ="java.lang.JavaTransient" Value ="FALSE" />
         <Property Name ="OWNER_SCOPE" Value ="INSTANCE" />
         <Property Name ="ID" Value ="b8df5e7b-00f2-1000-80ab-901692b23245::businessobjects.Product::EntityObjectAttribute" />
         <Property Name ="CHANGEABILITY" Value ="CHANGEABLE" />
         <Property Name ="MULTIPLICITY" Value ="1" />
         <Property Name ="VISIBILITY" Value ="PACKAGE" />
         <Property Name ="java.lang.JavaVolatile" Value ="FALSE" />
      </Data>
      <DesignTime>
         <Attr Name="_DisplaySize" Value="255" />
      </DesignTime>
   </Attribute>
   <AccessorAttribute
      Name="Category1"
      Association="toystore.model.businessobjects.CategoryForProductAssoc"
      AssociationEnd="toystore.model.businessobjects.CategoryForProductAssoc.Category1"
      AssociationOtherEnd="toystore.model.businessobjects.CategoryForProductAssoc.Product"
      Type="toystore.fwk.model.businessobjects.ToyStoreEntityImpl" >
   </AccessorAttribute>
   <AccessorAttribute
      Name="Item"
      Association="toystore.model.businessobjects.ProductKindAssoc"
      AssociationEnd="toystore.model.businessobjects.ProductKindAssoc.Item"
      AssociationOtherEnd="toystore.model.businessobjects.ProductKindAssoc.Product"
      Type="oracle.jbo.RowIterator"
      IsUpdateable="false" >
   </AccessorAttribute>
   <Key
      Name="SysC008784" >
      <AttrArray Name="Attributes">
         <Item Value="toystore.model.businessobjects.Product.Productid" />
      </AttrArray>
      <DesignTime>
         <Attr Name="_DBObjectName" Value="SYS_C008784" />
         <Attr Name="_checkCondition" Value="&#34;PRODUCTID&#34; IS NOT NULL" />
         <Attr Name="_isCheck" Value="true" />
      </DesignTime>
   </Key>
   <Key
      Name="SysC008785" >
      <AttrArray Name="Attributes">
         <Item Value="toystore.model.businessobjects.Product.Category" />
      </AttrArray>
      <DesignTime>
         <Attr Name="_DBObjectName" Value="SYS_C008785" />
         <Attr Name="_checkCondition" Value="&#34;CATEGORY&#34; IS NOT NULL" />
         <Attr Name="_isCheck" Value="true" />
      </DesignTime>
   </Key>
   <Key
      Name="ProductPrimaryKey" >
      <AttrArray Name="Attributes">
         <Item Value="toystore.model.businessobjects.Product.Productid" />
      </AttrArray>
      <DesignTime>
         <Attr Name="_DBObjectName" Value="PRODUCT_PRIMARY_KEY" />
         <Attr Name="_isPrimary" Value="true" />
      </DesignTime>
   </Key>
   <Key
      Name="CategoryForProduct" >
      <AttrArray Name="Attributes">
         <Item Value="toystore.model.businessobjects.Product.Category" />
      </AttrArray>
      <DesignTime>
         <Attr Name="_DBObjectName" Value="CATEGORY_FOR_PRODUCT" />
         <Attr Name="_referencedKey" Value="PK_CATEGORY" />
         <Attr Name="_isForeign" Value="true" />
      </DesignTime>
   </Key>
</Entity>
