<?xml version='1.0' encoding='windows-1252' ?>
<!DOCTYPE Association SYSTEM "jbo_03_01.dtd">

<Association
   Name="ProfileForAccountAssoc" >
   <DesignTime>
      <Attr Name="_isCodegen" Value="true" />
      <Attr Name="_version" Value="9.0.5.14.39" />
   </DesignTime>
   <AssociationEnd
      Name="Account"
      Cardinality="0"
      Source="true"
      Owner="toystore.model.businessobjects.Account" >
      <AttrArray Name="Attributes">
         <Item Value="toystore.model.businessobjects.Account.Userid" />
      </AttrArray>
      <DesignTime>
         <Attr Name="_aggregation" Value="0" />
         <Attr Name="_isUpdateable" Value="true" />
         <Attr Name="_finderName" Value="Account" />
      </DesignTime>
   </AssociationEnd>
   <AssociationEnd
      Name="Profile"
      Cardinality="-1"
      Owner="toystore.model.businessobjects.Profile" >
      <AttrArray Name="Attributes">
         <Item Value="toystore.model.businessobjects.Profile.Userid" />
      </AttrArray>
      <DesignTime>
         <Attr Name="_aggregation" Value="0" />
         <Attr Name="_isUpdateable" Value="true" />
         <Attr Name="_finderName" Value="Profile" />
      </DesignTime>
   </AssociationEnd>
</Association>
