<?xml version='1.0' encoding='windows-1252' ?>
<!DOCTYPE Entity SYSTEM "jbo_03_01.dtd">

<Entity
   Name="Signon"
   DBObjectType="table"
   DBObjectName="SIGNON"
   AliasName="Signon"
   BindingStyle="Oracle"
   UseGlueCode="false"
   CodeGenFlag="133"
   RowClass="toystore.model.businessobjects.SignonImpl"
   MsgBundleClass="toystore.model.businessobjects.common.SignonImplMsgBundle" >
   <Data>
      <Property Name ="ID" Value ="b8d5d8ea-00f2-1000-8028-901692b23245::businessobjects.Signon::EntityObject" />
      <Property Name ="IS_ABSTRACT" Value ="FALSE" />
      <Property Name ="IS_ROOT" Value ="FALSE" />
      <Property Name ="CODE_SYNC_STATE" Value ="MODEL_ONLY" />
      <Property Name ="IS_LEAF" Value ="FALSE" />
      <Property Name ="IS_ACTIVE" Value ="FALSE" />
      <Property Name ="java.lang.JavaStrictFP" Value ="FALSE" />
      <Property Name ="VISIBILITY" Value ="PUBLIC" />
      <Property Name ="java.lang.JavaStatic" Value ="FALSE" />
   </Data>
   <DesignTime>
      <Attr Name="_isCodegen" Value="true" />
      <Attr Name="_version" Value="9.0.5.14.39" />
      <Attr Name="_superClass" Value="toystore.fwk.model.businessobjects.ToyStoreEntityImpl" />
      <AttrArray Name="_publishEvents">
      </AttrArray>
   </DesignTime>
   <Attribute
      Name="Username"
      IsUpdateable="while_insert"
      IsUnique="true"
      IsNotNull="true"
      Precision="25"
      Type="java.lang.String"
      ColumnName="USERNAME"
      ColumnType="VARCHAR2"
      SQLType="VARCHAR"
      TableName="SIGNON"
      PrimaryKey="true" >
      <Data>
         <Property Name ="java.lang.JavaTransient" Value ="FALSE" />
         <Property Name ="OWNER_SCOPE" Value ="INSTANCE" />
         <Property Name ="ID" Value ="b8d5d8f4-00f2-1000-8029-901692b23245::businessobjects.Signon::EntityObjectAttribute" />
         <Property Name ="CHANGEABILITY" Value ="CHANGEABLE" />
         <Property Name ="MULTIPLICITY" Value ="1" />
         <Property Name ="VISIBILITY" Value ="PACKAGE" />
         <Property Name ="java.lang.JavaVolatile" Value ="FALSE" />
      </Data>
      <DesignTime>
         <Attr Name="_DisplaySize" Value="25" />
      </DesignTime>
   </Attribute>
   <Attribute
      Name="Password"
      IsNotNull="true"
      Precision="25"
      Type="java.lang.String"
      ColumnName="PASSWORD"
      ColumnType="VARCHAR2"
      SQLType="VARCHAR"
      TableName="SIGNON" >
      <Data>
         <Property Name ="java.lang.JavaTransient" Value ="FALSE" />
         <Property Name ="OWNER_SCOPE" Value ="INSTANCE" />
         <Property Name ="ID" Value ="b8d5d8f4-00f2-1000-802a-901692b23245::businessobjects.Signon::EntityObjectAttribute" />
         <Property Name ="CHANGEABILITY" Value ="CHANGEABLE" />
         <Property Name ="MULTIPLICITY" Value ="1" />
         <Property Name ="VISIBILITY" Value ="PACKAGE" />
         <Property Name ="java.lang.JavaVolatile" Value ="FALSE" />
      </Data>
      <DesignTime>
         <Attr Name="_DisplaySize" Value="25" />
      </DesignTime>
   </Attribute>
   <AccessorAttribute
      Name="Account"
      Association="toystore.model.businessobjects.AccountInfoForUser"
      AssociationEnd="toystore.model.businessobjects.AccountInfoForUser.Account"
      AssociationOtherEnd="toystore.model.businessobjects.AccountInfoForUser.Signon"
      Type="toystore.model.businessobjects.AccountImpl" >
   </AccessorAttribute>
   <UniquePKValidationBean >
   </UniquePKValidationBean>
</Entity>
