<?xml version='1.0' encoding='windows-1252' ?>
<!DOCTYPE Association SYSTEM "jbo_03_01.dtd">

<Association
   Name="SuppliedByAssoc" >
   <Data>
      <Property Name ="IS_LEAF" Value ="FALSE" />
      <Property Name ="IS_ABSTRACT" Value ="FALSE" />
      <Property Name ="ID" Value ="b8dfe232-00f2-1000-80c4-901692b23245::businessobjects.SuppliedByAssoc::BC4JAssociation" />
      <Property Name ="IS_ROOT" Value ="FALSE" />
   </Data>
   <DesignTime>
      <Attr Name="_isCodegen" Value="true" />
      <Attr Name="_version" Value="9.0.5.15.36" />
   </DesignTime>
   <AssociationEnd
      Name="ItemSupplier"
      Cardinality="1"
      Source="true"
      Owner="toystore.model.businessobjects.Supplier" >
      <Data>
         <Property Name ="SCOPE" Value ="INSTANCE" />
         <Property Name ="java.lang.JavaDimensions" Value ="0" />
         <Property Name ="java.lang.JavaVolatile" Value ="FALSE" />
         <Property Name ="SEQUENCE" Value ="0" />
         <Property Name ="ID" Value ="b8dfe232-00f2-1000-80c5-901692b23245::businessobjects.SuppliedByAssoc::BC4JAssociationEnd" />
         <Property Name ="java.lang.JavaTransient" Value ="FALSE" />
         <Property Name ="VISIBILITY" Value ="PROTECTED" />
         <Property Name ="java.lang.JavaCollection" Value ="b8dfb625-00f2-1000-80b1-901692b23245::businessobjects.Supplier::EntityObject" />
      </Data>
      <AttrArray Name="Attributes">
         <Item Value="toystore.model.businessobjects.Supplier.Suppid" />
      </AttrArray>
      <DesignTime>
         <Attr Name="_minCardinality" Value="1" />
         <Attr Name="_aggregation" Value="0" />
         <Attr Name="_isUpdateable" Value="true" />
         <Attr Name="_finderName" Value="ItemSupplier" />
      </DesignTime>
   </AssociationEnd>
   <AssociationEnd
      Name="Item"
      Cardinality="-1"
      Owner="toystore.model.businessobjects.Item" >
      <Data>
         <Property Name ="SCOPE" Value ="INSTANCE" />
         <Property Name ="java.lang.JavaDimensions" Value ="1" />
         <Property Name ="java.lang.JavaVolatile" Value ="FALSE" />
         <Property Name ="SEQUENCE" Value ="10" />
         <Property Name ="ID" Value ="b8dfe232-00f2-1000-80c6-901692b23245::businessobjects.SuppliedByAssoc::BC4JAssociationEnd" />
         <Property Name ="java.lang.JavaTransient" Value ="FALSE" />
         <Property Name ="VISIBILITY" Value ="PROTECTED" />
         <Property Name ="java.lang.JavaCollection" Value ="b8db7d1a-00f2-1000-8080-901692b23245::businessobjects.Item::EntityObject" />
      </Data>
      <AttrArray Name="Attributes">
         <Item Value="toystore.model.businessobjects.Item.Supplier" />
      </AttrArray>
      <DesignTime>
         <Attr Name="_aggregation" Value="0" />
         <Attr Name="_isUpdateable" Value="true" />
         <Attr Name="_finderName" Value="Item" />
      </DesignTime>
   </AssociationEnd>
</Association>
