<?xml version = '1.0' encoding = 'windows-1252' standalone = 'yes'?>
<jazn-data xmlns:xsi="http://www.w3.org/2001/XMLSchema-instance" xsi:noNamespaceSchemaLocation="http://xmlns.oracle.com/oracleas/schema/jazn-data-10_0.xsd" filepath="" OC4J_INSTANCE_ID="">
  <jazn-realm>
    <realm>
      <name>jazn.com</name>
      <users>
                <user>
                    <name>DataBase_User_hmGo2vZA3XeGkmGHF8Gi_3n7JsK7BmS-</name>
                    <credentials>{903}hmGo2vZA3XeGkmGHF8Gi/3n7JsK7BmS+</credentials>
                </user>
                <user>
                    <name>DataBase_User_7W0sPSW0U7uyhzmsGeYGWG27r-kOQL-_</name>
                    <credentials>{903}7W0sPSW0U7uyhzmsGeYGWG27r+kOQL+/</credentials>
                </user>
                <user>
                    <name>DataBase_User_Ha0xS2GteRw5z6bPqpBszcMZp4A3x2WR</name>
                    <credentials>{903}Ha0xS2GteRw5z6bPqpBszcMZp4A3x2WR</credentials>
                </user>
                <user>
                    <name>DataBase_User_oSTOrl2tL9w40wfDblWbDToNRzEBjjo4</name>
                    <credentials>{903}oSTOrl2tL9w40wfDblWbDToNRzEBjjo4</credentials>
                </user>
                <user>
                    <name>DataBase_User_3FQHM_MBTA3vBIa1WUO4P8I6UUMVvZ3I</name>
                    <credentials>{903}3FQHM/MBTA3vBIa1WUO4P8I6UUMVvZ3I</credentials>
                </user>
                <user>
                    <name>DataBase_User_RJXAX_o0OHkgaLg0aa-ImVSu-hoWV2er</name>
                    <credentials>{903}RJXAX/o0OHkgaLg0aa+ImVSu+hoWV2er</credentials>
                </user>
                <user>
                    <name>DataBase_User_vp-HuDVV1eB-lxNyXx8Tb2GuN7y6uKrG</name>
                    <credentials>{903}vp+HuDVV1eB+lxNyXx8Tb2GuN7y6uKrG</credentials>
                </user>
                <user>
                    <name>DataBase_User_o13wtQECv9y7JPdXQ275on5d_JLre2Xf</name>
                    <credentials>{903}o13wtQECv9y7JPdXQ275on5d/JLre2Xf</credentials>
                </user>
                <user>
                    <name>DataBase_User_6uic1ssmuRTaMUcQyilQjr8n05JzEs_2</name>
                    <credentials>{903}6uic1ssmuRTaMUcQyilQjr8n05JzEs/2</credentials>
                </user>
                <user>
                    <name>DataBase_User_bUdHFS_25kTAfIKH3G70H2nf7pega4XY</name>
                    <credentials>{903}bUdHFS/25kTAfIKH3G70H2nf7pega4XY</credentials>
                </user>
                <user>
                    <name>DataBase_User_ajTsbRPCrH42w7HI0ic16gy_dl4Bqt_A</name>
                    <credentials>{903}ajTsbRPCrH42w7HI0ic16gy/dl4Bqt/A</credentials>
                </user>
                <user>
                    <name>DataBase_User_gOlTmDg60Knri2d3gCOgWOMHVkcENMKW</name>
                    <credentials>{903}gOlTmDg60Knri2d3gCOgWOMHVkcENMKW</credentials>
                </user>
                <user>
                    <name>DataBase_User_xxSftQdmTK9bUVDyavCbnfvEVylZFVPb</name>
                    <credentials>{903}xxSftQdmTK9bUVDyavCbnfvEVylZFVPb</credentials>
                </user>
                <user>
                    <name>DataBase_User_H-1tQQpHsCVEUAa0rqt-3wckkC5zIJp7</name>
                    <credentials>{903}H+1tQQpHsCVEUAa0rqt+3wckkC5zIJp7</credentials>
                </user>
            </users>
      <roles/>
    </realm>
  </jazn-realm>
</jazn-data>
