<?xml version='1.0' encoding='windows-1252' ?>
<!DOCTYPE ViewObject SYSTEM "jbo_03_01.dtd">

<ViewObject
   Name="DepartmentList"
   BindingStyle="OracleName"
   CustomQuery="true"
   ComponentClass="demo.findtable.model.DepartmentListImpl"
   UseGlueCode="false" >
   <SQLQuery><![CDATA[
select deptno, initcap(dname) as dname from dept order by dname
   ]]></SQLQuery>
   <DesignTime>
      <Attr Name="_isExpertMode" Value="true" />
      <Attr Name="_version" Value="10.1.3.36.73" />
      <Attr Name="_codeGenFlag2" Value="Access|Coll|VarAccess" />
   </DesignTime>
   <ViewAttribute
      Name="Deptno"
      IsUpdateable="false"
      IsPersistent="false"
      IsNotNull="true"
      Precision="2"
      Scale="0"
      Type="oracle.jbo.domain.Number"
      ColumnType="NUMBER"
      AliasName="DEPTNO"
      Expression="DEPTNO"
      SQLType="NUMERIC" >
      <DesignTime>
         <Attr Name="_DisplaySize" Value="22" />
      </DesignTime>
   </ViewAttribute>
   <ViewAttribute
      Name="Dname"
      IsUpdateable="false"
      IsPersistent="false"
      Precision="14"
      Type="java.lang.String"
      ColumnType="VARCHAR2"
      AliasName="DNAME"
      Expression="DNAME"
      SQLType="VARCHAR" >
      <DesignTime>
         <Attr Name="_DisplaySize" Value="14" />
      </DesignTime>
   </ViewAttribute>
</ViewObject>
