<?xml version="1.0" encoding="windows-1252" ?>
<!DOCTYPE ViewObject SYSTEM "jbo_03_01.dtd">
<!---->
<ViewObject
  xmlns="http://xmlns.oracle.com/bc4j"
  Name="CountriesView"
  Version="11.1.1.61.92"
  InheritPersonalization="true"
  SelectList="Countries.COUNTRY_ID, 
       Countries.COUNTRY_NAME, 
       Countries.REGION_ID"
  FromList="COUNTRIES Countries"
  BindingStyle="OracleName"
  CustomQuery="false"
  PageIterMode="Full"
  UseGlueCode="false"
  FetchMode="FETCH_ALL"
  RangeSize="-1"
  RowClass="org.emg.adf.sample.model.fwk.BaseViewRowImpl"
  ComponentClass="org.emg.adf.sample.model.fwk.BaseViewObjectImpl">
  <ViewAccessor
    Name="RegionsView1"
    ViewObjectName="org.emg.adf.sample.model.RegionsView"
    RowLevelBinds="true"/>
  <ListBinding
    Name="LOV_RegionId"
    ListVOName="RegionsView1"
    ListRangeSize="-1"
    NullValueFlag="start"
    NullValueId="${adfBundle['oracle.javatools.resourcebundle.SystemBundle']['NULL_VALUE_RESID']}"
    MRUCount="0">
    <AttrArray Name="AttrNames">
      <Item Value="RegionId"/>
    </AttrArray>
    <AttrArray Name="ListAttrNames">
      <Item Value="RegionId"/>
    </AttrArray>
    <AttrArray Name="ListDisplayAttrNames">
      <Item Value="RegionName"/>
    </AttrArray>
    <DisplayCriteria/>
  </ListBinding>
  <EntityUsage
    Name="Countries"
    Entity="org.emg.adf.sample.model.Countries"/>
  <ViewAttribute
    Name="CountryId"
    IsNotNull="true"
    PrecisionRule="true"
    EntityAttrName="CountryId"
    EntityUsage="Countries"
    AliasName="COUNTRY_ID"/>
  <ViewAttribute
    Name="CountryName"
    PrecisionRule="true"
    EntityAttrName="CountryName"
    EntityUsage="Countries"
    AliasName="COUNTRY_NAME"/>
  <ViewAttribute
    Name="RegionId"
    PrecisionRule="true"
    EntityAttrName="RegionId"
    EntityUsage="Countries"
    AliasName="REGION_ID"
    LOVName="LOV_RegionId">
    <Properties>
      <SchemaBasedProperties>
        <CONTROLTYPE
          Value="choice"/>
      </SchemaBasedProperties>
    </Properties>
  </ViewAttribute>
</ViewObject>
