<?xml version="1.0" encoding="windows-1252" ?>
<!DOCTYPE Entity SYSTEM "jbo_03_01.dtd">
<!---->
<Entity
  xmlns="http://xmlns.oracle.com/bc4j"
  Name="Regions"
  Version="11.1.1.61.92"
  InheritPersonalization="true"
  DBObjectType="table"
  DBObjectName="REGIONS"
  AliasName="Regions"
  BindingStyle="OracleName"
  UseGlueCode="false">
  <DesignTime>
    <Attr Name="_codeGenFlag2" Value="Access"/>
    <AttrArray Name="_publishEvents"/>
  </DesignTime>
  <Attribute
    Name="RegionId"
    IsNotNull="true"
    ColumnName="REGION_ID"
    SQLType="NUMERIC"
    Type="oracle.jbo.domain.Number"
    ColumnType="NUMBER"
    TableName="REGIONS"
    PrimaryKey="true">
    <DesignTime>
      <Attr Name="_DisplaySize" Value="39"/>
    </DesignTime>
  </Attribute>
  <Attribute
    Name="RegionName"
    Precision="25"
    ColumnName="REGION_NAME"
    SQLType="VARCHAR"
    Type="java.lang.String"
    ColumnType="VARCHAR2"
    TableName="REGIONS">
    <DesignTime>
      <Attr Name="_DisplaySize" Value="25"/>
    </DesignTime>
  </Attribute>
  <AccessorAttribute
    Name="Countries"
    Association="org.emg.adf.sample.model.CountrRegFkAssoc"
    AssociationEnd="org.emg.adf.sample.model.CountrRegFkAssoc.Countries"
    AssociationOtherEnd="org.emg.adf.sample.model.CountrRegFkAssoc.Regions"
    Type="oracle.jbo.RowIterator"
    IsUpdateable="false"/>
  <Key
    Name="RegIdPk"
    PrimaryKey="true">
    <DesignTime>
      <Attr Name="_DBObjectName" Value="REG_ID_PK"/>
    </DesignTime>
    <AttrArray Name="Attributes">
      <Item Value="org.emg.adf.sample.model.Regions.RegionId"/>
    </AttrArray>
  </Key>
  <Key
    Name="RegionIdNn">
    <DesignTime>
      <Attr Name="_DBObjectName" Value="REGION_ID_NN"/>
      <Attr Name="_checkCondition" Value='"REGION_ID" IS NOT NULL'/>
      <Attr Name="_isCheck" Value="true"/>
    </DesignTime>
    <AttrArray Name="Attributes">
      <Item Value="org.emg.adf.sample.model.Regions.RegionId"/>
    </AttrArray>
  </Key>
</Entity>
