<?xml version = '1.0' encoding = 'windows-1252' standalone = 'yes'?>
<jazn-data xmlns:xsi="http://www.w3.org/2001/XMLSchema-instance" xsi:noNamespaceSchemaLocation="http://xmlns.oracle.com/oracleas/schema/jazn-data-10_0.xsd" filepath="" OC4J_INSTANCE_ID="">
  <jazn-realm>
    <realm>
      <name>jazn.com</name>
      <users>
        <user>
          <name>DataBase_User_QwyvQAwMaVaOR6stZCHAKEiD80rxjrMR</name>
          <credentials>{903}QwyvQAwMaVaOR6stZCHAKEiD80rxjrMR</credentials>
        </user>
        <user>
          <name>DataBase_User_TcaFyvQBHW9r30-wIyi71v23T3SFjYqf</name>
          <credentials>{903}TcaFyvQBHW9r30+wIyi71v23T3SFjYqf</credentials>
        </user>
        <user>
          <name>DataBase_User_ya5qCaxz3KOu7xOQelXLQfUD_VBxUNIaeXgILMzToEM=</name>
          <credentials>{903}ya5qCaxz3KOu7xOQelXLQfUD/VBxUNIaeXgILMzToEM=</credentials>
        </user>
        <user>
          <name>DataBase_User_2CSF-CGXEfJXbjWZ2XsDqhik2Qm4cxAVbKlMc8tPHEs=</name>
          <credentials>{903}2CSF+CGXEfJXbjWZ2XsDqhik2Qm4cxAVbKlMc8tPHEs=</credentials>
        </user>
        <user>
          <name>DataBase_User_QHUBPv4gAHxUbXvHpeFBm_HANunKKEBh</name>
          <credentials>{903}QHUBPv4gAHxUbXvHpeFBm/HANunKKEBh</credentials>
        </user>
        <user>
          <name>DataBase_User_zPEVJ8EPw5qQ4HeQNCYYVT8juFQr1F_g</name>
          <credentials>{903}zPEVJ8EPw5qQ4HeQNCYYVT8juFQr1F/g</credentials>
        </user>
        <user>
          <name>DataBase_User_eIlFMiBDuvVK9RmiImtQ_ebS-iISUsSI</name>
          <credentials>{903}eIlFMiBDuvVK9RmiImtQ/ebS+iISUsSI</credentials>
        </user>
        <user>
          <name>DataBase_User_AKPRKG5BF2UgYkr6chgBb8rIEorhhtD2</name>
          <credentials>{903}AKPRKG5BF2UgYkr6chgBb8rIEorhhtD2</credentials>
        </user>
        <user>
          <name>DataBase_User_qFFnY4wgV-8hoOYTClZykQIKVw6op2rU</name>
          <credentials>{903}qFFnY4wgV+8hoOYTClZykQIKVw6op2rU</credentials>
        </user>
        <user>
          <name>DataBase_User_EsM5-Y7AcA7qPC9T6OlCHdQTnQPrpNgQ</name>
          <credentials>{903}EsM5+Y7AcA7qPC9T6OlCHdQTnQPrpNgQ</credentials>
        </user>
        <user>
          <name>DataBase_User_YUn9ajIslg19ouESbvztONiF7_-a8OYa</name>
          <credentials>{903}YUn9ajIslg19ouESbvztONiF7/+a8OYa</credentials>
        </user>
        <user>
          <name>DataBase_User_JaW9KxLW0qf40ygc2FxxNbIrnlHpMibk</name>
          <credentials>{903}JaW9KxLW0qf40ygc2FxxNbIrnlHpMibk</credentials>
        </user>
        <user>
          <name>DataBase_User_DakSQApA95u_hHuy7G8w1frRKuN9mvCw</name>
          <credentials>{903}DakSQApA95u/hHuy7G8w1frRKuN9mvCw</credentials>
        </user>
        <user>
          <name>DataBase_User_tJw9CNfWkaQCR9gfuWG6LYejzxJKMt3K</name>
          <credentials>{903}tJw9CNfWkaQCR9gfuWG6LYejzxJKMt3K</credentials>
        </user>
        <user>
          <name>DataBase_User_3rqasDA0WK4s9BiCa9Nm1__0VTqiOcKW</name>
          <credentials>{903}3rqasDA0WK4s9BiCa9Nm1//0VTqiOcKW</credentials>
        </user>
        <user>
          <name>DataBase_User_0h0u8KXKBJUQL4llXrbjol_D6PR8JS0F</name>
          <credentials>{903}0h0u8KXKBJUQL4llXrbjol/D6PR8JS0F</credentials>
        </user>
        <user>
          <name>DataBase_User_Wz8SJSBqTuRzyJP_HjQTkyn_zAznw37r</name>
          <credentials>{903}Wz8SJSBqTuRzyJP/HjQTkyn/zAznw37r</credentials>
        </user>
        <user>
          <name>DataBase_User_sLLe0O80I8oXcE5Ad3KKGnhGFGa7lFwW</name>
          <credentials>{903}sLLe0O80I8oXcE5Ad3KKGnhGFGa7lFwW</credentials>
        </user>
      </users>
      <roles/>
    </realm>
  </jazn-realm>
</jazn-data>
