<?xml version = '1.0' encoding = 'windows-1252' standalone = 'yes'?>
<jazn-data xmlns:xsi="http://www.w3.org/2001/XMLSchema-instance" xsi:noNamespaceSchemaLocation="http://xmlns.oracle.com/oracleas/schema/jazn-data-10_0.xsd" filepath="" OC4J_INSTANCE_ID="">
  <jazn-realm>
    <realm>
      <name>jazn.com</name>
      <users>
        <user>
          <name>DataBase_User_0DrhQZ3Nzb-IvWU7AM2LtTEPirCfebtm</name>
          <credentials>{903}0DrhQZ3Nzb+IvWU7AM2LtTEPirCfebtm</credentials>
        </user>
        <user>
          <name>DataBase_User_sJJFDol702LvOkS2UY08jFBflcAS3y8V</name>
          <credentials>{903}sJJFDol702LvOkS2UY08jFBflcAS3y8V</credentials>
        </user>
        <user>
          <name>DataBase_User_duWq5kLwBJnoN6hj4MNYG2bo43BrgLEH</name>
          <credentials>{903}duWq5kLwBJnoN6hj4MNYG2bo43BrgLEH</credentials>
        </user>
        <user>
          <name>DataBase_User_Yyi1GVkRKv-BdcA9jEZRhUzROR3qe_lc</name>
          <credentials>{903}Yyi1GVkRKv+BdcA9jEZRhUzROR3qe/lc</credentials>
        </user>
        <user>
          <name>DataBase_User__3lg1MqsfimDbaKg66_q_HNaaPAtLiry</name>
          <credentials>{903}/3lg1MqsfimDbaKg66/q/HNaaPAtLiry</credentials>
        </user>
        <user>
          <name>DataBase_User_NLAClcLyMG7w6NK-0kw1S0IMwrioFV5w</name>
          <credentials>{903}NLAClcLyMG7w6NK+0kw1S0IMwrioFV5w</credentials>
        </user>
        <user>
          <name>DataBase_User_-vfG-Jh1MKDyCB0xwDMyKJz89wMXwZIW</name>
          <credentials>{903}+vfG+Jh1MKDyCB0xwDMyKJz89wMXwZIW</credentials>
        </user>
        <user>
          <name>DataBase_User_ms5_tDHblS6K4U1zH_q0XEuSR1_Fib9m</name>
          <credentials>{903}ms5/tDHblS6K4U1zH/q0XEuSR1/Fib9m</credentials>
        </user>
        <user>
          <name>DataBase_User_5mdq8Hiq22R5Fgd9iIawKqG1MpACStN3</name>
          <credentials>{903}5mdq8Hiq22R5Fgd9iIawKqG1MpACStN3</credentials>
        </user>
        <user>
          <name>DataBase_User_WXaBUHC4A7NNqJ7q0PeXRnEBX9gaMepF</name>
          <credentials>{903}WXaBUHC4A7NNqJ7q0PeXRnEBX9gaMepF</credentials>
        </user>
        <user>
          <name>DataBase_User_vAFmg4b7xYsTsJ-0G6cPzWBSIqVMJWxU</name>
          <credentials>{903}vAFmg4b7xYsTsJ+0G6cPzWBSIqVMJWxU</credentials>
        </user>
        <user>
          <name>DataBase_User_fSxhnGHVD53rFdBuumfBkYDA-cIwuKuA</name>
          <credentials>{903}fSxhnGHVD53rFdBuumfBkYDA+cIwuKuA</credentials>
        </user>
        <user>
          <name>DataBase_User_3T1iB0SEi23I2_fJy4fWAxjvAT_4UNya</name>
          <credentials>{903}3T1iB0SEi23I2/fJy4fWAxjvAT/4UNya</credentials>
        </user>
        <user>
          <name>DataBase_User_5Lo6Gexx8AabHrSFygVPDccqAOwEG9A8</name>
          <credentials>{903}5Lo6Gexx8AabHrSFygVPDccqAOwEG9A8</credentials>
        </user>
        <user>
          <name>DataBase_User_JRbGp9NVfDNtZ0eLXVdUaa4k4jjajq_TMaTXjA2wDVI=</name>
          <credentials>{903}JRbGp9NVfDNtZ0eLXVdUaa4k4jjajq/TMaTXjA2wDVI=</credentials>
        </user>
        <user>
          <name>DataBase_User_A5ywuUAEAc-3Wl0qZp2FC082OjfIB7QjVIQVQwbvLqQ=</name>
          <credentials>{903}A5ywuUAEAc+3Wl0qZp2FC082OjfIB7QjVIQVQwbvLqQ=</credentials>
        </user>
        <user>
          <name>DataBase_User_MknmtfuvoXE8jYssXPw15glhLvXBQgAx</name>
          <credentials>{903}MknmtfuvoXE8jYssXPw15glhLvXBQgAx</credentials>
        </user>
        <user>
          <name>DataBase_User_lnmtFKTVSYELO2yiS4CMUZ5NU6e5DLur</name>
          <credentials>{903}lnmtFKTVSYELO2yiS4CMUZ5NU6e5DLur</credentials>
        </user>
        <user>
          <name>DataBase_User_z1mEHiD9FRFklzMpwCE1AO0OSF7yqY4o</name>
          <credentials>{903}z1mEHiD9FRFklzMpwCE1AO0OSF7yqY4o</credentials>
        </user>
        <user>
          <name>DataBase_User_PGpEWrb_MM6UCfd8bTjn5TDDhnVwJeF0</name>
          <credentials>{903}PGpEWrb/MM6UCfd8bTjn5TDDhnVwJeF0</credentials>
        </user>
        <user>
          <name>DataBase_User_fGpJ75GlgAQpnzd8HqN9SA81XkanSzW9</name>
          <credentials>{903}fGpJ75GlgAQpnzd8HqN9SA81XkanSzW9</credentials>
        </user>
        <user>
          <name>DataBase_User_0eFB4ca3ggEUBAbAlmXJOWkif7mXHaVu</name>
          <credentials>{903}0eFB4ca3ggEUBAbAlmXJOWkif7mXHaVu</credentials>
        </user>
        <user>
          <name>DataBase_User_4FdkzUeBCPxmdfN-Y_HpECDkYsRpoeUc</name>
          <credentials>{903}4FdkzUeBCPxmdfN+Y/HpECDkYsRpoeUc</credentials>
        </user>
        <user>
          <name>DataBase_User_JjDjT7UmAmQ8L09mRhViQQFuVtAezIPj</name>
          <credentials>{903}JjDjT7UmAmQ8L09mRhViQQFuVtAezIPj</credentials>
        </user>
        <user>
          <name>DataBase_User_-a4PDraw21mn6aMPlNsgrjCpYdmRkogc</name>
          <credentials>{903}+a4PDraw21mn6aMPlNsgrjCpYdmRkogc</credentials>
        </user>
        <user>
          <name>DataBase_User_Y0XPZzsN41JI-in-I6rx32dpB4LMZHV2</name>
          <credentials>{903}Y0XPZzsN41JI+in+I6rx32dpB4LMZHV2</credentials>
        </user>
        <user>
          <name>DataBase_User_XPE3kRjha1xWGBicfZHx5N3CbsQPMcVl</name>
          <credentials>{903}XPE3kRjha1xWGBicfZHx5N3CbsQPMcVl</credentials>
        </user>
        <user>
          <name>DataBase_User_UL8XCiqJHf8NEeC--YX3hvpUSuDwQsXd</name>
          <credentials>{903}UL8XCiqJHf8NEeC++YX3hvpUSuDwQsXd</credentials>
        </user>
        <user>
          <name>DataBase_User_BKxjSBtxOYu9Ho7gMP2669N-gTwIlS-1</name>
          <credentials>{903}BKxjSBtxOYu9Ho7gMP2669N+gTwIlS+1</credentials>
        </user>
        <user>
          <name>DataBase_User_kdV7NxGpm5tWi16bGgKYO0PnEzI1zp6J</name>
          <credentials>{903}kdV7NxGpm5tWi16bGgKYO0PnEzI1zp6J</credentials>
        </user>
        <user>
          <name>DataBase_User_0ooz4PQ_MrtGPcf-59jB0LGes04kul3q</name>
          <credentials>{903}0ooz4PQ/MrtGPcf+59jB0LGes04kul3q</credentials>
        </user>
        <user>
          <name>DataBase_User_5XDWE8IGYWr3kQojKbNM9crS8EwFgmQE</name>
          <credentials>{903}5XDWE8IGYWr3kQojKbNM9crS8EwFgmQE</credentials>
        </user>
      </users>
      <roles/>
    </realm>
  </jazn-realm>
</jazn-data>
