<?xml version="1.0" encoding="UTF-8" standalone='yes'?>
<jazn-data
  xmlns:xsi="http://www.w3.org/2001/XMLSchema-instance"
  xsi:noNamespaceSchemaLocation="http://xmlns.oracle.com/oracleas/schema/jazn-data-10_0.xsd"
  schema-major-version="10"
  schema-minor-version="0"
>
<!-- JAZN Realm Data -->
<jazn-realm>
	<realm>
		<name>jazn.com</name>
		<users>
			<user>
				<name>anonymous#scott</name>
				<guid>D32AD6F082D411DCBF9BF357C8554393</guid>
				<credentials>{903}Tg15TeVPMuU6ZrKOMLP+oD6cXeQWUOg5b/+I4sN79HGbCfdVFceNohhA5FG/vM/QHZkHnPJQIUyj
pECacDmrAjGF+DGu76+8wMCCSD9naPQPwCnT12MERyRXvDdtemz63OquNtrkxoSs7hzyu5xvBcXt
hUpyrp7PXQwcFhUll9dZQLgK5yGvf8VZQ5ZjiTlMRLTDrC6smgqJWCYXAPm95TBzZm54yASvG8r0
r9W3KN+NeNWQ6dkbtsnQS6eNIrgpGvbf0ZnC0ZdpDlI1WZRU9+qmaAOK2G/73Rq0OpX1J6bTAvti
zRRIjTJv7wx35AGo182x5cWpwkdHNJqogCUEoEAX0YgHF0jqvC8TIYUAG4qWLVIRi7zQ/Gbny/K5
LNb96bGcFbXyRsCKVxLV1r+agH6rtPuQTQujsDB6+qOno3OGbJeOuUOOMj1CuDBaoVyAM2jvy9R/
ZTsh5mwKAQY6nx/23Cez4aKtGvks4nCmayRbLBTuL8aGF7EHXVGAXmC1444u0EXkldNBg86BQNQV
LovyLTbg6DdGvkVZEn48tRrFV7UWAaQLKYm9KDVL+zhx4rbHFgdlwFU=</credentials>
			</user>
		</users>
		<roles>
		</roles>
	</realm>
</jazn-realm>
<!-- JACC Repository Data -->
<jacc-repository>
</jacc-repository>
<jazn-permission-classes>
</jazn-permission-classes>
</jazn-data>
