<?xml version='1.0' encoding='windows-1252' ?>
<!DOCTYPE ViewObject SYSTEM "jbo_03_01.dtd">

<ViewObject
   Name="CountriesView"
   SelectList="Countries.COUNTRY_ID, 
       Countries.COUNTRY_NAME, 
       Countries.REGION_ID"
   FromList="COUNTRIES Countries"
   BindingStyle="OracleName"
   CustomQuery="false"
   ComponentClass="demo.model.CustomViewObjectImpl"
   FetchMode="FETCH_AS_NEEDED"
   UseGlueCode="false" >
   <Properties>
      <Property Name ="PlainPaging" Value ="true" />
   </Properties>
   <DesignTime>
      <Attr Name="_version" Value="10.1.3.40.66" />
      <Attr Name="_objectSuperClassName" Value="demo.model.CustomViewObjectImpl" />
      <Attr Name="_codeGenFlag2" Value="Access|VarAccess" />
   </DesignTime>
   <EntityUsage
      Name="Countries"
      Entity="demo.model.Countries" >
      <DesignTime>
         <Attr Name="_queryClause" Value="false" />
      </DesignTime>
   </EntityUsage>
   <ViewAttribute
      Name="CountryId"
      IsNotNull="true"
      EntityAttrName="CountryId"
      EntityUsage="Countries"
      AliasName="COUNTRY_ID" >
   </ViewAttribute>
   <ViewAttribute
      Name="CountryName"
      EntityAttrName="CountryName"
      EntityUsage="Countries"
      AliasName="COUNTRY_NAME" >
   </ViewAttribute>
   <ViewAttribute
      Name="RegionId"
      EntityAttrName="RegionId"
      EntityUsage="Countries"
      AliasName="REGION_ID" >
   </ViewAttribute>
</ViewObject>
