<?xml version='1.0' encoding='windows-1252' ?>
<!DOCTYPE Entity SYSTEM "jbo_03_01.dtd">

<Entity
   Name="Countries"
   DBObjectType="table"
   DBObjectName="COUNTRIES"
   AliasName="Countries"
   BindingStyle="OracleName"
   UseGlueCode="false"
   RowClass="demo.model.CountriesImpl" >
   <DesignTime>
      <Attr Name="_isCodegen" Value="true" />
      <Attr Name="_version" Value="10.1.3.36.73" />
      <AttrArray Name="_publishEvents">
      </AttrArray>
      <Attr Name="_codeGenFlag2" Value="Access" />
   </DesignTime>
   <Attribute
      Name="CountryId"
      IsNotNull="true"
      Precision="2"
      ColumnName="COUNTRY_ID"
      Type="java.lang.String"
      ColumnType="CHAR"
      SQLType="CHAR"
      TableName="COUNTRIES"
      PrimaryKey="true"
      RetrievedOnUpdate="true"
      RetrievedOnInsert="true" >
      <DesignTime>
         <Attr Name="_DisplaySize" Value="2" />
      </DesignTime>
   </Attribute>
   <Attribute
      Name="CountryName"
      Precision="40"
      ColumnName="COUNTRY_NAME"
      Type="java.lang.String"
      ColumnType="VARCHAR2"
      SQLType="VARCHAR"
      TableName="COUNTRIES" >
      <DesignTime>
         <Attr Name="_DisplaySize" Value="40" />
      </DesignTime>
   </Attribute>
   <Attribute
      Name="RegionId"
      ColumnName="REGION_ID"
      Type="oracle.jbo.domain.Number"
      ColumnType="NUMBER"
      SQLType="NUMERIC"
      TableName="COUNTRIES" >
      <DesignTime>
         <Attr Name="_DisplaySize" Value="22" />
      </DesignTime>
   </Attribute>
   <Key
      Name="CountryCIdPk" >
      <AttrArray Name="Attributes">
         <Item Value="demo.model.Countries.CountryId" />
      </AttrArray>
      <DesignTime>
         <Attr Name="_isPrimary" Value="true" />
         <Attr Name="_DBObjectName" Value="COUNTRY_C_ID_PK" />
      </DesignTime>
   </Key>
   <Key
      Name="CountryIdNn" >
      <AttrArray Name="Attributes">
         <Item Value="demo.model.Countries.CountryId" />
      </AttrArray>
      <DesignTime>
         <Attr Name="_checkCondition" Value="&#34;COUNTRY_ID&#34; IS NOT NULL" />
         <Attr Name="_isCheck" Value="true" />
         <Attr Name="_DBObjectName" Value="COUNTRY_ID_NN" />
      </DesignTime>
   </Key>
   <Key
      Name="CountrRegFk" >
      <AttrArray Name="Attributes">
         <Item Value="demo.model.Countries.RegionId" />
      </AttrArray>
      <DesignTime>
         <Attr Name="_referencedKey" Value="REG_ID_PK" />
         <Attr Name="_isForeign" Value="true" />
         <Attr Name="_DBObjectName" Value="COUNTR_REG_FK" />
      </DesignTime>
   </Key>
</Entity>
