<?xml version="1.0" encoding="windows-1252"?>
<!DOCTYPE faces-config PUBLIC
  "-//Sun Microsystems, Inc.//DTD JavaServer Faces Config 1.1//EN"
  "http://java.sun.com/dtd/web-facesconfig_1_1.dtd">
<faces-config xmlns="http://java.sun.com/JSF/Configuration">
  <navigation-rule>
    <from-view-id>/home.jsp</from-view-id>
    <navigation-case>
      <from-outcome>search</from-outcome>
      <to-view-id>/search.jsp</to-view-id>
    </navigation-case>
    <navigation-case>
      <from-outcome>showcategory</from-outcome>
      <to-view-id>/showcategory.jsp</to-view-id>
    </navigation-case>
  </navigation-rule>
  <navigation-rule>
    <from-view-id>/search.jsp</from-view-id>
    <navigation-case>
      <from-outcome>showproduct</from-outcome>
      <to-view-id>/showproduct.jsp</to-view-id>
    </navigation-case>
  </navigation-rule>
  <navigation-rule>
    <from-view-id>/showproduct.jsp</from-view-id>
    <navigation-case>
      <from-outcome>addItemToCart</from-outcome>
      <to-view-id>/yourcart.jsp</to-view-id>
    </navigation-case>
    <navigation-case>
      <from-outcome>showProductDetails</from-outcome>
      <to-view-id>/showproductdetails.jsp</to-view-id>
    </navigation-case>
  </navigation-rule>
  <navigation-rule>
    <from-view-id>/showcategory.jsp</from-view-id>
    <navigation-case>
      <from-outcome>showproduct</from-outcome>
      <to-view-id>/showproduct.jsp</to-view-id>
    </navigation-case>
  </navigation-rule>
  <application>
    <default-render-kit-id>oracle.adf.core</default-render-kit-id>
  </application>
  <lifecycle>
    <phase-listener>toystore.controller.adf.ToyStoreADFPhaseListener</phase-listener>
  </lifecycle>
  <navigation-rule>
    <from-view-id>/yourcart.jsp</from-view-id>
    <navigation-case>
      <from-outcome>reviewcheckout</from-outcome>
      <to-view-id>/reviewcheckout.jsp</to-view-id>
    </navigation-case>
  </navigation-rule>
  <navigation-rule>
    <from-view-id>/reviewcheckout.jsp</from-view-id>
    <navigation-case>
      <from-outcome>createorder</from-outcome>
      <to-view-id>/confirmshippinginfo.jsp</to-view-id>
    </navigation-case>
  </navigation-rule>
  <navigation-rule>
    <from-view-id>/confirmshippinginfo.jsp</from-view-id>
    <navigation-case>
      <from-outcome>thankyou</from-outcome>
      <to-view-id>/thankyou.jsp</to-view-id>
    </navigation-case>
  </navigation-rule>
  <navigation-rule>
    <from-view-id>/register.jsp</from-view-id>
    <navigation-case>
      <from-outcome>success</from-outcome>
      <to-view-id>/accountcreated.jsp</to-view-id>
    </navigation-case>
  </navigation-rule>
  <navigation-rule>
    <from-view-id>/editaccount.jsp</from-view-id>
    <navigation-case>
      <from-outcome>success</from-outcome>
      <to-view-id>/accountupdated.jsp</to-view-id>
    </navigation-case>
  </navigation-rule>
  <managed-bean>
    <managed-bean-name>SigninPage</managed-bean-name>
    <managed-bean-class>toystore.controller.jsf.SigninActions</managed-bean-class>
    <managed-bean-scope>request</managed-bean-scope>
    <managed-property>
      <property-name>returnOutcome</property-name>
      <property-class>java.lang.String</property-class>
      <value>#{param.returnTo}</value>
    </managed-property>
    <managed-property>
      <property-name>bindings</property-name>
      <value>#{bindings}</value>
    </managed-property>
  </managed-bean>
  <navigation-rule>
    <from-view-id>*</from-view-id>
    <navigation-case>
      <from-outcome>confirmshippinginfo</from-outcome>
      <to-view-id>/confirmshippinginfo.jsp</to-view-id>
    </navigation-case>
    <navigation-case>
      <from-outcome>showcategory</from-outcome>
      <to-view-id>/showcategory.jsp</to-view-id>
    </navigation-case>
    <navigation-case>
      <from-outcome>login</from-outcome>
      <to-view-id>/signin.jsp</to-view-id>
    </navigation-case>
    <navigation-case>
      <from-outcome>yourcart</from-outcome>
      <to-view-id>/yourcart.jsp</to-view-id>
    </navigation-case>    
    <navigation-case>
      <from-outcome>search</from-outcome>
      <to-view-id>/search.jsp</to-view-id>
    </navigation-case>
    <navigation-case>
      <from-outcome>home</from-outcome>
      <to-view-id>/home.jsp</to-view-id>
    </navigation-case>
    <navigation-case>
      <from-outcome>help</from-outcome>
      <to-view-id>/help.jsp</to-view-id>
    </navigation-case>
    <navigation-case>
      <from-outcome>editaccount</from-outcome>
      <to-view-id>/editaccount.jsp</to-view-id>
    </navigation-case>
  </navigation-rule>
  <managed-bean>
    <managed-bean-name>ConfirmShippingInfoPage</managed-bean-name>
    <managed-bean-class>toystore.controller.jsf.ConfirmShippingInfoActions</managed-bean-class>
    <managed-bean-scope>request</managed-bean-scope>
    <managed-property>
      <property-name>bindings</property-name>
      <value>#{bindings}</value>
    </managed-property>
  </managed-bean>
  <managed-bean>
    <managed-bean-name>AppUserManager</managed-bean-name>
    <managed-bean-class>toystore.controller.AppUserManager</managed-bean-class>
    <managed-bean-scope>session</managed-bean-scope>
  </managed-bean>
  <managed-bean>
    <managed-bean-name>Global</managed-bean-name>
    <managed-bean-class>toystore.controller.jsf.GlobalActions</managed-bean-class>
    <managed-bean-scope>session</managed-bean-scope>
  </managed-bean>
  <navigation-rule>
    <from-view-id>/signin.jsp</from-view-id>
    <navigation-case>
      <from-outcome>register</from-outcome>
      <to-view-id>/register.jsp</to-view-id>
    </navigation-case>
  </navigation-rule>
  <managed-bean>
    <managed-bean-name>RegisterPage</managed-bean-name>
    <managed-bean-class>toystore.controller.jsf.RegisterPageActions</managed-bean-class>
    <managed-bean-scope>request</managed-bean-scope>
    <managed-property>
      <property-name>bindings</property-name>
      <value>#{bindings}</value>
    </managed-property>
  </managed-bean>
</faces-config>