<?xml version='1.0' encoding='windows-1252' ?>
<!DOCTYPE ViewObject SYSTEM "jbo_03_01.dtd">

<ViewObject
   Name="EmpView"
   BindingStyle="Oracle"
   CustomQuery="true"
   MsgBundleClass="demo.model.common.EmpViewRowImplMsgBundle"
   UseGlueCode="false" >
   <SQLQuery><![CDATA[
SELECT Emp.EMPNO,
       Emp.ENAME,
       Emp.JOB,
       Emp.MGR,
       Emp.HIREDATE,
       Emp.SAL,
       Emp.COMM,
       Emp.DEPTNO
FROM EMP Emp
   ]]></SQLQuery>
   <DesignTime>
      <Attr Name="_version" Value="10.1.2.17.96" />
      <Attr Name="_codeGenFlag2" Value="Access|Msg" />
      <Attr Name="_isExpertMode" Value="true" />
   </DesignTime>
   <ViewAttribute
      Name="Empno"
      IsUpdateable="false"
      IsPersistent="false"
      IsNotNull="true"
      PrecisionRule="true"
      Precision="4"
      Scale="0"
      Type="oracle.jbo.domain.Number"
      ColumnType="NUMBER"
      PrimaryKey="true"
      AliasName="EMPNO"
      Expression="EMPNO"
      SQLType="NUMERIC" >
      <DesignTime>
         <Attr Name="_DisplaySize" Value="22" />
      </DesignTime>
   </ViewAttribute>
   <ViewAttribute
      Name="Ename"
      IsUpdateable="false"
      IsPersistent="false"
      PrecisionRule="true"
      Precision="10"
      Type="java.lang.String"
      ColumnType="VARCHAR2"
      AliasName="ENAME"
      Expression="ENAME"
      SQLType="VARCHAR" >
      <DesignTime>
         <Attr Name="_DisplaySize" Value="10" />
      </DesignTime>
   </ViewAttribute>
   <ViewAttribute
      Name="Job"
      IsUpdateable="false"
      IsPersistent="false"
      PrecisionRule="true"
      Precision="9"
      Type="java.lang.String"
      ColumnType="VARCHAR2"
      AliasName="JOB"
      Expression="JOB"
      SQLType="VARCHAR" >
      <DesignTime>
         <Attr Name="_DisplaySize" Value="9" />
      </DesignTime>
   </ViewAttribute>
   <ViewAttribute
      Name="Mgr"
      IsUpdateable="false"
      IsPersistent="false"
      PrecisionRule="true"
      Precision="4"
      Scale="0"
      Type="oracle.jbo.domain.Number"
      ColumnType="NUMBER"
      AliasName="MGR"
      Expression="MGR"
      SQLType="NUMERIC" >
      <DesignTime>
         <Attr Name="_DisplaySize" Value="22" />
      </DesignTime>
   </ViewAttribute>
   <ViewAttribute
      Name="Hiredate"
      IsUpdateable="false"
      IsPersistent="false"
      PrecisionRule="true"
      Type="oracle.jbo.domain.Date"
      ColumnType="DATE"
      AliasName="HIREDATE"
      Expression="HIREDATE"
      SQLType="DATE" >
      <DesignTime>
         <Attr Name="_DisplaySize" Value="7" />
      </DesignTime>
   </ViewAttribute>
   <ViewAttribute
      Name="Sal"
      IsUpdateable="false"
      IsPersistent="false"
      PrecisionRule="true"
      Precision="7"
      Scale="2"
      Type="oracle.jbo.domain.Number"
      ColumnType="NUMBER"
      AliasName="SAL"
      Expression="SAL"
      SQLType="NUMERIC" >
      <DesignTime>
         <Attr Name="_DisplaySize" Value="22" />
      </DesignTime>
   </ViewAttribute>
   <ViewAttribute
      Name="Comm"
      IsUpdateable="false"
      IsPersistent="false"
      PrecisionRule="true"
      Precision="7"
      Scale="2"
      Type="oracle.jbo.domain.Number"
      ColumnType="NUMBER"
      AliasName="COMM"
      Expression="COMM"
      SQLType="NUMERIC" >
      <DesignTime>
         <Attr Name="_DisplaySize" Value="22" />
      </DesignTime>
   </ViewAttribute>
   <ViewAttribute
      Name="Deptno"
      IsUpdateable="false"
      IsPersistent="false"
      PrecisionRule="true"
      Precision="2"
      Scale="0"
      Type="oracle.jbo.domain.Number"
      ColumnType="NUMBER"
      AliasName="DEPTNO"
      Expression="DEPTNO"
      SQLType="NUMERIC" >
      <DesignTime>
         <Attr Name="_DisplaySize" Value="22" />
      </DesignTime>
   </ViewAttribute>
   <AttrArray Name="KeyAttributes">
      <Item Value="Empno" />
   </AttrArray>
</ViewObject>
