<?xml version="1.0" encoding="windows-1252"?>
<!DOCTYPE faces-config PUBLIC
  "-//Sun Microsystems, Inc.//DTD JavaServer Faces Config 1.1//EN"
  "http://java.sun.com/dtd/web-facesconfig_1_1.dtd">
<faces-config xmlns="http://java.sun.com/JSF/Configuration">
  <lifecycle>
    <phase-listener>oracle.adf.controller.faces.lifecycle.ADFPhaseListener</phase-listener>
  </lifecycle>
  <application>
    <default-render-kit-id>oracle.adf.core</default-render-kit-id>
  </application>
  <navigation-rule>
    <from-view-id>/BrowseEmployees.jspx</from-view-id>
    <navigation-case>
      <from-outcome>dialog:NewEmp</from-outcome>
      <to-view-id>/AddEmployee.jspx</to-view-id>
    </navigation-case>
    <navigation-case>
      <from-outcome>Edit</from-outcome>
      <to-view-id>/EditEmployee.jspx</to-view-id>
    </navigation-case>
  </navigation-rule>
  <managed-bean>
    <managed-bean-name>BrowseEmployees</managed-bean-name>
    <managed-bean-class>test.view.backing.BrowseEmployees</managed-bean-class>
    <managed-bean-scope>request</managed-bean-scope>
    <managed-property>
      <property-name>bindings</property-name>
      <value>#{bindings}</value>
    </managed-property>
  </managed-bean>
  <navigation-rule>
    <from-view-id>/EditEmployee.jspx</from-view-id>
    <navigation-case>
      <from-outcome>Browse</from-outcome>
      <to-view-id>/BrowseEmployees.jspx</to-view-id>
    </navigation-case>
  </navigation-rule>
</faces-config>