<?xml version="1.0" encoding="windows-1252"?>
<!DOCTYPE faces-config PUBLIC
  "-//Sun Microsystems, Inc.//DTD JavaServer Faces Config 1.1//EN"
  "http://java.sun.com/dtd/web-facesconfig_1_1.dtd">
<faces-config xmlns="http://java.sun.com/JSF/Configuration">
  <application>
    <default-render-kit-id>oracle.adf.core</default-render-kit-id>
    <message-bundle>view.resources.JSFMessages</message-bundle>
    <locale-config>
      <default-locale>en</default-locale>
      <supported-locale>en</supported-locale>
      <supported-locale>it</supported-locale>
    </locale-config>
  </application>
  <managed-bean>
    <managed-bean-name>BugPage</managed-bean-name>
    <managed-bean-class>view.backing.BugPage</managed-bean-class>
    <managed-bean-scope>request</managed-bean-scope>
  </managed-bean>
  <managed-bean>
    <managed-bean-name>AppMessages</managed-bean-name>
    <managed-bean-class>view.util.ApplicationMessageMap</managed-bean-class>
    <managed-bean-scope>session</managed-bean-scope>
    <managed-property>
      <property-name>basename</property-name>
      <value>view.resources.JSFMessages</value>
    </managed-property>
  </managed-bean>
</faces-config>