<?xml version='1.0' encoding='windows-1252' ?>
<!DOCTYPE Entity SYSTEM "jbo_03_01.dtd">

<Entity
   Name="DeptEx"
   Extends="test.model.Dept"
   DBObjectType="table"
   DBObjectName="DEPT"
   AliasName="DeptEx"
   BindingStyle="OracleName"
   UseGlueCode="false"
   RowClass="extendsproject.DeptExImpl"
   MsgBundleClass="extendsproject.common.DeptExImplMsgBundle" >
   <DesignTime>
      <Attr Name="_isCodegen" Value="true" />
      <Attr Name="_version" Value="10.1.3.42.70" />
      <AttrArray Name="_publishEvents">
      </AttrArray>
      <Attr Name="_codeGenFlag2" Value="Access|Msg" />
   </DesignTime>
   <Attribute
      Name="Loc"
      Precision="13"
      ColumnName="LOC"
      Type="java.lang.String"
      ColumnType="VARCHAR2"
      SQLType="VARCHAR"
      TableName="DEPT" >
      <DesignTime>
         <Attr Name="_OverrideAttr" Value="true" />
      </DesignTime>
      <CompareValidationBean
         xmlns="http://xmlns.oracle.com/adfm/validation"
         ResId="Loc_Rule_0"
         OnAttribute="Loc"
         OperandType="LITERAL"
         Inverse="true"
         CompareType="EQUALTO"
         CompareValue="X" >
      </CompareValidationBean>
   </Attribute>
</Entity>
