<?xml version = '1.0' encoding = 'windows-1252' standalone = 'yes'?>
<jazn-data xmlns:xsi="http://www.w3.org/2001/XMLSchema-instance" xsi:noNamespaceSchemaLocation="http://xmlns.oracle.com/oracleas/schema/jazn-data-10_0.xsd" filepath="" OC4J_INSTANCE_ID="">
  <jazn-realm>
    <realm>
      <name>jazn.com</name>
      <users>
        <user>
          <name>DataBase_User_k2OXdSosFuITcthySLitkyrzh91q34Ak</name>
          <credentials>{903}k2OXdSosFuITcthySLitkyrzh91q34Ak</credentials>
        </user>
        <user>
          <name>DataBase_User_kgaTHbnZ4CSV9GuDFMG3L9lHvrzsAk-r</name>
          <credentials>{903}kgaTHbnZ4CSV9GuDFMG3L9lHvrzsAk+r</credentials>
        </user>
        <user>
          <name>DataBase_User_ygYimL3C1fwYlmEHNQJkZN0DayZWrpHY</name>
          <credentials>{903}ygYimL3C1fwYlmEHNQJkZN0DayZWrpHY</credentials>
        </user>
        <user>
          <name>DataBase_User_kUMUY2R9vJ-Ol7KI_Phdvfroi0Kl1DbX</name>
          <credentials>{903}kUMUY2R9vJ+Ol7KI/Phdvfroi0Kl1DbX</credentials>
        </user>
        <user>
          <name>DataBase_User_54mAtDPa2qFQKLnNR8OU7T5ouFl5D1Zc</name>
          <credentials>{903}54mAtDPa2qFQKLnNR8OU7T5ouFl5D1Zc</credentials>
        </user>
        <user>
          <name>DataBase_User_6N374hd8mw6MUS5UEbwdRq8ZKXm0Kvjy</name>
          <credentials>{903}6N374hd8mw6MUS5UEbwdRq8ZKXm0Kvjy</credentials>
        </user>
        <user>
          <name>DataBase_User_JMrUs4WWj6kFD2KlVGhtED8XkEt_v78B</name>
          <credentials>{903}JMrUs4WWj6kFD2KlVGhtED8XkEt/v78B</credentials>
        </user>
        <user>
          <name>DataBase_User_YEzTmhxjmQJArVOexmVKkExecdMcz6jO</name>
          <credentials>{903}YEzTmhxjmQJArVOexmVKkExecdMcz6jO</credentials>
        </user>
        <user>
          <name>DataBase_User_O7CP7dvLCNEPy7ban2pe9cc2NQmYRTNV</name>
          <credentials>{903}O7CP7dvLCNEPy7ban2pe9cc2NQmYRTNV</credentials>
        </user>
        <user>
          <name>DataBase_User_xhzVAJIMOkq4lHQaj9ENKEdhnd2JsOqz</name>
          <credentials>{903}xhzVAJIMOkq4lHQaj9ENKEdhnd2JsOqz</credentials>
        </user>
        <user>
          <name>DataBase_User_iVCtj5hK2QrNycD_oUy9w49Hf6WkEuKU</name>
          <credentials>{903}iVCtj5hK2QrNycD/oUy9w49Hf6WkEuKU</credentials>
        </user>
        <user>
          <name>DataBase_User_LcqrcTkqbKdtJh9G61UzamyF9pJeJh58</name>
          <credentials>{903}LcqrcTkqbKdtJh9G61UzamyF9pJeJh58</credentials>
        </user>
        <user>
          <name>DataBase_User_sLyI7dFDkS0ETj7_jpjmIV_R20mHsZnS</name>
          <credentials>{903}sLyI7dFDkS0ETj7/jpjmIV/R20mHsZnS</credentials>
        </user>
        <user>
          <name>DataBase_User_cdG7PyfuhJbREwfXfWzCUYC0UrSFKhXK</name>
          <credentials>{903}cdG7PyfuhJbREwfXfWzCUYC0UrSFKhXK</credentials>
        </user>
        <user>
          <name>DataBase_User_XqsjbSoROjj9rj-n2Fc_7YoW8rCs5Q_t</name>
          <credentials>{903}XqsjbSoROjj9rj+n2Fc/7YoW8rCs5Q/t</credentials>
        </user>
        <user>
          <name>DataBase_User__EcgkcuOBTcVXAk7jzbMNJOKlxtLGnI6</name>
          <credentials>{903}/EcgkcuOBTcVXAk7jzbMNJOKlxtLGnI6</credentials>
        </user>
        <user>
          <name>DataBase_User_Nsucjnn8Vk-0sz0zB1Kgc6lYAvcwEIiT</name>
          <credentials>{903}Nsucjnn8Vk+0sz0zB1Kgc6lYAvcwEIiT</credentials>
        </user>
        <user>
          <name>DataBase_User_GC0T7IwR0RkcuXuipcBgXfk6FIS2eDpK</name>
          <credentials>{903}GC0T7IwR0RkcuXuipcBgXfk6FIS2eDpK</credentials>
        </user>
      </users>
      <roles/>
    </realm>
  </jazn-realm>
</jazn-data>
