<?xml version='1.0' encoding='windows-1252' ?>
<!DOCTYPE AppModule SYSTEM "jbo_03_01.dtd">

<AppModule
   Name="TestModule"
   ComponentClass="example.TestModuleImpl"
   ComponentInterface="example.common.TestModule"
   ClientProxyName="example.client.TestModuleClient" >
   <DesignTime>
      <Attr Name="_isCodegen" Value="true" />
      <Attr Name="_version" Value="10.1.2.17.96" />
      <Attr Name="_deployType" Value="0" />
      <Attr Name="_ejbAppModule" Value="false" />
   </DesignTime>
   <ViewUsage
      Name="DeptView1"
      ViewObjectName="example.DeptView" >
   </ViewUsage>
   <ViewUsage
      Name="EmpView1"
      ViewObjectName="example.EmpView" >
   </ViewUsage>
   <ViewUsage
      Name="EmpView2"
      ViewObjectName="example.EmpView" >
   </ViewUsage>
   <ViewLinkUsage
      Name="WorksInDeptLink1"
      ViewLinkObjectName="example.WorksInDeptLink"
      SrcViewUsageName="example.TestModule.DeptView1"
      DstViewUsageName="example.TestModule.EmpView2" >
      <DesignTime>
         <Attr Name="_isCodegen" Value="true" />
         <Attr Name="_version" Value="10.1.2.17.96" />
      </DesignTime>
   </ViewLinkUsage>
</AppModule>
