<?xml version='1.0' encoding='windows-1252' ?>
<!DOCTYPE Association SYSTEM "jbo_03_01.dtd">

<Association
   Name="WorksInDeptAssoc" >
   <DesignTime>
      <Attr Name="_isCodegen" Value="true" />
      <Attr Name="_version" Value="10.1.2.17.96" />
   </DesignTime>
   <AssociationEnd
      Name="Dept"
      Cardinality="1"
      Source="true"
      Owner="example.Dept" >
      <AttrArray Name="Attributes">
         <Item Value="example.Dept.Deptno" />
      </AttrArray>
      <DesignTime>
         <Attr Name="_aggregation" Value="0" />
         <Attr Name="_isUpdateable" Value="true" />
         <Attr Name="_finderName" Value="Dept" />
         <Attr Name="_foreignKey" Value="example.Dept.DeptPk" />
      </DesignTime>
   </AssociationEnd>
   <AssociationEnd
      Name="Emp"
      Cardinality="-1"
      Owner="example.Emp" >
      <AttrArray Name="Attributes">
         <Item Value="example.Emp.Deptno" />
      </AttrArray>
      <DesignTime>
         <Attr Name="_aggregation" Value="0" />
         <Attr Name="_isUpdateable" Value="true" />
         <Attr Name="_finderName" Value="Emp" />
         <Attr Name="_foreignKey" Value="example.Emp.WorksInDept" />
      </DesignTime>
   </AssociationEnd>
</Association>
