<?xml version='1.0' encoding='windows-1252' ?>
<!DOCTYPE Entity SYSTEM "jbo_03_01.dtd">

<Entity
   Name="Department"
   DBObjectType="table"
   DBObjectName="DEPARTMENTS"
   AliasName="Department"
   BindingStyle="OracleName"
   UseGlueCode="false" >
   <DesignTime>
      <Attr Name="_version" Value="10.1.3.36.73" />
      <AttrArray Name="_publishEvents">
      </AttrArray>
      <Attr Name="_codeGenFlag2" Value="Access" />
   </DesignTime>
   <Attribute
      Name="DepartmentId"
      IsNotNull="true"
      Precision="4"
      Scale="0"
      ColumnName="DEPARTMENT_ID"
      Type="oracle.jbo.domain.Number"
      ColumnType="NUMBER"
      SQLType="NUMERIC"
      TableName="DEPARTMENTS"
      PrimaryKey="true" >
      <DesignTime>
         <Attr Name="_DisplaySize" Value="22" />
      </DesignTime>
   </Attribute>
   <Attribute
      Name="DepartmentName"
      IsNotNull="true"
      Precision="30"
      ColumnName="DEPARTMENT_NAME"
      Type="java.lang.String"
      ColumnType="VARCHAR2"
      SQLType="VARCHAR"
      TableName="DEPARTMENTS" >
      <DesignTime>
         <Attr Name="_DisplaySize" Value="30" />
      </DesignTime>
   </Attribute>
   <Attribute
      Name="ManagerId"
      Precision="6"
      Scale="0"
      ColumnName="MANAGER_ID"
      Type="oracle.jbo.domain.Number"
      ColumnType="NUMBER"
      SQLType="NUMERIC"
      TableName="DEPARTMENTS" >
      <DesignTime>
         <Attr Name="_DisplaySize" Value="22" />
      </DesignTime>
   </Attribute>
   <Attribute
      Name="LocationId"
      Precision="4"
      Scale="0"
      ColumnName="LOCATION_ID"
      Type="oracle.jbo.domain.Number"
      ColumnType="NUMBER"
      SQLType="NUMERIC"
      TableName="DEPARTMENTS" >
      <DesignTime>
         <Attr Name="_DisplaySize" Value="22" />
      </DesignTime>
   </Attribute>
   <AccessorAttribute
      Name="Employee"
      Association="demo.model.entities.associations.DeptMgrFkAssoc"
      AssociationEnd="demo.model.entities.associations.DeptMgrFkAssoc.Employee"
      AssociationOtherEnd="demo.model.entities.associations.DeptMgrFkAssoc.Department"
      Type="demo.model.entities.EmployeeImpl" >
   </AccessorAttribute>
   <AccessorAttribute
      Name="Employee1"
      Association="demo.model.entities.associations.EmpDeptFkAssoc"
      AssociationEnd="demo.model.entities.associations.EmpDeptFkAssoc.Employee1"
      AssociationOtherEnd="demo.model.entities.associations.EmpDeptFkAssoc.Department1"
      Type="oracle.jbo.RowIterator"
      IsUpdateable="false" >
   </AccessorAttribute>
   <Key
      Name="DeptIdPk" >
      <AttrArray Name="Attributes">
         <Item Value="demo.model.entities.Department.DepartmentId" />
      </AttrArray>
      <DesignTime>
         <Attr Name="_isPrimary" Value="true" />
         <Attr Name="_DBObjectName" Value="DEPT_ID_PK" />
      </DesignTime>
   </Key>
   <Key
      Name="DeptNameNn" >
      <AttrArray Name="Attributes">
         <Item Value="demo.model.entities.Department.DepartmentName" />
      </AttrArray>
      <DesignTime>
         <Attr Name="_checkCondition" Value="&#34;DEPARTMENT_NAME&#34; IS NOT NULL" />
         <Attr Name="_isCheck" Value="true" />
         <Attr Name="_DBObjectName" Value="DEPT_NAME_NN" />
      </DesignTime>
   </Key>
   <Key
      Name="DeptLocFk" >
      <AttrArray Name="Attributes">
         <Item Value="demo.model.entities.Department.LocationId" />
      </AttrArray>
      <DesignTime>
         <Attr Name="_referencedKey" Value="LOC_ID_PK" />
         <Attr Name="_isForeign" Value="true" />
         <Attr Name="_DBObjectName" Value="DEPT_LOC_FK" />
      </DesignTime>
   </Key>
   <Key
      Name="DeptMgrFk" >
      <AttrArray Name="Attributes">
         <Item Value="demo.model.entities.Department.ManagerId" />
      </AttrArray>
      <DesignTime>
         <Attr Name="_referencedKey" Value="EMP_EMP_ID_PK" />
         <Attr Name="_isForeign" Value="true" />
         <Attr Name="_DBObjectName" Value="DEPT_MGR_FK" />
      </DesignTime>
   </Key>
</Entity>
