<?xml version='1.0' encoding='windows-1252' ?>
<!DOCTYPE Entity SYSTEM "jbo_03_01.dtd">

<Entity
   Name="Employee"
   DBObjectType="table"
   DBObjectName="EMPLOYEES"
   AliasName="Employee"
   BindingStyle="OracleName"
   UseGlueCode="false"
   RowClass="demo.model.entities.EmployeeImpl" >
   <DesignTime>
      <Attr Name="_isCodegen" Value="true" />
      <Attr Name="_version" Value="10.1.3.36.73" />
      <AttrArray Name="_publishEvents">
      </AttrArray>
      <Attr Name="_codeGenFlag2" Value="Access" />
   </DesignTime>
   <Attribute
      Name="EmployeeId"
      IsNotNull="true"
      Precision="6"
      Scale="0"
      ColumnName="EMPLOYEE_ID"
      Type="oracle.jbo.domain.Number"
      ColumnType="NUMBER"
      SQLType="NUMERIC"
      TableName="EMPLOYEES"
      PrimaryKey="true" >
      <DesignTime>
         <Attr Name="_DisplaySize" Value="22" />
      </DesignTime>
   </Attribute>
   <Attribute
      Name="FirstName"
      Precision="20"
      ColumnName="FIRST_NAME"
      Type="java.lang.String"
      ColumnType="VARCHAR2"
      SQLType="VARCHAR"
      TableName="EMPLOYEES" >
      <DesignTime>
         <Attr Name="_DisplaySize" Value="20" />
      </DesignTime>
   </Attribute>
   <Attribute
      Name="LastName"
      IsNotNull="true"
      Precision="25"
      ColumnName="LAST_NAME"
      Type="java.lang.String"
      ColumnType="VARCHAR2"
      SQLType="VARCHAR"
      TableName="EMPLOYEES" >
      <DesignTime>
         <Attr Name="_DisplaySize" Value="25" />
      </DesignTime>
   </Attribute>
   <Attribute
      Name="Email"
      IsUnique="true"
      IsNotNull="true"
      Precision="25"
      ColumnName="EMAIL"
      Type="java.lang.String"
      ColumnType="VARCHAR2"
      SQLType="VARCHAR"
      TableName="EMPLOYEES" >
      <DesignTime>
         <Attr Name="_DisplaySize" Value="25" />
      </DesignTime>
   </Attribute>
   <Attribute
      Name="PhoneNumber"
      Precision="20"
      ColumnName="PHONE_NUMBER"
      Type="java.lang.String"
      ColumnType="VARCHAR2"
      SQLType="VARCHAR"
      TableName="EMPLOYEES" >
      <DesignTime>
         <Attr Name="_DisplaySize" Value="20" />
      </DesignTime>
   </Attribute>
   <Attribute
      Name="HireDate"
      IsNotNull="true"
      ColumnName="HIRE_DATE"
      Type="oracle.jbo.domain.Date"
      ColumnType="DATE"
      SQLType="DATE"
      TableName="EMPLOYEES" >
      <DesignTime>
         <Attr Name="_DisplaySize" Value="7" />
      </DesignTime>
   </Attribute>
   <Attribute
      Name="JobId"
      IsNotNull="true"
      Precision="10"
      ColumnName="JOB_ID"
      Type="java.lang.String"
      ColumnType="VARCHAR2"
      SQLType="VARCHAR"
      TableName="EMPLOYEES" >
      <DesignTime>
         <Attr Name="_DisplaySize" Value="10" />
      </DesignTime>
   </Attribute>
   <Attribute
      Name="Salary"
      Precision="8"
      Scale="2"
      ColumnName="SALARY"
      Type="oracle.jbo.domain.Number"
      ColumnType="NUMBER"
      SQLType="NUMERIC"
      TableName="EMPLOYEES" >
      <DesignTime>
         <Attr Name="_DisplaySize" Value="22" />
      </DesignTime>
   </Attribute>
   <Attribute
      Name="CommissionPct"
      Precision="2"
      Scale="2"
      ColumnName="COMMISSION_PCT"
      Type="oracle.jbo.domain.Number"
      ColumnType="NUMBER"
      SQLType="NUMERIC"
      TableName="EMPLOYEES" >
      <DesignTime>
         <Attr Name="_DisplaySize" Value="22" />
      </DesignTime>
   </Attribute>
   <Attribute
      Name="ManagerId"
      Precision="6"
      Scale="0"
      ColumnName="MANAGER_ID"
      Type="oracle.jbo.domain.Number"
      ColumnType="NUMBER"
      SQLType="NUMERIC"
      TableName="EMPLOYEES" >
      <DesignTime>
         <Attr Name="_DisplaySize" Value="22" />
      </DesignTime>
   </Attribute>
   <Attribute
      Name="DepartmentId"
      Precision="4"
      Scale="0"
      ColumnName="DEPARTMENT_ID"
      Type="oracle.jbo.domain.Number"
      ColumnType="NUMBER"
      SQLType="NUMERIC"
      TableName="EMPLOYEES" >
      <DesignTime>
         <Attr Name="_DisplaySize" Value="22" />
      </DesignTime>
   </Attribute>
   <AccessorAttribute
      Name="ManagerIdEmployee"
      Association="demo.model.entities.associations.EmpManagerFkAssoc"
      AssociationEnd="demo.model.entities.associations.EmpManagerFkAssoc.ManagerIdEmployee"
      AssociationOtherEnd="demo.model.entities.associations.EmpManagerFkAssoc.Employee"
      Type="demo.model.entities.EmployeeImpl" >
   </AccessorAttribute>
   <AccessorAttribute
      Name="Department1"
      Association="demo.model.entities.associations.EmpDeptFkAssoc"
      AssociationEnd="demo.model.entities.associations.EmpDeptFkAssoc.Department1"
      AssociationOtherEnd="demo.model.entities.associations.EmpDeptFkAssoc.Employee1"
      Type="oracle.jbo.server.EntityImpl" >
   </AccessorAttribute>
   <AccessorAttribute
      Name="Department"
      Association="demo.model.entities.associations.DeptMgrFkAssoc"
      AssociationEnd="demo.model.entities.associations.DeptMgrFkAssoc.Department"
      AssociationOtherEnd="demo.model.entities.associations.DeptMgrFkAssoc.Employee"
      Type="oracle.jbo.RowIterator"
      IsUpdateable="false" >
   </AccessorAttribute>
   <AccessorAttribute
      Name="Employee"
      Association="demo.model.entities.associations.EmpManagerFkAssoc"
      AssociationEnd="demo.model.entities.associations.EmpManagerFkAssoc.Employee"
      AssociationOtherEnd="demo.model.entities.associations.EmpManagerFkAssoc.ManagerIdEmployee"
      Type="oracle.jbo.RowIterator"
      IsUpdateable="false" >
   </AccessorAttribute>
   <Key
      Name="EmpEmailNn" >
      <AttrArray Name="Attributes">
         <Item Value="demo.model.entities.Employee.Email" />
      </AttrArray>
      <DesignTime>
         <Attr Name="_checkCondition" Value="&#34;EMAIL&#34; IS NOT NULL" />
         <Attr Name="_isCheck" Value="true" />
         <Attr Name="_DBObjectName" Value="EMP_EMAIL_NN" />
      </DesignTime>
   </Key>
   <Key
      Name="EmpEmailUk" >
      <AttrArray Name="Attributes">
         <Item Value="demo.model.entities.Employee.Email" />
      </AttrArray>
      <DesignTime>
         <Attr Name="_isUnique" Value="true" />
         <Attr Name="_DBObjectName" Value="EMP_EMAIL_UK" />
      </DesignTime>
   </Key>
   <Key
      Name="EmpEmpIdPk" >
      <AttrArray Name="Attributes">
         <Item Value="demo.model.entities.Employee.EmployeeId" />
      </AttrArray>
      <DesignTime>
         <Attr Name="_isPrimary" Value="true" />
         <Attr Name="_DBObjectName" Value="EMP_EMP_ID_PK" />
      </DesignTime>
   </Key>
   <Key
      Name="EmpHireDateNn" >
      <AttrArray Name="Attributes">
         <Item Value="demo.model.entities.Employee.HireDate" />
      </AttrArray>
      <DesignTime>
         <Attr Name="_checkCondition" Value="&#34;HIRE_DATE&#34; IS NOT NULL" />
         <Attr Name="_isCheck" Value="true" />
         <Attr Name="_DBObjectName" Value="EMP_HIRE_DATE_NN" />
      </DesignTime>
   </Key>
   <Key
      Name="EmpJobNn" >
      <AttrArray Name="Attributes">
         <Item Value="demo.model.entities.Employee.JobId" />
      </AttrArray>
      <DesignTime>
         <Attr Name="_checkCondition" Value="&#34;JOB_ID&#34; IS NOT NULL" />
         <Attr Name="_isCheck" Value="true" />
         <Attr Name="_DBObjectName" Value="EMP_JOB_NN" />
      </DesignTime>
   </Key>
   <Key
      Name="EmpLastNameNn" >
      <AttrArray Name="Attributes">
         <Item Value="demo.model.entities.Employee.LastName" />
      </AttrArray>
      <DesignTime>
         <Attr Name="_checkCondition" Value="&#34;LAST_NAME&#34; IS NOT NULL" />
         <Attr Name="_isCheck" Value="true" />
         <Attr Name="_DBObjectName" Value="EMP_LAST_NAME_NN" />
      </DesignTime>
   </Key>
   <Key
      Name="EmpSalaryMin" >
      <AttrArray Name="Attributes">
         <Item Value="demo.model.entities.Employee.Salary" />
      </AttrArray>
      <DesignTime>
         <Attr Name="_checkCondition" Value="salary &#62; 0" />
         <Attr Name="_isCheck" Value="true" />
         <Attr Name="_DBObjectName" Value="EMP_SALARY_MIN" />
      </DesignTime>
   </Key>
   <Key
      Name="EmpDeptFk" >
      <AttrArray Name="Attributes">
         <Item Value="demo.model.entities.Employee.DepartmentId" />
      </AttrArray>
      <DesignTime>
         <Attr Name="_referencedKey" Value="DEPT_ID_PK" />
         <Attr Name="_isForeign" Value="true" />
         <Attr Name="_DBObjectName" Value="EMP_DEPT_FK" />
      </DesignTime>
   </Key>
   <Key
      Name="EmpJobFk" >
      <AttrArray Name="Attributes">
         <Item Value="demo.model.entities.Employee.JobId" />
      </AttrArray>
      <DesignTime>
         <Attr Name="_referencedKey" Value="JOB_ID_PK" />
         <Attr Name="_isForeign" Value="true" />
         <Attr Name="_DBObjectName" Value="EMP_JOB_FK" />
      </DesignTime>
   </Key>
   <Key
      Name="EmpManagerFk" >
      <AttrArray Name="Attributes">
         <Item Value="demo.model.entities.Employee.ManagerId" />
      </AttrArray>
      <DesignTime>
         <Attr Name="_referencedKey" Value="EMP_EMP_ID_PK" />
         <Attr Name="_isForeign" Value="true" />
         <Attr Name="_DBObjectName" Value="EMP_MANAGER_FK" />
      </DesignTime>
   </Key>
</Entity>
