<?xml version="1.0" encoding="windows-1252" ?>
<adf-config xmlns="http://xmlns.oracle.com/adf/config"
            xmlns:config="http://xmlns.oracle.com/bc4j/configuration"
            xmlns:adf="http://xmlns.oracle.com/adf/config/properties"
            xmlns:sec="http://xmlns.oracle.com/adf/security/config">
  <adf-adfm-config xmlns="http://xmlns.oracle.com/adfm/config">
    <defaults useBindVarsForViewCriteriaLiterals="true"/>
    <startup>
      <amconfig-overrides>
        <config:Database jbo.locking.mode="optimistic"/>
      </amconfig-overrides>
    </startup>
  </adf-adfm-config>
  <adf:adf-properties-child xmlns="http://xmlns.oracle.com/adf/config/properties">
    <adf-property name="adfAppUID" value="AutoReduceSearch.oracle.demo"/>
  </adf:adf-properties-child>
  <sec:adf-security-child xmlns="http://xmlns.oracle.com/adf/security/config">
    <CredentialStoreContext credentialStoreClass="oracle.adf.share.security.providers.jps.CSFCredentialStore"
                            credentialStoreLocation="../../src/META-INF/jps-config.xml"/>
  </sec:adf-security-child>
  <adf-faces-config xmlns="http://xmlns.oracle.com/adf/faces/config">
    <taglib-config>
      <taglib uri="http://xmlns.oracle.com/adf/faces/rich">
        <tag name="table">
          <attribute name="filterVisible">
            <persist-changes>
              true
            </persist-changes>
          </attribute>
        </tag>
        <tag name="panelSplitter">
          <attribute name="collapsed">
            <persist-changes>
              true
            </persist-changes>
          </attribute>
          <attribute name="splitterPosition">
            <persist-changes>
              true
            </persist-changes>
          </attribute>
        </tag>
      </taglib>
    </taglib-config>
  </adf-faces-config>
</adf-config>
