<?xml version = '1.0' encoding = 'windows-1252' standalone = 'yes'?>
<jazn-data xmlns:xsi="http://www.w3.org/2001/XMLSchema-instance" xsi:noNamespaceSchemaLocation="http://xmlns.oracle.com/oracleas/schema/jazn-data-10_0.xsd" filepath="" OC4J_INSTANCE_ID="">
  <jazn-realm>
    <realm>
      <name>jazn.com</name>
      <users>
        <user>
          <name>DataBase_User_wey7zB1eX0yFz_7CvXYVWMl2AsMmZWCq</name>
          <credentials>{903}wey7zB1eX0yFz/7CvXYVWMl2AsMmZWCq</credentials>
        </user>
        <user>
          <name>DataBase_User_6z1oVOcELEV6aUagMYZeN8gR8DZ1jmiS</name>
          <credentials>{903}6z1oVOcELEV6aUagMYZeN8gR8DZ1jmiS</credentials>
        </user>
        <user>
          <name>DataBase_User_NDTUry8kP6lYXuegPhrW_wqs3GxJyd9Z</name>
          <credentials>{903}NDTUry8kP6lYXuegPhrW/wqs3GxJyd9Z</credentials>
        </user>
        <user>
          <name>DataBase_User_kGjoOlprmGkoCoBY93_1ufzLykqsPq-t</name>
          <credentials>{903}kGjoOlprmGkoCoBY93/1ufzLykqsPq+t</credentials>
        </user>
        <user>
          <name>DataBase_User_yx2y22H60vdLgWTDbvfH0TjuqLzaVPYf</name>
          <credentials>{903}yx2y22H60vdLgWTDbvfH0TjuqLzaVPYf</credentials>
        </user>
        <user>
          <name>DataBase_User_z_C0HEkAHW0oaU2TQs8vaU1xzrSYerRC</name>
          <credentials>{903}z/C0HEkAHW0oaU2TQs8vaU1xzrSYerRC</credentials>
        </user>
        <user>
          <name>DataBase_User_ER0fXUh5UW9nqYM8o4aB8LAkTsI6AN6h</name>
          <credentials>{903}ER0fXUh5UW9nqYM8o4aB8LAkTsI6AN6h</credentials>
        </user>
        <user>
          <name>DataBase_User_4FdKs-pH5VqHOcj9ck9Dpuef3IC8P3J1</name>
          <credentials>{903}4FdKs+pH5VqHOcj9ck9Dpuef3IC8P3J1</credentials>
        </user>
        <user>
          <name>DataBase_User_e210-gdoosIyCvcFLKL6QnJJWXpxI572</name>
          <credentials>{903}e210+gdoosIyCvcFLKL6QnJJWXpxI572</credentials>
        </user>
        <user>
          <name>DataBase_User_wkPwELITLbH8-xgJrbkXUSFZtzrpW9jo</name>
          <credentials>{903}wkPwELITLbH8+xgJrbkXUSFZtzrpW9jo</credentials>
        </user>
      </users>
      <roles/>
    </realm>
  </jazn-realm>
</jazn-data>
