<?xml version = '1.0' encoding = 'windows-1252'?>
<data-sources xmlns:xsi="http://www.w3.org/2001/XMLSchema-instance" xsi:schemaLocation="http://xmlns.oracle.com/oracleas/schema http://xmlns.oracle.com/oracleas/schema/data-sources-10_1.xsd" version="10.1" xmlns="http://xmlns.oracle.com/oracleas/schema">
  <connection-pool name="jdev-connection-pool-SRDemo">
    <connection-factory factory-class="oracle.jdbc.pool.OracleDataSource" user="srdemo" password="->DataBase_User_wey7zB1eX0yFz_7CvXYVWMl2AsMmZWCq" url="jdbc:oracle:thin:@localhost:1521:ORCL"/>
  </connection-pool>
  <managed-data-source name="jdev-connection-managed-SRDemo" jndi-name="jdbc/SRDemoDS" connection-pool-name="jdev-connection-pool-SRDemo"/>
  <native-data-source name="jdev-connection-native-SRDemo" jndi-name="jdbc/SRDemoCoreDS" url="jdbc:oracle:thin:@localhost:1521:ORCL" user="srdemo" password="->DataBase_User_6z1oVOcELEV6aUagMYZeN8gR8DZ1jmiS" data-source-class="oracle.jdbc.pool.OracleDataSource"/>
  <connection-pool name="jdev-connection-pool-oe">
    <connection-factory factory-class="oracle.jdbc.pool.OracleDataSource" user="oe" password="->DataBase_User_NDTUry8kP6lYXuegPhrW_wqs3GxJyd9Z" url="jdbc:oracle:thin:@localhost:1521:ORCL"/>
  </connection-pool>
  <managed-data-source name="jdev-connection-managed-oe" jndi-name="jdbc/oeDS" connection-pool-name="jdev-connection-pool-oe"/>
  <native-data-source name="jdev-connection-native-oe" jndi-name="jdbc/oeCoreDS" url="jdbc:oracle:thin:@localhost:1521:ORCL" user="oe" password="->DataBase_User_kGjoOlprmGkoCoBY93_1ufzLykqsPq-t" data-source-class="oracle.jdbc.pool.OracleDataSource"/>
  <connection-pool name="jdev-connection-pool-hr">
    <connection-factory factory-class="oracle.jdbc.pool.OracleDataSource" user="hr" password="->DataBase_User_yx2y22H60vdLgWTDbvfH0TjuqLzaVPYf" url="jdbc:oracle:thin:@localhost:1521:ORCL"/>
  </connection-pool>
  <managed-data-source name="jdev-connection-managed-hr" jndi-name="jdbc/hrDS" connection-pool-name="jdev-connection-pool-hr"/>
  <native-data-source name="jdev-connection-native-hr" jndi-name="jdbc/hrCoreDS" url="jdbc:oracle:thin:@localhost:1521:ORCL" user="hr" password="->DataBase_User_z_C0HEkAHW0oaU2TQs8vaU1xzrSYerRC" data-source-class="oracle.jdbc.pool.OracleDataSource"/>
  <connection-pool name="jdev-connection-pool-scott">
    <connection-factory factory-class="oracle.jdbc.pool.OracleDataSource" user="scott" password="->DataBase_User_ER0fXUh5UW9nqYM8o4aB8LAkTsI6AN6h" url="jdbc:oracle:thin:@localhost:1521:ORCL"/>
  </connection-pool>
  <managed-data-source name="jdev-connection-managed-scott" jndi-name="jdbc/scottDS" connection-pool-name="jdev-connection-pool-scott"/>
  <native-data-source name="jdev-connection-native-scott" jndi-name="jdbc/scottCoreDS" url="jdbc:oracle:thin:@localhost:1521:ORCL" user="scott" password="->DataBase_User_4FdKs-pH5VqHOcj9ck9Dpuef3IC8P3J1" data-source-class="oracle.jdbc.pool.OracleDataSource"/>
  <connection-pool name="jdev-connection-pool-EBSCore">
    <connection-factory factory-class="oracle.jdbc.pool.OracleDataSource" user="apps" password="->DataBase_User_e210-gdoosIyCvcFLKL6QnJJWXpxI572" url="jdbc:oracle:thin:@pdlnx-perf20.us.oracle.com:1521:VIS"/>
  </connection-pool>
  <managed-data-source name="jdev-connection-managed-EBSCore" jndi-name="jdbc/EBSCoreDS" connection-pool-name="jdev-connection-pool-EBSCore"/>
  <native-data-source name="jdev-connection-native-EBSCore" jndi-name="jdbc/EBSCoreCoreDS" url="jdbc:oracle:thin:@pdlnx-perf20.us.oracle.com:1521:VIS" user="apps" password="->DataBase_User_wkPwELITLbH8-xgJrbkXUSFZtzrpW9jo" data-source-class="oracle.jdbc.pool.OracleDataSource"/>
</data-sources>
