<?xml version="1.0" encoding="windows-1252" ?>
<!DOCTYPE Entity SYSTEM "jbo_03_01.dtd">
<!---->
<Entity
  xmlns="http://xmlns.oracle.com/bc4j"
  Name="Countries"
  Version="11.1.2.64.36"
  DBObjectType="table"
  DBObjectName="COUNTRIES"
  AliasName="Countries"
  BindingStyle="OracleName"
  UseGlueCode="false">
  <Attribute
    Name="CountryId"
    IsNotNull="true"
    Precision="2"
    ColumnName="COUNTRY_ID"
    SQLType="CHAR"
    Type="java.lang.String"
    ColumnType="CHAR"
    TableName="COUNTRIES"
    PrimaryKey="true"
    RetrievedOnUpdate="true"
    RetrievedOnInsert="true">
    <DesignTime>
      <Attr Name="_DisplaySize" Value="2"/>
    </DesignTime>
  </Attribute>
  <Attribute
    Name="CountryName"
    Precision="40"
    ColumnName="COUNTRY_NAME"
    SQLType="VARCHAR"
    Type="java.lang.String"
    ColumnType="VARCHAR2"
    TableName="COUNTRIES">
    <DesignTime>
      <Attr Name="_DisplaySize" Value="40"/>
    </DesignTime>
  </Attribute>
  <Attribute
    Name="RegionId"
    ColumnName="REGION_ID"
    SQLType="NUMERIC"
    Type="java.math.BigDecimal"
    ColumnType="NUMBER"
    TableName="COUNTRIES"/>
  <AccessorAttribute
    Name="Locations"
    Association="oracle.adfinsider.localdb.hrservices.LocCIdFkAssoc"
    AssociationEnd="oracle.adfinsider.localdb.hrservices.LocCIdFkAssoc.Locations"
    AssociationOtherEnd="oracle.adfinsider.localdb.hrservices.LocCIdFkAssoc.Countries"
    Type="oracle.jbo.RowIterator"
    IsUpdateable="false"/>
  <AccessorAttribute
    Name="Regions"
    Association="oracle.adfinsider.localdb.hrservices.CountrRegFkAssoc"
    AssociationEnd="oracle.adfinsider.localdb.hrservices.CountrRegFkAssoc.Regions"
    AssociationOtherEnd="oracle.adfinsider.localdb.hrservices.CountrRegFkAssoc.Countries"
    Type="oracle.jbo.server.EntityImpl"
    IsUpdateable="true"/>
  <Key
    Name="CountryCIdPk"
    PrimaryKey="true">
    <DesignTime>
      <Attr Name="_DBObjectName" Value="COUNTRY_C_ID_PK"/>
    </DesignTime>
    <AttrArray Name="Attributes">
      <Item Value="oracle.adfinsider.localdb.hrservices.Countries.CountryId"/>
    </AttrArray>
  </Key>
  <Key
    Name="CountryIdNn">
    <DesignTime>
      <Attr Name="_DBObjectName" Value="COUNTRY_ID_NN"/>
      <Attr Name="_checkCondition" Value="COUNTRY_ID IS NOT NULL"/>
      <Attr Name="_isCheck" Value="true"/>
    </DesignTime>
    <AttrArray Name="Attributes"/>
  </Key>
  <Key
    Name="CountrRegFk">
    <DesignTime>
      <Attr Name="_referencedKey" Value="REG_ID_PK"/>
      <Attr Name="_isForeign" Value="true"/>
      <Attr Name="_DBObjectName" Value="COUNTR_REG_FK"/>
    </DesignTime>
    <AttrArray Name="Attributes">
      <Item Value="oracle.adfinsider.localdb.hrservices.Countries.RegionId"/>
    </AttrArray>
  </Key>
</Entity>
