<?xml version="1.0" encoding="windows-1252" ?>
<!DOCTYPE Entity SYSTEM "jbo_03_01.dtd">
<!---->
<Entity
  xmlns="http://xmlns.oracle.com/bc4j"
  Name="Regions"
  Version="11.1.2.64.36"
  DBObjectType="table"
  DBObjectName="REGIONS"
  AliasName="Regions"
  BindingStyle="OracleName"
  UseGlueCode="false">
  <Attribute
    Name="RegionId"
    IsNotNull="true"
    ColumnName="REGION_ID"
    SQLType="NUMERIC"
    Type="java.math.BigDecimal"
    ColumnType="NUMBER"
    TableName="REGIONS"
    PrimaryKey="true"/>
  <Attribute
    Name="RegionName"
    Precision="25"
    ColumnName="REGION_NAME"
    SQLType="VARCHAR"
    Type="java.lang.String"
    ColumnType="VARCHAR2"
    TableName="REGIONS">
    <DesignTime>
      <Attr Name="_DisplaySize" Value="25"/>
    </DesignTime>
  </Attribute>
  <AccessorAttribute
    Name="Countries"
    Association="oracle.adfinsider.localdb.hrservices.CountrRegFkAssoc"
    AssociationEnd="oracle.adfinsider.localdb.hrservices.CountrRegFkAssoc.Countries"
    AssociationOtherEnd="oracle.adfinsider.localdb.hrservices.CountrRegFkAssoc.Regions"
    Type="oracle.jbo.RowIterator"
    IsUpdateable="false"/>
  <Key
    Name="RegIdPk"
    PrimaryKey="true">
    <DesignTime>
      <Attr Name="_DBObjectName" Value="REG_ID_PK"/>
    </DesignTime>
    <AttrArray Name="Attributes">
      <Item Value="oracle.adfinsider.localdb.hrservices.Regions.RegionId"/>
    </AttrArray>
  </Key>
  <Key
    Name="RegionIdNn">
    <DesignTime>
      <Attr Name="_DBObjectName" Value="REGION_ID_NN"/>
      <Attr Name="_checkCondition" Value="REGION_ID IS NOT NULL"/>
      <Attr Name="_isCheck" Value="true"/>
    </DesignTime>
    <AttrArray Name="Attributes"/>
  </Key>
</Entity>
