<?xml version = '1.0' encoding = 'windows-1252' standalone = 'yes'?>
<jazn-data xmlns:xsi="http://www.w3.org/2001/XMLSchema-instance" xsi:noNamespaceSchemaLocation="http://xmlns.oracle.com/oracleas/schema/jazn-data-10_0.xsd" filepath="" OC4J_INSTANCE_ID="">
  <jazn-realm>
    <realm>
      <name>jazn.com</name>
      <users>
        <user>
          <name>DataBase_User_RdZkkJwPn0DOWKC_JMausTJ4ssmrtO_Y</name>
          <credentials>{903}RdZkkJwPn0DOWKC/JMausTJ4ssmrtO/Y</credentials>
        </user>
        <user>
          <name>DataBase_User_diW1727GFhD81SDdnEKw4WunoyxL8qNs</name>
          <credentials>{903}diW1727GFhD81SDdnEKw4WunoyxL8qNs</credentials>
        </user>
        <user>
          <name>DataBase_User_xmsAbnyW6c5NB3UoOWNY81Jya9cZIs1M</name>
          <credentials>{903}xmsAbnyW6c5NB3UoOWNY81Jya9cZIs1M</credentials>
        </user>
        <user>
          <name>DataBase_User_a-TKgxJ-8CqHvwY8o7dPwo0-e6z6HbG0</name>
          <credentials>{903}a+TKgxJ+8CqHvwY8o7dPwo0+e6z6HbG0</credentials>
        </user>
        <user>
          <name>DataBase_User_3TpLE1jYSVpGfYK_QRwaudJtjhUcHtdV</name>
          <credentials>{903}3TpLE1jYSVpGfYK/QRwaudJtjhUcHtdV</credentials>
        </user>
        <user>
          <name>DataBase_User_yL9O6NNQEj6vQbkNQfd_aiHhyXheclQb</name>
          <credentials>{903}yL9O6NNQEj6vQbkNQfd/aiHhyXheclQb</credentials>
        </user>
        <user>
          <name>DataBase_User_eAcT98rYkKPulj92n3VpVXnTO0gJRAq5</name>
          <credentials>{903}eAcT98rYkKPulj92n3VpVXnTO0gJRAq5</credentials>
        </user>
        <user>
          <name>DataBase_User_t2fiHKbeh_NOg5ZvdeZVYO_lkxDI1F9I</name>
          <credentials>{903}t2fiHKbeh/NOg5ZvdeZVYO/lkxDI1F9I</credentials>
        </user>
        <user>
          <name>DataBase_User_T6XeB3OSxbGBaMhsdgp2QwCpt_MPvdct</name>
          <credentials>{903}T6XeB3OSxbGBaMhsdgp2QwCpt/MPvdct</credentials>
        </user>
        <user>
          <name>DataBase_User_tH1Ly1Er3J3J14Qx7G_cxwW9xbab0l9U</name>
          <credentials>{903}tH1Ly1Er3J3J14Qx7G/cxwW9xbab0l9U</credentials>
        </user>
        <user>
          <name>DataBase_User_Z1BCtpn0jFWYWsxEnahqHA8tg8gCybRX</name>
          <credentials>{903}Z1BCtpn0jFWYWsxEnahqHA8tg8gCybRX</credentials>
        </user>
        <user>
          <name>DataBase_User_dpKO_2rekZQgKphpQlCsrg1f6Jj6EiKM</name>
          <credentials>{903}dpKO/2rekZQgKphpQlCsrg1f6Jj6EiKM</credentials>
        </user>
        <user>
          <name>DataBase_User_tLACyQPvytMmZPadFHmocLtr8SD8-scF</name>
          <credentials>{903}tLACyQPvytMmZPadFHmocLtr8SD8+scF</credentials>
        </user>
        <user>
          <name>DataBase_User_eGywjyXVT1U5FvOe_hOSD8zKQbdsRJSN</name>
          <credentials>{903}eGywjyXVT1U5FvOe/hOSD8zKQbdsRJSN</credentials>
        </user>
        <user>
          <name>DataBase_User_5sKXNCdQzg9zBJXNZsvgdSG_k_phEBFK</name>
          <credentials>{903}5sKXNCdQzg9zBJXNZsvgdSG/k/phEBFK</credentials>
        </user>
        <user>
          <name>DataBase_User_cpXRI-HRQTkTUjNz5_QkdGZjpCgoqURU</name>
          <credentials>{903}cpXRI+HRQTkTUjNz5/QkdGZjpCgoqURU</credentials>
        </user>
        <user>
          <name>DataBase_User_h4j-z-8aLZMhvsrM5fhsGKgUK9iRALO5</name>
          <credentials>{903}h4j+z+8aLZMhvsrM5fhsGKgUK9iRALO5</credentials>
        </user>
        <user>
          <name>DataBase_User_pmQ_j0LhSS_w6UKvQm_TH5sk0GhB0UJq</name>
          <credentials>{903}pmQ/j0LhSS/w6UKvQm/TH5sk0GhB0UJq</credentials>
        </user>
        <user>
          <name>DataBase_User_5VZmF6kuxkocS354_ErQajN-GD_tigQx</name>
          <credentials>{903}5VZmF6kuxkocS354/ErQajN+GD/tigQx</credentials>
        </user>
        <user>
          <name>DataBase_User_GiJ2iF4mlla3xFrHdnVGGR5XqlgKUtEf</name>
          <credentials>{903}GiJ2iF4mlla3xFrHdnVGGR5XqlgKUtEf</credentials>
        </user>
        <user>
          <name>DataBase_User_77JYpzZqaX1fP4-EsrhtVnBDMAExo3tw</name>
          <credentials>{903}77JYpzZqaX1fP4+EsrhtVnBDMAExo3tw</credentials>
        </user>
        <user>
          <name>DataBase_User_FnC2rmgf3PLFPBKkfEP9qr7KIvzxdc1m</name>
          <credentials>{903}FnC2rmgf3PLFPBKkfEP9qr7KIvzxdc1m</credentials>
        </user>
        <user>
          <name>DataBase_User_jCZ1bl8yH4-TdMbwBYRKzFvnr6dqMMK5</name>
          <credentials>{903}jCZ1bl8yH4+TdMbwBYRKzFvnr6dqMMK5</credentials>
        </user>
        <user>
          <name>DataBase_User_aCTBeKVQu17-iMw8HHKNM_WT4QiSnUTQ</name>
          <credentials>{903}aCTBeKVQu17+iMw8HHKNM/WT4QiSnUTQ</credentials>
        </user>
        <user>
          <name>DataBase_User_-7GVTFKqRw6o1uwFD4RarFUn2HwhO_S0</name>
          <credentials>{903}+7GVTFKqRw6o1uwFD4RarFUn2HwhO/S0</credentials>
        </user>
        <user>
          <name>DataBase_User_-UyTlLsv6iJn4IF6chY0a0ge_RU9hUK3</name>
          <credentials>{903}+UyTlLsv6iJn4IF6chY0a0ge/RU9hUK3</credentials>
        </user>
        <user>
          <name>DataBase_User_uNIqkl7f06ktsm_meVJIwX0eWWCoGa7S</name>
          <credentials>{903}uNIqkl7f06ktsm/meVJIwX0eWWCoGa7S</credentials>
        </user>
        <user>
          <name>DataBase_User_wQo4qDt59XWMP9DABiW2gLQMhL3fkAHr</name>
          <credentials>{903}wQo4qDt59XWMP9DABiW2gLQMhL3fkAHr</credentials>
        </user>
        <user>
          <name>DataBase_User_4yXGfsn4ah8Ppopj4wRdJTmmuT9T_s6t</name>
          <credentials>{903}4yXGfsn4ah8Ppopj4wRdJTmmuT9T/s6t</credentials>
        </user>
        <user>
          <name>DataBase_User_wySvhpHwH7S3_XEsbi4CsKkbIPApQDai</name>
          <credentials>{903}wySvhpHwH7S3/XEsbi4CsKkbIPApQDai</credentials>
        </user>
        <user>
          <name>DataBase_User_HL2VhkmKokO_SpWMleP41FFznDQjFn11</name>
          <credentials>{903}HL2VhkmKokO/SpWMleP41FFznDQjFn11</credentials>
        </user>
        <user>
          <name>DataBase_User_0Hck1jlrTSStB9vyb3kOm3-y-zRIBrL5</name>
          <credentials>{903}0Hck1jlrTSStB9vyb3kOm3+y+zRIBrL5</credentials>
        </user>
        <user>
          <name>DataBase_User_XowUQ0kGVKHxPNz8fmcBjQJhHu7ak3fD</name>
          <credentials>{903}XowUQ0kGVKHxPNz8fmcBjQJhHu7ak3fD</credentials>
        </user>
        <user>
          <name>DataBase_User_6XyioLWLSFFSgWEzbJRJHOrDJJsENb8v</name>
          <credentials>{903}6XyioLWLSFFSgWEzbJRJHOrDJJsENb8v</credentials>
        </user>
      </users>
      <roles/>
    </realm>
  </jazn-realm>
</jazn-data>
