<?xml version="1.0" encoding="windows-1252" ?>
<adfc-mobile-config xmlns="http://xmlns.oracle.com/adf/controller" version="1.0">
  <managed-bean id="__1">
    <managed-bean-name>ErrorBean</managed-bean-name>
    <managed-bean-class>oracle.ateam.errorhandling.demo.mobile.ErrorBean</managed-bean-class>
    <managed-bean-scope>view</managed-bean-scope>
  </managed-bean>
  <managed-bean id="__2">
    <managed-bean-name>ErrorBeanClean</managed-bean-name>
    <managed-bean-class>oracle.ateam.errorhandling.demo.mobile.ErrorBeanClean</managed-bean-class>
    <managed-bean-scope>view</managed-bean-scope>
  </managed-bean>
  <view id="ShowErrors">
    <page>/ShowErrors.amx</page>
  </view>
  <view id="ShowErrorsClean">
    <page>/ShowErrorsClean.amx</page>
  </view>
  <control-flow-rule id="__3">
    <from-activity-id>ShowErrors</from-activity-id>
    <control-flow-case id="__4">
      <from-outcome>go</from-outcome>
      <to-activity-id>ShowErrorsClean</to-activity-id>
    </control-flow-case>
  </control-flow-rule>
</adfc-mobile-config>
