<?xml version="1.0" encoding="UTF-8" ?>
<pageDefinition xmlns="http://xmlns.oracle.com/adfm/uimodel"
                version="10.1.3.36.73" id="PanelDeptView1HelperPageDef"
                Package="demo.pageDefs">
  <parameters/>
  <executables>
    <iterator id="DeptView1Iterator" RangeSize="10" Binds="DeptView1"
              DataControl="ExampleModuleDataControl"/>
  </executables>
  <bindings>
    <attributeValues id="DeptView1Deptno" IterBinding="DeptView1Iterator"
                     xmlns="http://xmlns.oracle.com/adfm/jcuimodel">
      <AttrNames xmlns="http://xmlns.oracle.com/adfm/uimodel">
        <Item Value="Deptno"/>
      </AttrNames>
    </attributeValues>
    <attributeValues id="DeptView1Dname" IterBinding="DeptView1Iterator"
                     xmlns="http://xmlns.oracle.com/adfm/jcuimodel">
      <AttrNames xmlns="http://xmlns.oracle.com/adfm/uimodel">
        <Item Value="Dname"/>
      </AttrNames>
    </attributeValues>
    <attributeValues id="DeptView1Loc" IterBinding="DeptView1Iterator"
                     xmlns="http://xmlns.oracle.com/adfm/jcuimodel">
      <AttrNames xmlns="http://xmlns.oracle.com/adfm/uimodel">
        <Item Value="Loc"/>
      </AttrNames>
    </attributeValues>
    <methodAction id="testConsistencyOfCurrentRow"
                  InstanceName="ExampleModuleDataControl.DeptView1"
                  DataControl="ExampleModuleDataControl"
                  MethodName="testConsistencyOfCurrentRow"
                  RequiresUpdateModel="true" Action="999"
                  IsViewObjectMethod="true"/>
  </bindings>
</pageDefinition>
