<?xml version = '1.0' encoding = 'windows-1252' standalone = 'yes'?>
<jazn-data xmlns:xsi="http://www.w3.org/2001/XMLSchema-instance" xsi:noNamespaceSchemaLocation="http://xmlns.oracle.com/oracleas/schema/jazn-data-10_0.xsd" filepath="" OC4J_INSTANCE_ID="">
  <jazn-realm>
    <realm>
      <name>jazn.com</name>
      <users>
                <user>
                    <name>DataBase_User_eShcP4uA1A-A_MYD6zWl6G3WKtYJmfVj</name>
                    <credentials>{903}eShcP4uA1A+A/MYD6zWl6G3WKtYJmfVj</credentials>
                </user>
                <user>
                    <name>DataBase_User_4r5zgxyw-M3KLL1_XJmbSOcnRd1t9mG9</name>
                    <credentials>{903}4r5zgxyw+M3KLL1/XJmbSOcnRd1t9mG9</credentials>
                </user>
                <user>
                    <name>DataBase_User_8KDGKXyYVIPJmSO8dyNEMqyGHPf9YoTF</name>
                    <credentials>{903}8KDGKXyYVIPJmSO8dyNEMqyGHPf9YoTF</credentials>
                </user>
                <user>
                    <name>DataBase_User_Lwyjy_lqhz1mmyEirCTDmkhkz7B0zttC</name>
                    <credentials>{903}Lwyjy/lqhz1mmyEirCTDmkhkz7B0zttC</credentials>
                </user>
                <user>
                    <name>DataBase_User_EKLrRX6ZgXUe4eXkvVAaZ5J2iQucmdKm</name>
                    <credentials>{903}EKLrRX6ZgXUe4eXkvVAaZ5J2iQucmdKm</credentials>
                </user>
                <user>
                    <name>DataBase_User_6B6yZsRFehSte6eKLQvyqXb4IOynxp5B</name>
                    <credentials>{903}6B6yZsRFehSte6eKLQvyqXb4IOynxp5B</credentials>
                </user>
                <user>
                    <name>DataBase_User_7FywDKu4xkHyqznAsY4QNq474xXUfqW9</name>
                    <credentials>{903}7FywDKu4xkHyqznAsY4QNq474xXUfqW9</credentials>
                </user>
                <user>
                    <name>DataBase_User_3eaJuZIoT4Y5uY_aC9MgPL0byA-wFN3R</name>
                    <credentials>{903}3eaJuZIoT4Y5uY/aC9MgPL0byA+wFN3R</credentials>
                </user>
                <user>
                    <name>DataBase_User_PdhyA0NKPH_8_J9PjKr5homlw-ASCu0X</name>
                    <credentials>{903}PdhyA0NKPH/8/J9PjKr5homlw+ASCu0X</credentials>
                </user>
                <user>
                    <name>DataBase_User_cHRTjLFdXK86zxRk9cpWhryi-3BZ3GXl</name>
                    <credentials>{903}cHRTjLFdXK86zxRk9cpWhryi+3BZ3GXl</credentials>
                </user>
                <user>
                    <name>DataBase_User_hoyqqMdQ77PptULwY1Ua01g4hhgguIp0</name>
                    <credentials>{903}hoyqqMdQ77PptULwY1Ua01g4hhgguIp0</credentials>
                </user>
                <user>
                    <name>DataBase_User_a_4_IDj8yYNtOwcuw0tVuC1L58egs-YG</name>
                    <credentials>{903}a/4/IDj8yYNtOwcuw0tVuC1L58egs+YG</credentials>
                </user>
                <user>
                    <name>DataBase_User_hy6yg3j3_TTLQDz7QjyRnjrYZbPMlcPr</name>
                    <credentials>{903}hy6yg3j3/TTLQDz7QjyRnjrYZbPMlcPr</credentials>
                </user>
                <user>
                    <name>DataBase_User_Q-5amaomZv1d0T6nXn64hEL9CvGYIhiC</name>
                    <credentials>{903}Q+5amaomZv1d0T6nXn64hEL9CvGYIhiC</credentials>
                </user>
                <user>
                    <name>DataBase_User_fURCqtvu7jnaYCtPbwykwOBznhax2lK9</name>
                    <credentials>{903}fURCqtvu7jnaYCtPbwykwOBznhax2lK9</credentials>
                </user>
                <user>
                    <name>DataBase_User_d3JNgEPsGhxJQt0Wn0Jfyh7D4YaH_18t</name>
                    <credentials>{903}d3JNgEPsGhxJQt0Wn0Jfyh7D4YaH/18t</credentials>
                </user>
                <user>
                    <name>DataBase_User_wO4RWxcAJwzFq3ZC-i9SYB2MJj3IwqV2</name>
                    <credentials>{903}wO4RWxcAJwzFq3ZC+i9SYB2MJj3IwqV2</credentials>
                </user>
                <user>
                    <name>DataBase_User_wBkuTEo7baFRw8ahISIzudA6vvVxM41_</name>
                    <credentials>{903}wBkuTEo7baFRw8ahISIzudA6vvVxM41/</credentials>
                </user>
                <user>
                    <name>DataBase_User_wicQnu-b3hJewZYIePWoc3nJG4yUFffk</name>
                    <credentials>{903}wicQnu+b3hJewZYIePWoc3nJG4yUFffk</credentials>
                </user>
                <user>
                    <name>DataBase_User_WFT2JorJSvQgx5C4jVteyyfE7lb1fjgG</name>
                    <credentials>{903}WFT2JorJSvQgx5C4jVteyyfE7lb1fjgG</credentials>
                </user>
                <user>
                    <name>DataBase_User_M8g50J4pKSGWTtxU1qPAExBuRhVlse-4</name>
                    <credentials>{903}M8g50J4pKSGWTtxU1qPAExBuRhVlse+4</credentials>
                </user>
                <user>
                    <name>DataBase_User_CoIDhv9yAsJrn-H4LTgQfyFi08YUz0eo</name>
                    <credentials>{903}CoIDhv9yAsJrn+H4LTgQfyFi08YUz0eo</credentials>
                </user>
                <user>
                    <name>DataBase_User_aS5rw9xHwYYdPwKk0pcT5kmocDcv0RzK</name>
                    <credentials>{903}aS5rw9xHwYYdPwKk0pcT5kmocDcv0RzK</credentials>
                </user>
                <user>
                    <name>DataBase_User_aJwhHieL49xleYPH2wTJR_GbH97Jvui9</name>
                    <credentials>{903}aJwhHieL49xleYPH2wTJR/GbH97Jvui9</credentials>
                </user>
                <user>
                    <name>DataBase_User_Q9K7yJRXtoLna_w08wfyXfaNhl9WUQbp</name>
                    <credentials>{903}Q9K7yJRXtoLna/w08wfyXfaNhl9WUQbp</credentials>
                </user>
                <user>
                    <name>DataBase_User_raffWIrN0DTidGpOeqs3pIfZiH7-pQAj</name>
                    <credentials>{903}raffWIrN0DTidGpOeqs3pIfZiH7+pQAj</credentials>
                </user>
                <user>
                    <name>DataBase_User_wuzX3GytGvNm9LjJ9DnwQoplaymCTAel</name>
                    <credentials>{903}wuzX3GytGvNm9LjJ9DnwQoplaymCTAel</credentials>
                </user>
                <user>
                    <name>DataBase_User_FoFoookEDEWcMEZgnZSW_rP_R2-ujwC6</name>
                    <credentials>{903}FoFoookEDEWcMEZgnZSW/rP/R2+ujwC6</credentials>
                </user>
                <user>
                    <name>DataBase_User_CuwSGBNo4TFw5VJe3BHa2Yo_tYGk2xp0</name>
                    <credentials>{903}CuwSGBNo4TFw5VJe3BHa2Yo/tYGk2xp0</credentials>
                </user>
                <user>
                    <name>DataBase_User_H0IbXGxdW3eJ2ogo-G9o2MZ6dkrWJ9lG</name>
                    <credentials>{903}H0IbXGxdW3eJ2ogo+G9o2MZ6dkrWJ9lG</credentials>
                </user>
                <user>
                    <name>DataBase_User_2-_S2WrmrRevDRkFyyNyuKZfPplK6aLV</name>
                    <credentials>{903}2+/S2WrmrRevDRkFyyNyuKZfPplK6aLV</credentials>
                </user>
                <user>
                    <name>DataBase_User_Xna9K0AOcRmiHShwyWXuqhUG0ExG94sy</name>
                    <credentials>{903}Xna9K0AOcRmiHShwyWXuqhUG0ExG94sy</credentials>
                </user>
                <user>
                    <name>DataBase_User_9EJdgiBlmvnl-ZqAAyEyaMFupYoXmU2Z</name>
                    <credentials>{903}9EJdgiBlmvnl+ZqAAyEyaMFupYoXmU2Z</credentials>
                </user>
                <user>
                    <name>DataBase_User_ZoeFypYYmV0uYR8U3Y9s_G6Q6ucQyyLK</name>
                    <credentials>{903}ZoeFypYYmV0uYR8U3Y9s/G6Q6ucQyyLK</credentials>
                </user>
                <user>
                    <name>DataBase_User_zvYZOVMW0ZIJF0XSpL3DJjGCpNoIupWe</name>
                    <credentials>{903}zvYZOVMW0ZIJF0XSpL3DJjGCpNoIupWe</credentials>
                </user>
                <user>
                    <name>DataBase_User_8w1Yf42P1vKnBeN7xZc7rPCQdV7b2IKf</name>
                    <credentials>{903}8w1Yf42P1vKnBeN7xZc7rPCQdV7b2IKf</credentials>
                </user>
            </users>
      <roles/>
    </realm>
  </jazn-realm>
</jazn-data>
