<?xml version='1.0' encoding='windows-1252' ?>
<!DOCTYPE Entity SYSTEM "jbo_03_01.dtd">

<Entity
   Name="Dept"
   DBObjectType="table"
   DBObjectName="DEPT_VIEW"
   AliasName="Dept"
   BindingStyle="Oracle"
   UseGlueCode="false"
   RowClass="demo.model.businessobjects.DeptImpl" >
   <DesignTime>
      <Attr Name="_isCodegen" Value="true" />
      <Attr Name="_version" Value="10.1.3.42.70" />
      <AttrArray Name="_publishEvents">
      </AttrArray>
      <Attr Name="_superClass" Value="demo.fwkext.CustomEntityImpl" />
      <Attr Name="_panelSchema" Value="view" />
      <Attr Name="_codeGenFlag2" Value="Access" />
   </DesignTime>
   <Attribute
      Name="Deptno"
      IsUpdateable="false"
      DefaultValue="@0"
      ColumnName="DEPTNO"
      Domain="oracle.jbo.domain.DBSequence"
      Type="oracle.jbo.domain.DBSequence"
      ColumnType="NUMBER"
      SQLType="NUMERIC"
      TableName="DEPT_VIEW"
      PrimaryKey="true"
      RetrievedOnInsert="true" >
      <DesignTime>
         <Attr Name="_DisplaySize" Value="22" />
      </DesignTime>
   </Attribute>
   <Attribute
      Name="Dname"
      Precision="14"
      ColumnName="DNAME"
      Type="java.lang.String"
      ColumnType="VARCHAR2"
      SQLType="VARCHAR"
      TableName="DEPT_VIEW" >
      <DesignTime>
         <Attr Name="_DisplaySize" Value="14" />
      </DesignTime>
   </Attribute>
   <Attribute
      Name="Loc"
      Precision="13"
      ColumnName="LOC"
      Type="java.lang.String"
      ColumnType="VARCHAR2"
      SQLType="VARCHAR"
      TableName="DEPT_VIEW" >
      <DesignTime>
         <Attr Name="_DisplaySize" Value="13" />
      </DesignTime>
   </Attribute>
   <AccessorAttribute
      Name="Emp"
      Association="demo.model.businessobjects.WorksInDeptAssoc"
      AssociationEnd="demo.model.businessobjects.WorksInDeptAssoc.Emp"
      AssociationOtherEnd="demo.model.businessobjects.WorksInDeptAssoc.Dept"
      Type="oracle.jbo.RowIterator"
      IsUpdateable="false" >
   </AccessorAttribute>
   <Key
      Name="DeptPk" >
      <AttrArray Name="Attributes">
         <Item Value="demo.model.businessobjects.Dept.Deptno" />
      </AttrArray>
      <DesignTime>
         <Attr Name="_isPrimary" Value="true" />
         <Attr Name="_DBObjectName" Value="DEPT_PK" />
      </DesignTime>
   </Key>
</Entity>
