<?xml version='1.0' encoding='windows-1252' ?>
<!DOCTYPE Entity SYSTEM "jbo_03_01.dtd">

<Entity
   Name="Emp"
   DBObjectType="table"
   DBObjectName="EMP_VIEW"
   AliasName="Emp"
   BindingStyle="Oracle"
   UseGlueCode="false"
   RowClass="demo.model.businessobjects.EmpImpl" >
   <DesignTime>
      <Attr Name="_isCodegen" Value="true" />
      <Attr Name="_version" Value="10.1.3.42.70" />
      <AttrArray Name="_publishEvents">
      </AttrArray>
      <Attr Name="_superClass" Value="demo.fwkext.CustomEntityImpl" />
      <Attr Name="_panelSchema" Value="view" />
      <Attr Name="_codeGenFlag2" Value="Access" />
   </DesignTime>
   <Attribute
      Name="Empno"
      IsUpdateable="false"
      DefaultValue="@0"
      ColumnName="EMPNO"
      Domain="oracle.jbo.domain.DBSequence"
      Type="oracle.jbo.domain.DBSequence"
      ColumnType="NUMBER"
      SQLType="NUMERIC"
      TableName="EMP_VIEW"
      PrimaryKey="true"
      RetrievedOnInsert="true" >
      <DesignTime>
         <Attr Name="_DisplaySize" Value="22" />
      </DesignTime>
   </Attribute>
   <Attribute
      Name="Ename"
      Precision="10"
      ColumnName="ENAME"
      Type="java.lang.String"
      ColumnType="VARCHAR2"
      SQLType="VARCHAR"
      TableName="EMP_VIEW" >
      <DesignTime>
         <Attr Name="_DisplaySize" Value="10" />
      </DesignTime>
   </Attribute>
   <Attribute
      Name="Job"
      Precision="9"
      ColumnName="JOB"
      Type="java.lang.String"
      ColumnType="VARCHAR2"
      SQLType="VARCHAR"
      TableName="EMP_VIEW" >
      <DesignTime>
         <Attr Name="_DisplaySize" Value="9" />
      </DesignTime>
   </Attribute>
   <Attribute
      Name="Mgr"
      Precision="4"
      Scale="0"
      ColumnName="MGR"
      Type="oracle.jbo.domain.Number"
      ColumnType="NUMBER"
      SQLType="NUMERIC"
      TableName="EMP_VIEW" >
      <DesignTime>
         <Attr Name="_DisplaySize" Value="22" />
      </DesignTime>
   </Attribute>
   <Attribute
      Name="Hiredate"
      ColumnName="HIREDATE"
      Type="oracle.jbo.domain.Date"
      ColumnType="DATE"
      SQLType="DATE"
      TableName="EMP_VIEW" >
      <DesignTime>
         <Attr Name="_DisplaySize" Value="7" />
      </DesignTime>
   </Attribute>
   <Attribute
      Name="Sal"
      Precision="7"
      Scale="2"
      ColumnName="SAL"
      Type="oracle.jbo.domain.Number"
      ColumnType="NUMBER"
      SQLType="NUMERIC"
      TableName="EMP_VIEW" >
      <DesignTime>
         <Attr Name="_DisplaySize" Value="22" />
      </DesignTime>
   </Attribute>
   <Attribute
      Name="Comm"
      Precision="7"
      Scale="2"
      ColumnName="COMM"
      Type="oracle.jbo.domain.Number"
      ColumnType="NUMBER"
      SQLType="NUMERIC"
      TableName="EMP_VIEW" >
      <DesignTime>
         <Attr Name="_DisplaySize" Value="22" />
      </DesignTime>
   </Attribute>
   <Attribute
      Name="Deptno"
      Precision="2"
      Scale="0"
      ColumnName="DEPTNO"
      Type="oracle.jbo.domain.Number"
      ColumnType="NUMBER"
      SQLType="NUMERIC"
      TableName="EMP_VIEW" >
      <DesignTime>
         <Attr Name="_DisplaySize" Value="22" />
      </DesignTime>
   </Attribute>
   <AccessorAttribute
      Name="Dept"
      Association="demo.model.businessobjects.WorksInDeptAssoc"
      AssociationEnd="demo.model.businessobjects.WorksInDeptAssoc.Dept"
      AssociationOtherEnd="demo.model.businessobjects.WorksInDeptAssoc.Emp"
      Type="demo.model.businessobjects.DeptImpl" >
   </AccessorAttribute>
   <Key
      Name="EmployeePk" >
      <AttrArray Name="Attributes">
         <Item Value="demo.model.businessobjects.Emp.Empno" />
      </AttrArray>
      <DesignTime>
         <Attr Name="_isPrimary" Value="true" />
         <Attr Name="_DBObjectName" Value="EMPLOYEE_PK" />
      </DesignTime>
   </Key>
   <Key
      Name="WorksInDept" >
      <AttrArray Name="Attributes">
         <Item Value="demo.model.businessobjects.Emp.Deptno" />
      </AttrArray>
      <DesignTime>
         <Attr Name="_isCascadeDelete" Value="true" />
         <Attr Name="_referencedKey" Value="DEPT_PK" />
         <Attr Name="_isForeign" Value="true" />
         <Attr Name="_DBObjectName" Value="WORKS_IN_DEPT" />
      </DesignTime>
   </Key>
</Entity>
