<?xml version="1.0" encoding="UTF-8" ?>
<pageDefinition xmlns="http://xmlns.oracle.com/adfm/uimodel"
                version="10.1.3.36.73" id="TestPagePageDef"
                Package="userinterface.pageDefs">
  <parameters/>
  <executables>
    <iterator id="ProductsIterator" RangeSize="3" Binds="Products"
              DataControl="ExampleModuleDataControl"/>
  </executables>
  <bindings>
    <table id="Products" IterBinding="ProductsIterator">
      <AttrNames>
        <Item Value="ProdId"/>
        <Item Value="Name"/>
        <Item Value="Image"/>
        <Item Value="Description"/>
      </AttrNames>
    </table>
    <action id="Rollback" InstanceName="ExampleModuleDataControl"
            DataControl="ExampleModuleDataControl" RequiresUpdateModel="false"
            Action="101"/>
    <attributeValues id="ProdId" IterBinding="ProductsIterator">
      <AttrNames>
        <Item Value="ProdId"/>
      </AttrNames>
    </attributeValues>
    <attributeValues id="Name" IterBinding="ProductsIterator">
      <AttrNames>
        <Item Value="Name"/>
      </AttrNames>
    </attributeValues>
    <attributeValues id="Image" IterBinding="ProductsIterator">
      <AttrNames>
        <Item Value="Image"/>
      </AttrNames>
    </attributeValues>
    <attributeValues id="Description" IterBinding="ProductsIterator">
      <AttrNames>
        <Item Value="Description"/>
      </AttrNames>
    </attributeValues>
    <action id="Commit" InstanceName="ExampleModuleDataControl"
            DataControl="ExampleModuleDataControl" RequiresUpdateModel="true"
            Action="100"/>
  </bindings>
</pageDefinition>
