<?xml version="1.0" encoding="UTF-8" ?>
<pageDefinition xmlns="http://xmlns.oracle.com/adfm/uimodel"
                version="10.1.3.36.73" id="TestPageReadOnlyPageDef"
                Package="userinterface.pageDefs">
  <parameters/>
  <executables>
    <iterator id="ReadOnlyProductsIterator" RangeSize="5"
              Binds="ReadOnlyProducts" DataControl="ExampleModuleDataControl"/>
  </executables>
  <bindings>
    <table id="ReadOnlyProducts" IterBinding="ReadOnlyProductsIterator">
      <AttrNames>
        <Item Value="ProdId"/>
        <Item Value="Name"/>
      </AttrNames>
    </table>
    <action id="Rollback" InstanceName="ExampleModuleDataControl"
            DataControl="ExampleModuleDataControl" RequiresUpdateModel="false"
            Action="101"/>
    <attributeValues id="ProdId" IterBinding="ReadOnlyProductsIterator">
      <AttrNames>
        <Item Value="ProdId"/>
      </AttrNames>
    </attributeValues>
    <attributeValues id="Name" IterBinding="ReadOnlyProductsIterator">
      <AttrNames>
        <Item Value="Name"/>
      </AttrNames>
    </attributeValues>
    <action id="First" RequiresUpdateModel="true" Action="12"
            IterBinding="ReadOnlyProductsIterator"/>
    <action id="Previous" RequiresUpdateModel="true" Action="11"
            IterBinding="ReadOnlyProductsIterator"/>
    <action id="Next" RequiresUpdateModel="true" Action="10"
            IterBinding="ReadOnlyProductsIterator"/>
    <action id="Last" RequiresUpdateModel="true" Action="13"
            IterBinding="ReadOnlyProductsIterator"/>
  </bindings>
</pageDefinition>
