<?xml version='1.0' encoding='windows-1252' ?>
<!DOCTYPE ViewObject SYSTEM "jbo_03_01.dtd">

<ViewObject
   Name="ExpertViewObject"
   BindingStyle="Oracle"
   CustomQuery="true"
   ComponentClass="com.somecompany.someapp.ExpertViewObjectImpl"
   FetchMode="FETCH_AS_NEEDED"
   UseGlueCode="false" >
   <SQLQuery><![CDATA[
select 1 as my_number from dual
   ]]></SQLQuery>
   <DesignTime>
      <Attr Name="_isExpertMode" Value="true" />
      <Attr Name="_version" Value="10.1.3.36.73" />
      <Attr Name="_codeGenFlag2" Value="Access|Coll" />
   </DesignTime>
   <ViewAttribute
      Name="MyNumber"
      IsPersistent="false"
      Type="oracle.jbo.domain.Number"
      ColumnType="VARCHAR2"
      AliasName="MY_NUMBER"
      Expression="MY_NUMBER"
      SQLType="NUMERIC" >
      <DesignTime>
         <Attr Name="_DisplaySize" Value="22" />
      </DesignTime>
   </ViewAttribute>
</ViewObject>
