<?xml version = '1.0' encoding = 'windows-1252'?>
<data-sources xmlns:xsi="http://www.w3.org/2001/XMLSchema-instance" xsi:schemaLocation="http://xmlns.oracle.com/oracleas/schema http://xmlns.oracle.com/oracleas/schema/data-sources-10_1.xsd" version="10.1" xmlns="http://xmlns.oracle.com/oracleas/schema">
  <connection-pool name="jdev-connection-pool-EBSCore">
    <connection-factory factory-class="oracle.jdbc.pool.OracleDataSource" user="apps" password="->DataBase_User_59Tfz5sy2dasurKx0AY3TrcqBY32dgoG" url="jdbc:oracle:thin:@pdlnx-perf20.us.oracle.com:1521:VIS"/>
  </connection-pool>
  <managed-data-source name="jdev-connection-managed-EBSCore" jndi-name="jdbc/EBSCoreDS" connection-pool-name="jdev-connection-pool-EBSCore"/>
  <native-data-source name="jdev-connection-native-EBSCore" jndi-name="jdbc/EBSCoreCoreDS" url="jdbc:oracle:thin:@pdlnx-perf20.us.oracle.com:1521:VIS" user="apps" password="->DataBase_User_yRH25zGNGyB8k5JaxQig1pLF-m0edm3a" data-source-class="oracle.jdbc.pool.OracleDataSource"/>
  <connection-pool name="jdev-connection-pool-ap664sdb">
    <connection-factory factory-class="oracle.jdbc.pool.OracleDataSource" user="apps" password="->DataBase_User_aGex7pK6qiDUeb5PxYezHdBiN8XSNZt_dy5c_xworT0=" url="jdbc:oracle:thin:@ap664sdb.us.oracle.com:4120:fwk12dev"/>
  </connection-pool>
  <managed-data-source name="jdev-connection-managed-ap664sdb" jndi-name="jdbc/ap664sdbDS" connection-pool-name="jdev-connection-pool-ap664sdb"/>
  <native-data-source name="jdev-connection-native-ap664sdb" jndi-name="jdbc/ap664sdbCoreDS" url="jdbc:oracle:thin:@ap664sdb.us.oracle.com:4120:fwk12dev" user="apps" password="->DataBase_User_5CECXWFlvPA662rJora2jY_8TFIDvnAniQF57AcdOns=" data-source-class="oracle.jdbc.pool.OracleDataSource"/>
  <connection-pool name="jdev-connection-pool-SRDemo">
    <connection-factory factory-class="oracle.jdbc.pool.OracleDataSource" user="SRDEMO" password="->DataBase_User_i4uTtnP77ifBe7THYAKuqoeeqo9tsYqK" url="jdbc:oracle:thin:@localhost:1521:ORCL"/>
  </connection-pool>
  <managed-data-source name="jdev-connection-managed-SRDemo" jndi-name="jdbc/SRDemoDS" connection-pool-name="jdev-connection-pool-SRDemo"/>
  <native-data-source name="jdev-connection-native-SRDemo" jndi-name="jdbc/SRDemoCoreDS" url="jdbc:oracle:thin:@localhost:1521:ORCL" user="SRDEMO" password="->DataBase_User_HPVFUZPGNooqiKbDnYR80_F2HW2ZG4gD" data-source-class="oracle.jdbc.pool.OracleDataSource"/>
  <connection-pool name="jdev-connection-pool-staff">
    <connection-factory factory-class="oracle.jdbc.pool.OracleDataSource" user="staff" password="->DataBase_User_i3CisPq6ZgfCXcSDLWC8AKH6EQnvovWG" url="jdbc:oracle:thin:@localhost:1521:ORCL"/>
  </connection-pool>
  <managed-data-source name="jdev-connection-managed-staff" jndi-name="jdbc/staffDS" connection-pool-name="jdev-connection-pool-staff"/>
  <native-data-source name="jdev-connection-native-staff" jndi-name="jdbc/staffCoreDS" url="jdbc:oracle:thin:@localhost:1521:ORCL" user="staff" password="->DataBase_User_j5jkyz02uqr57B-nmh6kFXavKLE_wD_L" data-source-class="oracle.jdbc.pool.OracleDataSource"/>
  <connection-pool name="jdev-connection-pool-oe">
    <connection-factory factory-class="oracle.jdbc.pool.OracleDataSource" user="oe" password="->DataBase_User_En-_5HFx2Ekn2Axw_xGBqGcDKix-6737" url="jdbc:oracle:thin:@localhost:1521:ORCL"/>
  </connection-pool>
  <managed-data-source name="jdev-connection-managed-oe" jndi-name="jdbc/oeDS" connection-pool-name="jdev-connection-pool-oe"/>
  <native-data-source name="jdev-connection-native-oe" jndi-name="jdbc/oeCoreDS" url="jdbc:oracle:thin:@localhost:1521:ORCL" user="oe" password="->DataBase_User_RG1Hia55DH2dEl6GScByeGbKPX0qEwFW" data-source-class="oracle.jdbc.pool.OracleDataSource"/>
  <connection-pool name="jdev-connection-pool-hr">
    <connection-factory factory-class="oracle.jdbc.pool.OracleDataSource" user="hr" password="->DataBase_User_0tixIHD3KjGRSo9pye3IsS3ETp6nIZj_" url="jdbc:oracle:thin:@localhost:1521:orcl"/>
  </connection-pool>
  <managed-data-source name="jdev-connection-managed-hr" jndi-name="jdbc/hrDS" connection-pool-name="jdev-connection-pool-hr"/>
  <native-data-source name="jdev-connection-native-hr" jndi-name="jdbc/hrCoreDS" url="jdbc:oracle:thin:@localhost:1521:orcl" user="hr" password="->DataBase_User_iguM_i_x6JdW-Rs8zdRrV-wbW2tRa2JH" data-source-class="oracle.jdbc.pool.OracleDataSource"/>
  <connection-pool name="jdev-connection-pool-bug">
    <connection-factory factory-class="oracle.jdbc.pool.OracleDataSource" user="bug" password="->DataBase_User_NR10AZD9yUrbbuo4SEpUWbb07FBxtm3A" url="jdbc:oracle:thin:@localhost:1521:orcl"/>
  </connection-pool>
  <managed-data-source name="jdev-connection-managed-bug" jndi-name="jdbc/bugDS" connection-pool-name="jdev-connection-pool-bug"/>
  <native-data-source name="jdev-connection-native-bug" jndi-name="jdbc/bugCoreDS" url="jdbc:oracle:thin:@localhost:1521:orcl" user="bug" password="->DataBase_User_DZgYugWXc0ovfDy5wScPvWF2WQRDe2sB" data-source-class="oracle.jdbc.pool.OracleDataSource"/>
  <connection-pool name="jdev-connection-pool-scott">
    <connection-factory factory-class="oracle.jdbc.pool.OracleDataSource" user="smuench" password="->DataBase_User_dL7WjB5kjKo_HQ4097KjCtlIEAblsVpk" url="jdbc:oracle:thin:@localhost:1521:ORCL"/>
  </connection-pool>
  <managed-data-source name="jdev-connection-managed-scott" jndi-name="jdbc/scottDS" connection-pool-name="jdev-connection-pool-scott"/>
  <native-data-source name="jdev-connection-native-scott" jndi-name="jdbc/scottCoreDS" url="jdbc:oracle:thin:@localhost:1521:ORCL" user="smuench" password="->DataBase_User_JPdLEQZxzdMgqsVobDy6tMYV7RFKupX9" data-source-class="oracle.jdbc.pool.OracleDataSource"/>
  <connection-pool name="jdev-connection-pool-toyota">
    <connection-factory factory-class="oracle.jdbc.pool.OracleDataSource" user="toyota" password="->DataBase_User_olSSnklrosnzCVuOI9Jrjzd-JCZS7kIv" url="jdbc:oracle:thin:@localhost:1521:ORCL"/>
  </connection-pool>
  <managed-data-source name="jdev-connection-managed-toyota" jndi-name="jdbc/toyotaDS" connection-pool-name="jdev-connection-pool-toyota"/>
  <native-data-source name="jdev-connection-native-toyota" jndi-name="jdbc/toyotaCoreDS" url="jdbc:oracle:thin:@localhost:1521:ORCL" user="toyota" password="->DataBase_User_nt_UcEP1TC1c-BTeoVB_sPa_yO1redBj" data-source-class="oracle.jdbc.pool.OracleDataSource"/>
    <connection-pool name="jdev-connection-pool-jclientdemo">
        <connection-factory factory-class="oracle.jdbc.pool.OracleDataSource" user="jclientdemo" password="->DataBase_User_zFngM1YnsMgBOfervEQOYZkLq-vOul74Uh61S8DYbdc=" url="jdbc:oracle:thin:@pdws3.it.oracle.com:1521:ORCL"/>
    </connection-pool>
    <managed-data-source name="jdev-connection-managed-jclientdemo" jndi-name="jdbc/jclientdemoDS" connection-pool-name="jdev-connection-pool-jclientdemo"/>
    <native-data-source name="jdev-connection-native-jclientdemo" jndi-name="jdbc/jclientdemoCoreDS" url="jdbc:oracle:thin:@pdws3.it.oracle.com:1521:ORCL" user="jclientdemo" password="->DataBase_User_c9JJNmGmiGsIM3E9h3HA-sezQpWfKCnhq44J5lp9JSA=" data-source-class="oracle.jdbc.pool.OracleDataSource"/>
    <connection-pool name="jdev-connection-pool-neworder">
        <connection-factory factory-class="oracle.jdbc.pool.OracleDataSource" user="fod" password="->DataBase_User_5wgkkoWVS-gXbBgKDg5f8bb726g_fgr1" url="jdbc:oracle:thin:@staql22.us.oracle.com:1521:ORCL"/>
    </connection-pool>
    <managed-data-source name="jdev-connection-managed-neworder" jndi-name="jdbc/neworderDS" connection-pool-name="jdev-connection-pool-neworder"/>
    <native-data-source name="jdev-connection-native-neworder" jndi-name="jdbc/neworderCoreDS" url="jdbc:oracle:thin:@staql22.us.oracle.com:1521:ORCL" user="fod" password="->DataBase_User_4vBR0zfNoz4U9oev5Ax0s1KekL9MmWjx" data-source-class="oracle.jdbc.pool.OracleDataSource"/>
    <connection-pool name="jdev-connection-pool-scottlocal">
        <connection-factory factory-class="oracle.jdbc.pool.OracleDataSource" user="scott" password="->DataBase_User_vRQpHjDJWy1bdHDrEvHhY-P0rdB32_WN" url="jdbc:oracle:thin:@localhost:1521:ORCL"/>
    </connection-pool>
    <managed-data-source name="jdev-connection-managed-scottlocal" jndi-name="jdbc/scottlocalDS" connection-pool-name="jdev-connection-pool-scottlocal"/>
    <native-data-source name="jdev-connection-native-scottlocal" jndi-name="jdbc/scottlocalCoreDS" url="jdbc:oracle:thin:@localhost:1521:ORCL" user="scott" password="->DataBase_User_bP9RQtWdv5yu4j-WFfC3Xt2Qs_x7H1TQ" data-source-class="oracle.jdbc.pool.OracleDataSource"/>
  <connection-pool name="jdev-connection-pool-toystore">
    <connection-factory factory-class="oracle.jdbc.pool.OracleDataSource" user="toystore" password="->DataBase_User_LcIAtkO6oKpykkWjULgaTC9JcXDSjDdW" url="jdbc:oracle:thin:@localhost:1521:ORCL"/>
  </connection-pool>
  <managed-data-source name="jdev-connection-managed-toystore" jndi-name="jdbc/toystoreDS" connection-pool-name="jdev-connection-pool-toystore"/>
  <native-data-source name="jdev-connection-native-toystore" jndi-name="jdbc/toystoreCoreDS" url="jdbc:oracle:thin:@localhost:1521:ORCL" user="toystore" password="->DataBase_User_ueFM7sMKUaJfN9SAqsg3nFlCMyVO3ahw" data-source-class="oracle.jdbc.pool.OracleDataSource"/>
  <connection-pool name="jdev-connection-pool-scott_at_pdws3">
    <connection-factory factory-class="oracle.jdbc.pool.OracleDataSource" user="scott" password="->DataBase_User_ciI4TeucoRwBdxnfwP_rXuV-zkoyvpiN" url="jdbc:oracle:thin:@pdws3.it.oracle.com:1521:ORCL"/>
  </connection-pool>
  <managed-data-source name="jdev-connection-managed-scott_at_pdws3" jndi-name="jdbc/scott_at_pdws3DS" connection-pool-name="jdev-connection-pool-scott_at_pdws3"/>
  <native-data-source name="jdev-connection-native-scott_at_pdws3" jndi-name="jdbc/scott_at_pdws3CoreDS" url="jdbc:oracle:thin:@pdws3.it.oracle.com:1521:ORCL" user="scott" password="->DataBase_User_2LmqEfmN_FYXcthUKdrWLhDWu6oH9LuC" data-source-class="oracle.jdbc.pool.OracleDataSource"/>
  <connection-pool name="jdev-connection-pool-rdbash01_ems">
    <connection-factory factory-class="oracle.jdbc.pool.OracleDataSource" user="scott" password="->DataBase_User_NgRQ-eGvQMP_JYAC-fOEDhHNOzAO6Fn4" url="jdbc:oracle:thin:@localhost:1521:ORCL"/>
  </connection-pool>
  <managed-data-source name="jdev-connection-managed-rdbash01_ems" jndi-name="jdbc/rdbash01_emsDS" connection-pool-name="jdev-connection-pool-rdbash01_ems"/>
  <native-data-source name="jdev-connection-native-rdbash01_ems" jndi-name="jdbc/rdbash01_emsCoreDS" url="jdbc:oracle:thin:@localhost:1521:ORCL" user="scott" password="->DataBase_User_M9BNjCIQHTkC2HL0jofg1Phil8JPbsDM" data-source-class="oracle.jdbc.pool.OracleDataSource"/>
  <connection-pool name="jdev-connection-pool-toystore_statemgmt">
    <connection-factory factory-class="oracle.jdbc.pool.OracleDataSource" user="toystore_statemgmt" password="->DataBase_User_2QrP6xvIg0Xn7abmDHWCWw5HD4e_SBP9" url="jdbc:oracle:thin:@localhost:1521:ORCL"/>
  </connection-pool>
  <managed-data-source name="jdev-connection-managed-toystore_statemgmt" jndi-name="jdbc/toystore_statemgmtDS" connection-pool-name="jdev-connection-pool-toystore_statemgmt"/>
  <native-data-source name="jdev-connection-native-toystore_statemgmt" jndi-name="jdbc/toystore_statemgmtCoreDS" url="jdbc:oracle:thin:@localhost:1521:ORCL" user="toystore_statemgmt" password="->DataBase_User_-LhvybO-bfEiIwjshspCJI8YzkE_QKTH" data-source-class="oracle.jdbc.pool.OracleDataSource"/>
  <connection-pool name="jdev-connection-pool-localscott2">
    <connection-factory factory-class="oracle.jdbc.pool.OracleDataSource" user="scott" password="->DataBase_User_TMVq9C4B_LanvgkpMjgw4GvgpsnS-w6l" url="jdbc:oracle:thin:@localhost:1521:ORCL"/>
  </connection-pool>
  <managed-data-source name="jdev-connection-managed-localscott2" jndi-name="jdbc/localscott2DS" connection-pool-name="jdev-connection-pool-localscott2"/>
  <native-data-source name="jdev-connection-native-localscott2" jndi-name="jdbc/localscott2CoreDS" url="jdbc:oracle:thin:@localhost:1521:ORCL" user="scott" password="->DataBase_User_DzotO3qoj2OUA736VtwTsxYvrKfqY_9g" data-source-class="oracle.jdbc.pool.OracleDataSource"/>
  <connection-pool name="jdev-connection-pool-fa">
    <connection-factory factory-class="oracle.jdbc.pool.OracleDataSource" user="fa" password="->DataBase_User_NayC608x1QCioHcD-kmT42sfpS84Qo-r" url="jdbc:oracle:thin:@localhost:1521:ORCL"/>
  </connection-pool>
  <managed-data-source name="jdev-connection-managed-fa" jndi-name="jdbc/faDS" connection-pool-name="jdev-connection-pool-fa"/>
  <native-data-source name="jdev-connection-native-fa" jndi-name="jdbc/faCoreDS" url="jdbc:oracle:thin:@localhost:1521:ORCL" user="fa" password="->DataBase_User_r5h1w1161ojPqVepaJTWcYLiLR53BCek" data-source-class="oracle.jdbc.pool.OracleDataSource"/>
  <connection-pool name="jdev-connection-pool-scott_idc">
    <connection-factory factory-class="oracle.jdbc.pool.OracleDataSource" user="scott" password="->DataBase_User_9ZaCH3RUymgbmi21xHcH2_xIZb8AuhV9" url="jdbc:oracle:thin:@formslab-pc.idc.oracle.com:1521:XE"/>
  </connection-pool>
  <managed-data-source name="jdev-connection-managed-scott_idc" jndi-name="jdbc/scott_idcDS" connection-pool-name="jdev-connection-pool-scott_idc"/>
  <native-data-source name="jdev-connection-native-scott_idc" jndi-name="jdbc/scott_idcCoreDS" url="jdbc:oracle:thin:@formslab-pc.idc.oracle.com:1521:XE" user="scott" password="->DataBase_User_yaKScDhQPiOWFRitTOskR7fkVGlG2Zcv" data-source-class="oracle.jdbc.pool.OracleDataSource"/>
    <connection-pool name="jdev-connection-pool-Test">
        <connection-factory factory-class="oracle.jdbc.pool.OracleDataSource" user="scott" password="->DataBase_User_P6gK8EQB_z1QEwYCp39z1KV7VNNz6ChG" url="jdbc:oracle:thin:@localhost:1521:ORCL"/>
    </connection-pool>
    <managed-data-source name="jdev-connection-managed-Test" jndi-name="jdbc/TestDS" connection-pool-name="jdev-connection-pool-Test"/>
    <native-data-source name="jdev-connection-native-Test" jndi-name="jdbc/TestCoreDS" url="jdbc:oracle:thin:@localhost:1521:ORCL" user="scott" password="->DataBase_User_g88crjyhvEk_lx11h7mfhVyGrnM57sQJ" data-source-class="oracle.jdbc.pool.OracleDataSource"/>
    <connection-pool name="jdev-connection-pool-scott_at_adt1010">
        <connection-factory factory-class="oracle.jdbc.pool.OracleDataSource" user="smuench" password="->DataBase_User_v_L4vgu7ktIHkCQbQcJj04AckFOmmyxm" url="jdbc:oracle:thin:@adt-scaler1.us.oracle.com:1521:adt1010"/>
    </connection-pool>
    <managed-data-source name="jdev-connection-managed-scott_at_adt1010" jndi-name="jdbc/scott_at_adt1010DS" connection-pool-name="jdev-connection-pool-scott_at_adt1010"/>
    <native-data-source name="jdev-connection-native-scott_at_adt1010" jndi-name="jdbc/scott_at_adt1010CoreDS" url="jdbc:oracle:thin:@adt-scaler1.us.oracle.com:1521:adt1010" user="smuench" password="->DataBase_User_Nkt2f68bWa9X-vwmM9qCfsJ5cJUYK4Ov" data-source-class="oracle.jdbc.pool.OracleDataSource"/>
    <connection-pool name="jdev-connection-pool-FOD">
        <connection-factory factory-class="oracle.jdbc.pool.OracleDataSource" user="fod" password="->DataBase_User_WLuHNqJwjkOxmAmun_UkdqGGI16CSeiV" url="jdbc:oracle:thin:@localhost:1521:ORCL"/>
    </connection-pool>
    <managed-data-source name="jdev-connection-managed-FOD" jndi-name="jdbc/FODDS" connection-pool-name="jdev-connection-pool-FOD"/>
    <native-data-source name="jdev-connection-native-FOD" jndi-name="jdbc/FODCoreDS" url="jdbc:oracle:thin:@localhost:1521:ORCL" user="fod" password="->DataBase_User_rJ6KaT__cV6qTptwnwBNfPE9yRuDJHLb" data-source-class="oracle.jdbc.pool.OracleDataSource"/>
    <connection-pool name="jdev-connection-pool-scott_local">
        <connection-factory factory-class="oracle.jdbc.pool.OracleDataSource" user="scott" password="->DataBase_User_deaUNgsj6H3hxJcNnfG6O2yMSOvWjmPF" url="jdbc:oracle:thin:@localhost:1521:ORCL"/>
    </connection-pool>
    <managed-data-source name="jdev-connection-managed-scott_local" jndi-name="jdbc/scott_localDS" connection-pool-name="jdev-connection-pool-scott_local"/>
    <native-data-source name="jdev-connection-native-scott_local" jndi-name="jdbc/scott_localCoreDS" url="jdbc:oracle:thin:@localhost:1521:ORCL" user="scott" password="->DataBase_User_R3LQ0LBL4x3qoJdWW5VOTzmcDa-ClnN7" data-source-class="oracle.jdbc.pool.OracleDataSource"/>
    <connection-pool name="jdev-connection-pool-HR">
        <connection-factory factory-class="oracle.jdbc.pool.OracleDataSource" user="hr" password="->DataBase_User_Uog2XUQE9voveF9ulkH2AsIC1BcXHx0d" url="jdbc:oracle:thin:@localhost:1521:ORCL"/>
    </connection-pool>
    <managed-data-source name="jdev-connection-managed-HR" jndi-name="jdbc/HRDS" connection-pool-name="jdev-connection-pool-HR"/>
    <native-data-source name="jdev-connection-native-HR" jndi-name="jdbc/HRCoreDS" url="jdbc:oracle:thin:@localhost:1521:ORCL" user="hr" password="->DataBase_User_ZzGSqfIeoBhonRoIXgDosCYsEdA4eKzT" data-source-class="oracle.jdbc.pool.OracleDataSource"/>
</data-sources>
