<?xml version = '1.0' encoding = 'windows-1252' standalone = 'yes'?>
<jazn-data xmlns:xsi="http://www.w3.org/2001/XMLSchema-instance" xsi:noNamespaceSchemaLocation="http://xmlns.oracle.com/oracleas/schema/jazn-data-10_0.xsd" filepath="" OC4J_INSTANCE_ID="">
  <jazn-realm>
    <realm>
      <name>jazn.com</name>
      <users>
                <user>
                    <name>DataBase_User_59Tfz5sy2dasurKx0AY3TrcqBY32dgoG</name>
                    <credentials>{903}59Tfz5sy2dasurKx0AY3TrcqBY32dgoG</credentials>
                </user>
                <user>
                    <name>DataBase_User_yRH25zGNGyB8k5JaxQig1pLF-m0edm3a</name>
                    <credentials>{903}yRH25zGNGyB8k5JaxQig1pLF+m0edm3a</credentials>
                </user>
                <user>
                    <name>DataBase_User_aGex7pK6qiDUeb5PxYezHdBiN8XSNZt_dy5c_xworT0=</name>
                    <credentials>{903}aGex7pK6qiDUeb5PxYezHdBiN8XSNZt/dy5c/xworT0=</credentials>
                </user>
                <user>
                    <name>DataBase_User_5CECXWFlvPA662rJora2jY_8TFIDvnAniQF57AcdOns=</name>
                    <credentials>{903}5CECXWFlvPA662rJora2jY/8TFIDvnAniQF57AcdOns=</credentials>
                </user>
                <user>
                    <name>DataBase_User_i4uTtnP77ifBe7THYAKuqoeeqo9tsYqK</name>
                    <credentials>{903}i4uTtnP77ifBe7THYAKuqoeeqo9tsYqK</credentials>
                </user>
                <user>
                    <name>DataBase_User_HPVFUZPGNooqiKbDnYR80_F2HW2ZG4gD</name>
                    <credentials>{903}HPVFUZPGNooqiKbDnYR80/F2HW2ZG4gD</credentials>
                </user>
                <user>
                    <name>DataBase_User_i3CisPq6ZgfCXcSDLWC8AKH6EQnvovWG</name>
                    <credentials>{903}i3CisPq6ZgfCXcSDLWC8AKH6EQnvovWG</credentials>
                </user>
                <user>
                    <name>DataBase_User_j5jkyz02uqr57B-nmh6kFXavKLE_wD_L</name>
                    <credentials>{903}j5jkyz02uqr57B+nmh6kFXavKLE/wD/L</credentials>
                </user>
                <user>
                    <name>DataBase_User_En-_5HFx2Ekn2Axw_xGBqGcDKix-6737</name>
                    <credentials>{903}En+/5HFx2Ekn2Axw/xGBqGcDKix+6737</credentials>
                </user>
                <user>
                    <name>DataBase_User_RG1Hia55DH2dEl6GScByeGbKPX0qEwFW</name>
                    <credentials>{903}RG1Hia55DH2dEl6GScByeGbKPX0qEwFW</credentials>
                </user>
                <user>
                    <name>DataBase_User_0tixIHD3KjGRSo9pye3IsS3ETp6nIZj_</name>
                    <credentials>{903}0tixIHD3KjGRSo9pye3IsS3ETp6nIZj/</credentials>
                </user>
                <user>
                    <name>DataBase_User_iguM_i_x6JdW-Rs8zdRrV-wbW2tRa2JH</name>
                    <credentials>{903}iguM/i/x6JdW+Rs8zdRrV+wbW2tRa2JH</credentials>
                </user>
                <user>
                    <name>DataBase_User_NR10AZD9yUrbbuo4SEpUWbb07FBxtm3A</name>
                    <credentials>{903}NR10AZD9yUrbbuo4SEpUWbb07FBxtm3A</credentials>
                </user>
                <user>
                    <name>DataBase_User_DZgYugWXc0ovfDy5wScPvWF2WQRDe2sB</name>
                    <credentials>{903}DZgYugWXc0ovfDy5wScPvWF2WQRDe2sB</credentials>
                </user>
                <user>
                    <name>DataBase_User_dL7WjB5kjKo_HQ4097KjCtlIEAblsVpk</name>
                    <credentials>{903}dL7WjB5kjKo/HQ4097KjCtlIEAblsVpk</credentials>
                </user>
                <user>
                    <name>DataBase_User_JPdLEQZxzdMgqsVobDy6tMYV7RFKupX9</name>
                    <credentials>{903}JPdLEQZxzdMgqsVobDy6tMYV7RFKupX9</credentials>
                </user>
                <user>
                    <name>DataBase_User_olSSnklrosnzCVuOI9Jrjzd-JCZS7kIv</name>
                    <credentials>{903}olSSnklrosnzCVuOI9Jrjzd+JCZS7kIv</credentials>
                </user>
                <user>
                    <name>DataBase_User_nt_UcEP1TC1c-BTeoVB_sPa_yO1redBj</name>
                    <credentials>{903}nt/UcEP1TC1c+BTeoVB/sPa/yO1redBj</credentials>
                </user>
                <user>
                    <name>DataBase_User_zFngM1YnsMgBOfervEQOYZkLq-vOul74Uh61S8DYbdc=</name>
                    <credentials>{903}zFngM1YnsMgBOfervEQOYZkLq+vOul74Uh61S8DYbdc=</credentials>
                </user>
                <user>
                    <name>DataBase_User_c9JJNmGmiGsIM3E9h3HA-sezQpWfKCnhq44J5lp9JSA=</name>
                    <credentials>{903}c9JJNmGmiGsIM3E9h3HA+sezQpWfKCnhq44J5lp9JSA=</credentials>
                </user>
                <user>
                    <name>DataBase_User_5wgkkoWVS-gXbBgKDg5f8bb726g_fgr1</name>
                    <credentials>{903}5wgkkoWVS+gXbBgKDg5f8bb726g/fgr1</credentials>
                </user>
                <user>
                    <name>DataBase_User_4vBR0zfNoz4U9oev5Ax0s1KekL9MmWjx</name>
                    <credentials>{903}4vBR0zfNoz4U9oev5Ax0s1KekL9MmWjx</credentials>
                </user>
                <user>
                    <name>DataBase_User_vRQpHjDJWy1bdHDrEvHhY-P0rdB32_WN</name>
                    <credentials>{903}vRQpHjDJWy1bdHDrEvHhY+P0rdB32/WN</credentials>
                </user>
                <user>
                    <name>DataBase_User_bP9RQtWdv5yu4j-WFfC3Xt2Qs_x7H1TQ</name>
                    <credentials>{903}bP9RQtWdv5yu4j+WFfC3Xt2Qs/x7H1TQ</credentials>
                </user>
                <user>
                    <name>DataBase_User_LcIAtkO6oKpykkWjULgaTC9JcXDSjDdW</name>
                    <credentials>{903}LcIAtkO6oKpykkWjULgaTC9JcXDSjDdW</credentials>
                </user>
                <user>
                    <name>DataBase_User_ueFM7sMKUaJfN9SAqsg3nFlCMyVO3ahw</name>
                    <credentials>{903}ueFM7sMKUaJfN9SAqsg3nFlCMyVO3ahw</credentials>
                </user>
                <user>
                    <name>DataBase_User_ciI4TeucoRwBdxnfwP_rXuV-zkoyvpiN</name>
                    <credentials>{903}ciI4TeucoRwBdxnfwP/rXuV+zkoyvpiN</credentials>
                </user>
                <user>
                    <name>DataBase_User_2LmqEfmN_FYXcthUKdrWLhDWu6oH9LuC</name>
                    <credentials>{903}2LmqEfmN/FYXcthUKdrWLhDWu6oH9LuC</credentials>
                </user>
                <user>
                    <name>DataBase_User_NgRQ-eGvQMP_JYAC-fOEDhHNOzAO6Fn4</name>
                    <credentials>{903}NgRQ+eGvQMP/JYAC+fOEDhHNOzAO6Fn4</credentials>
                </user>
                <user>
                    <name>DataBase_User_M9BNjCIQHTkC2HL0jofg1Phil8JPbsDM</name>
                    <credentials>{903}M9BNjCIQHTkC2HL0jofg1Phil8JPbsDM</credentials>
                </user>
                <user>
                    <name>DataBase_User_2QrP6xvIg0Xn7abmDHWCWw5HD4e_SBP9</name>
                    <credentials>{903}2QrP6xvIg0Xn7abmDHWCWw5HD4e/SBP9</credentials>
                </user>
                <user>
                    <name>DataBase_User_-LhvybO-bfEiIwjshspCJI8YzkE_QKTH</name>
                    <credentials>{903}+LhvybO+bfEiIwjshspCJI8YzkE/QKTH</credentials>
                </user>
                <user>
                    <name>DataBase_User_TMVq9C4B_LanvgkpMjgw4GvgpsnS-w6l</name>
                    <credentials>{903}TMVq9C4B/LanvgkpMjgw4GvgpsnS+w6l</credentials>
                </user>
                <user>
                    <name>DataBase_User_DzotO3qoj2OUA736VtwTsxYvrKfqY_9g</name>
                    <credentials>{903}DzotO3qoj2OUA736VtwTsxYvrKfqY/9g</credentials>
                </user>
                <user>
                    <name>DataBase_User_NayC608x1QCioHcD-kmT42sfpS84Qo-r</name>
                    <credentials>{903}NayC608x1QCioHcD+kmT42sfpS84Qo+r</credentials>
                </user>
                <user>
                    <name>DataBase_User_r5h1w1161ojPqVepaJTWcYLiLR53BCek</name>
                    <credentials>{903}r5h1w1161ojPqVepaJTWcYLiLR53BCek</credentials>
                </user>
                <user>
                    <name>DataBase_User_9ZaCH3RUymgbmi21xHcH2_xIZb8AuhV9</name>
                    <credentials>{903}9ZaCH3RUymgbmi21xHcH2/xIZb8AuhV9</credentials>
                </user>
                <user>
                    <name>DataBase_User_yaKScDhQPiOWFRitTOskR7fkVGlG2Zcv</name>
                    <credentials>{903}yaKScDhQPiOWFRitTOskR7fkVGlG2Zcv</credentials>
                </user>
                <user>
                    <name>DataBase_User_P6gK8EQB_z1QEwYCp39z1KV7VNNz6ChG</name>
                    <credentials>{903}P6gK8EQB/z1QEwYCp39z1KV7VNNz6ChG</credentials>
                </user>
                <user>
                    <name>DataBase_User_g88crjyhvEk_lx11h7mfhVyGrnM57sQJ</name>
                    <credentials>{903}g88crjyhvEk/lx11h7mfhVyGrnM57sQJ</credentials>
                </user>
                <user>
                    <name>DataBase_User_v_L4vgu7ktIHkCQbQcJj04AckFOmmyxm</name>
                    <credentials>{903}v/L4vgu7ktIHkCQbQcJj04AckFOmmyxm</credentials>
                </user>
                <user>
                    <name>DataBase_User_Nkt2f68bWa9X-vwmM9qCfsJ5cJUYK4Ov</name>
                    <credentials>{903}Nkt2f68bWa9X+vwmM9qCfsJ5cJUYK4Ov</credentials>
                </user>
                <user>
                    <name>DataBase_User_WLuHNqJwjkOxmAmun_UkdqGGI16CSeiV</name>
                    <credentials>{903}WLuHNqJwjkOxmAmun/UkdqGGI16CSeiV</credentials>
                </user>
                <user>
                    <name>DataBase_User_rJ6KaT__cV6qTptwnwBNfPE9yRuDJHLb</name>
                    <credentials>{903}rJ6KaT//cV6qTptwnwBNfPE9yRuDJHLb</credentials>
                </user>
                <user>
                    <name>DataBase_User_deaUNgsj6H3hxJcNnfG6O2yMSOvWjmPF</name>
                    <credentials>{903}deaUNgsj6H3hxJcNnfG6O2yMSOvWjmPF</credentials>
                </user>
                <user>
                    <name>DataBase_User_R3LQ0LBL4x3qoJdWW5VOTzmcDa-ClnN7</name>
                    <credentials>{903}R3LQ0LBL4x3qoJdWW5VOTzmcDa+ClnN7</credentials>
                </user>
                <user>
                    <name>DataBase_User_Uog2XUQE9voveF9ulkH2AsIC1BcXHx0d</name>
                    <credentials>{903}Uog2XUQE9voveF9ulkH2AsIC1BcXHx0d</credentials>
                </user>
                <user>
                    <name>DataBase_User_ZzGSqfIeoBhonRoIXgDosCYsEdA4eKzT</name>
                    <credentials>{903}ZzGSqfIeoBhonRoIXgDosCYsEdA4eKzT</credentials>
                </user>
            </users>
      <roles/>
    </realm>
  </jazn-realm>
</jazn-data>
