<?xml version="1.0" encoding="windows-1252" ?>
<!DOCTYPE Entity SYSTEM "jbo_03_01.dtd">
<!---->
<Entity
  xmlns="http://xmlns.oracle.com/bc4j"
  Name="Emp"
  DBObjectType="table"
  DBObjectName="EMP"
  AliasName="Emp"
  BindingStyle="OracleName"
  UseGlueCode="false">
  <DesignTime>
    <AttrArray Name="_publishEvents"/>
    <Attr Name="_version" Value="11.1.1.46.66"/>
    <Attr Name="_codeGenFlag2" Value="Access"/>
  </DesignTime>
  <Attribute
    Name="Empno"
    IsNotNull="true"
    Precision="4"
    Scale="0"
    ColumnName="EMPNO"
    Type="oracle.jbo.domain.Number"
    ColumnType="NUMBER"
    SQLType="NUMERIC"
    TableName="EMP"
    PrimaryKey="true">
    <DesignTime>
      <Attr Name="_DisplaySize" Value="22"/>
    </DesignTime>
  </Attribute>
  <Attribute
    Name="Ename"
    Precision="10"
    ColumnName="ENAME"
    Type="java.lang.String"
    ColumnType="VARCHAR2"
    SQLType="VARCHAR"
    TableName="EMP">
    <DesignTime>
      <Attr Name="_DisplaySize" Value="10"/>
    </DesignTime>
  </Attribute>
  <Attribute
    Name="Job"
    Precision="9"
    ColumnName="JOB"
    Type="java.lang.String"
    ColumnType="VARCHAR2"
    SQLType="VARCHAR"
    TableName="EMP">
    <DesignTime>
      <Attr Name="_DisplaySize" Value="9"/>
    </DesignTime>
  </Attribute>
  <Attribute
    Name="Mgr"
    Precision="4"
    Scale="0"
    ColumnName="MGR"
    Type="oracle.jbo.domain.Number"
    ColumnType="NUMBER"
    SQLType="NUMERIC"
    TableName="EMP">
    <DesignTime>
      <Attr Name="_DisplaySize" Value="22"/>
    </DesignTime>
  </Attribute>
  <Attribute
    Name="Hiredate"
    ColumnName="HIREDATE"
    Type="oracle.jbo.domain.Date"
    ColumnType="DATE"
    SQLType="TIMESTAMP"
    TableName="EMP">
    <DesignTime>
      <Attr Name="_DisplaySize" Value="7"/>
    </DesignTime>
  </Attribute>
  <Attribute
    Name="Sal"
    Precision="7"
    Scale="2"
    ColumnName="SAL"
    Type="oracle.jbo.domain.Number"
    ColumnType="NUMBER"
    SQLType="NUMERIC"
    TableName="EMP">
    <DesignTime>
      <Attr Name="_DisplaySize" Value="22"/>
    </DesignTime>
  </Attribute>
  <Attribute
    Name="Comm"
    Precision="7"
    Scale="2"
    ColumnName="COMM"
    Type="oracle.jbo.domain.Number"
    ColumnType="NUMBER"
    SQLType="NUMERIC"
    TableName="EMP">
    <DesignTime>
      <Attr Name="_DisplaySize" Value="22"/>
    </DesignTime>
  </Attribute>
  <Attribute
    Name="Deptno"
    Precision="2"
    Scale="0"
    ColumnName="DEPTNO"
    Type="oracle.jbo.domain.Number"
    ColumnType="NUMBER"
    SQLType="NUMERIC"
    TableName="EMP">
    <DesignTime>
      <Attr Name="_DisplaySize" Value="22"/>
    </DesignTime>
  </Attribute>
  <Key
    Name="EmployeePk"
    PrimaryKey="true">
    <DesignTime>
      <Attr Name="_DBObjectName" Value="EMPLOYEE_PK"/>
    </DesignTime>
    <AttrArray Name="Attributes">
      <Item Value="oracle.fod.Emp.Empno"/>
    </AttrArray>
  </Key>
  <Key
    Name="SysC001818323">
    <DesignTime>
      <Attr Name="_DBObjectName" Value="SYS_C001818323"/>
      <Attr Name="_isCheck" Value="true"/>
      <Attr Name="_checkCondition" Value='"EMPNO" IS NOT NULL'/>
    </DesignTime>
    <AttrArray Name="Attributes">
      <Item Value="oracle.fod.Emp.Empno"/>
    </AttrArray>
  </Key>
  <Key
    Name="WorksInDept">
    <DesignTime>
      <Attr Name="_DBObjectName" Value="WORKS_IN_DEPT"/>
      <Attr Name="_isForeign" Value="true"/>
      <Attr Name="_referencedKey" Value="DEPT_PK"/>
    </DesignTime>
    <AttrArray Name="Attributes">
      <Item Value="oracle.fod.Emp.Deptno"/>
    </AttrArray>
  </Key>
</Entity>
