<?xml version="1.0" encoding="windows-1252" ?>
<!DOCTYPE ViewObject SYSTEM "jbo_03_01.dtd">
<!---->
<ViewObject
  xmlns="http://xmlns.oracle.com/bc4j"
  Name="EmpView"
  SelectList="Emp.EMPNO, 
       Emp.ENAME, 
       Emp.JOB, 
       Emp.MGR, 
       Emp.HIREDATE, 
       Emp.SAL, 
       Emp.COMM, 
       Emp.DEPTNO"
  FromList="EMP Emp"
  BindingStyle="Oracle"
  CustomQuery="false"
  PageIterMode="Full"
  UseGlueCode="false"
  Where="ename in (SELECT * FROM TABLE(CAST(:0 AS TABLE_OF_VARCHAR)))"
  ComponentClass="oracle.fod.EmpViewImpl"
  ComponentInterface="oracle.fod.common.EmpView"
  ClientProxyName="oracle.fod.client.EmpViewClient">
  <DesignTime>
    <Attr Name="_version" Value="11.1.1.46.66"/>
    <Attr Name="_codeGenFlag2" Value="Access|Coll|VarAccess"/>
  </DesignTime>
  <EntityUsage
    Name="Emp"
    Entity="oracle.fod.Emp"
    JoinType="INNER JOIN">
    <DesignTime>
      <Attr Name="_queryClause" Value="true"/>
      <Attr Name="_queryWhere"
        Value="ename in (SELECT * FROM TABLE(CAST(:0 AS TABLE_OF_VARCHAR)))"/>
    </DesignTime>
  </EntityUsage>
  <ViewAttribute
    Name="Empno"
    IsNotNull="true"
    PrecisionRule="true"
    EntityAttrName="Empno"
    EntityUsage="Emp"
    AliasName="EMPNO"/>
  <ViewAttribute
    Name="Ename"
    PrecisionRule="true"
    EntityAttrName="Ename"
    EntityUsage="Emp"
    AliasName="ENAME"/>
  <ViewAttribute
    Name="Job"
    PrecisionRule="true"
    EntityAttrName="Job"
    EntityUsage="Emp"
    AliasName="JOB"/>
  <ViewAttribute
    Name="Mgr"
    PrecisionRule="true"
    EntityAttrName="Mgr"
    EntityUsage="Emp"
    AliasName="MGR"/>
  <ViewAttribute
    Name="Hiredate"
    PrecisionRule="true"
    EntityAttrName="Hiredate"
    EntityUsage="Emp"
    AliasName="HIREDATE"/>
  <ViewAttribute
    Name="Sal"
    PrecisionRule="true"
    EntityAttrName="Sal"
    EntityUsage="Emp"
    AliasName="SAL"/>
  <ViewAttribute
    Name="Comm"
    PrecisionRule="true"
    EntityAttrName="Comm"
    EntityUsage="Emp"
    AliasName="COMM"/>
  <ViewAttribute
    Name="Deptno"
    PrecisionRule="true"
    EntityAttrName="Deptno"
    EntityUsage="Emp"
    AliasName="DEPTNO"/>
  <ClientInterface>
    <Method
      Name="setNamesToFind">
      <Return
        Type="void"/>
      <Parameter
        Name="names"
        Type="java.lang.String[]"/>
    </Method>
  </ClientInterface>
</ViewObject>
