<?xml version="1.0" encoding='windows-1252'?>
<!DOCTYPE ViewObject SYSTEM "jbo_03_01.dtd">

<ViewObject
   Name="DeptView"
   SelectList="Dept.DEPTNO, 
       Dept.DNAME, 
       Dept.LOC"
   FromList="DEPT Dept"
   BindingStyle="Oracle"
   CustomQuery="false"
   ComponentClass="model.DeptViewImpl"
   MsgBundleClass="oracle.jbo.common.JboResourceBundle"
   UseGlueCode="false" >
   <DesignTime>
      <Attr Name="_version" Value="9.0.4.13.86" />
      <Attr Name="_CodeGenFlagNew" Value="36" />
   </DesignTime>
   <EntityUsage
      Name="Dept"
      Entity="model.Dept" >
      <DesignTime>
         <Attr Name="_EntireObjectTable" Value="false" />
         <Attr Name="_queryClause" Value="false" />
      </DesignTime>
   </EntityUsage>
   <ViewAttribute
      Name="Deptno"
      IsNotNull="true"
      EntityAttrName="Deptno"
      EntityUsage="Dept"
      AliasName="DEPTNO"
      ColumnType="VARCHAR2" >
   </ViewAttribute>
   <ViewAttribute
      Name="Dname"
      EntityAttrName="Dname"
      EntityUsage="Dept"
      AliasName="DNAME"
      ColumnType="VARCHAR2" >
   </ViewAttribute>
   <ViewAttribute
      Name="Loc"
      EntityAttrName="Loc"
      EntityUsage="Dept"
      AliasName="LOC"
      ColumnType="VARCHAR2" >
   </ViewAttribute>
</ViewObject>
