<?xml version = '1.0' encoding = 'windows-1252' standalone = 'yes'?>
<jazn-data xmlns:xsi="http://www.w3.org/2001/XMLSchema-instance" xsi:noNamespaceSchemaLocation="http://xmlns.oracle.com/oracleas/schema/jazn-data-10_0.xsd" filepath="" OC4J_INSTANCE_ID="">
  <jazn-realm>
    <realm>
      <name>jazn.com</name>
      <users>
        <user>
          <name>DataBase_User_459Un4pKQNcEV8RlScF0j8UDnkYHnhgS</name>
          <credentials>{903}459Un4pKQNcEV8RlScF0j8UDnkYHnhgS</credentials>
        </user>
        <user>
          <name>DataBase_User_FTtla18SlussDUYb-8Yl1m4I3C2-ZyRO</name>
          <credentials>{903}FTtla18SlussDUYb+8Yl1m4I3C2+ZyRO</credentials>
        </user>
        <user>
          <name>DataBase_User_aAKrRVkZ4rX7cf12IsOks5MMu3rMsc8X</name>
          <credentials>{903}aAKrRVkZ4rX7cf12IsOks5MMu3rMsc8X</credentials>
        </user>
        <user>
          <name>DataBase_User_FvQnLf_dBQBkcrKA6Y7Nll-Vr-dQJIrh</name>
          <credentials>{903}FvQnLf/dBQBkcrKA6Y7Nll+Vr+dQJIrh</credentials>
        </user>
        <user>
          <name>DataBase_User_b9FVxj8bsCXo7cPz9fqhtnWEIPi7pOK6</name>
          <credentials>{903}b9FVxj8bsCXo7cPz9fqhtnWEIPi7pOK6</credentials>
        </user>
        <user>
          <name>DataBase_User_I9lLJYYAk9COCTx7cNEBbUkob8w72kp2</name>
          <credentials>{903}I9lLJYYAk9COCTx7cNEBbUkob8w72kp2</credentials>
        </user>
        <user>
          <name>DataBase_User_jQaXsa--OIM15HWpexsSF_YuaTYTGNpa</name>
          <credentials>{903}jQaXsa++OIM15HWpexsSF/YuaTYTGNpa</credentials>
        </user>
        <user>
          <name>DataBase_User_orvq_5nLNI62RgymE_JAQSfZtS9Qqlwi</name>
          <credentials>{903}orvq/5nLNI62RgymE/JAQSfZtS9Qqlwi</credentials>
        </user>
        <user>
          <name>DataBase_User_ofyiRFYSlFGQ2bwAVJBpuGdM_pmK4YNy</name>
          <credentials>{903}ofyiRFYSlFGQ2bwAVJBpuGdM/pmK4YNy</credentials>
        </user>
        <user>
          <name>DataBase_User_f3lQgpLM6Wj_oi0Ht6hMOZe0OdD8tqdz</name>
          <credentials>{903}f3lQgpLM6Wj/oi0Ht6hMOZe0OdD8tqdz</credentials>
        </user>
        <user>
          <name>DataBase_User_rXOwCdetkdeGRKfI9wPqGR7BQp7tldF67wOctjrWG2w=</name>
          <credentials>{903}rXOwCdetkdeGRKfI9wPqGR7BQp7tldF67wOctjrWG2w=</credentials>
        </user>
        <user>
          <name>DataBase_User_X7NUIl8yamt-vh7wPZ8hHB0mLJRakjEMgFhjbnwPCKE=</name>
          <credentials>{903}X7NUIl8yamt+vh7wPZ8hHB0mLJRakjEMgFhjbnwPCKE=</credentials>
        </user>
        <user>
          <name>DataBase_User_N91-uDmgSgzPDyEvYaqVOlTxTxFJqq2C</name>
          <credentials>{903}N91+uDmgSgzPDyEvYaqVOlTxTxFJqq2C</credentials>
        </user>
        <user>
          <name>DataBase_User_ICvUJ9-hWJ4fF9RVi63J7E-XHsBCF-lu</name>
          <credentials>{903}ICvUJ9+hWJ4fF9RVi63J7E+XHsBCF+lu</credentials>
        </user>
      </users>
      <roles/>
    </realm>
  </jazn-realm>
</jazn-data>
