<?xml version='1.0' encoding='windows-1252' ?>
<!DOCTYPE Domain SYSTEM "jbo_03_01.dtd">

<Domain
   Name="CreditCardNumber" >
   <DesignTime>
      <Attr Name="_isCodegen" Value="true" />
      <Attr Name="_version" Value="9.0.5.14.39" />
      <Attr Name="_type" Value="String" />
      <Attr Name="_isUpdateable" Value="true" />
      <Attr Name="_isQueriable" Value="true" />
      <Attr Name="_isPersistent" Value="true" />
      <Attr Name="_isUnique" Value="false" />
      <Attr Name="_isNotNull" Value="false" />
      <Attr Name="_primaryKey" Value="false" />
      <Attr Name="_RetrievedOnUpdate" Value="false" />
      <Attr Name="_RetrievedOnInsert" Value="false" />
      <Attr Name="_DiscrColumn" Value="false" />
   </DesignTime>
</Domain>
