<?xml version = '1.0' encoding = 'windows-1252'?>
<!DOCTYPE struts-config PUBLIC "-//Apache Software Foundation//DTD Struts Configuration 1.1//EN" "http://jakarta.apache.org/struts/dtds/struts-config_1_1.dtd">
<struts-config>
  <form-beans>
    <form-bean name="DataForm" type="oracle.adf.controller.struts.forms.BindingContainerActionForm"/>
  </form-beans>
  <action-mappings>
    <action path="/BrowseEmployees" className="oracle.adf.controller.struts.actions.DataActionMapping" type="demo.view.BrowseEmployeesAction" name="DataForm" parameter="/BrowseEmployees.jsp">
      <set-property property="modelReference" value="BrowseEmployeesUIModel"/>
      <forward name="DownloadCSV" path="/EmployeesAsCSV.do"/>
    </action>
    <action path="/EmployeesAsCSV" className="oracle.adf.controller.struts.actions.DataActionMapping" type="oracle.adf.controller.struts.actions.DataForwardAction" name="DataForm" parameter="/EmployeesAsCSV.jsp">
      <set-property property="modelReference" value="BrowseEmployeesUIModel"/>
      <forward name="success" path="/BrowseEmployees.do"/>
    </action>
  </action-mappings>
  <message-resources parameter="demo.view.ApplicationResources"/>
</struts-config>
