<?xml version = '1.0' encoding = 'windows-1252' standalone = 'yes'?>
<jazn-data xmlns:xsi="http://www.w3.org/2001/XMLSchema-instance" xsi:noNamespaceSchemaLocation="http://xmlns.oracle.com/oracleas/schema/jazn-data-10_0.xsd" filepath="" OC4J_INSTANCE_ID="">
    <jazn-realm>
        <realm>
            <name>jazn.com</name>
            <users>
                <user>
                    <name>DataBase_User_dPmE6sDiBBvgEq36LRZJywULHFacwRQt</name>
                    <credentials>{903}dPmE6sDiBBvgEq36LRZJywULHFacwRQt</credentials>
                </user>
                <user>
                    <name>DataBase_User_vVEbGZdw5a5HDiwObLRsUqzy7gziEK5H</name>
                    <credentials>{903}vVEbGZdw5a5HDiwObLRsUqzy7gziEK5H</credentials>
                </user>
                <user>
                    <name>DataBase_User_h4GMppM6jCCfxT41KEFJf-hwx3SBzdfF-JgPAEXe4vE=</name>
                    <credentials>{903}h4GMppM6jCCfxT41KEFJf+hwx3SBzdfF+JgPAEXe4vE=</credentials>
                </user>
                <user>
                    <name>DataBase_User_k2WRFQEWIs4FAgi2K4ZYZDyb3-bxtNmYc8opo__0AwM=</name>
                    <credentials>{903}k2WRFQEWIs4FAgi2K4ZYZDyb3+bxtNmYc8opo//0AwM=</credentials>
                </user>
                <user>
                    <name>DataBase_User_SywLvVEvPjPI9aQVlAYEO7RIbB796J61</name>
                    <credentials>{903}SywLvVEvPjPI9aQVlAYEO7RIbB796J61</credentials>
                </user>
                <user>
                    <name>DataBase_User_Gbw8W7oYM3LEsilubNBPSh1yOQI0Fqfg</name>
                    <credentials>{903}Gbw8W7oYM3LEsilubNBPSh1yOQI0Fqfg</credentials>
                </user>
                <user>
                    <name>DataBase_User_OrxTERbS-I3oTSdpEoUdIqpv__H_8Uuo</name>
                    <credentials>{903}OrxTERbS+I3oTSdpEoUdIqpv//H/8Uuo</credentials>
                </user>
                <user>
                    <name>DataBase_User_vyROLnfOZjcG4o03LWcxUAV7SUEPH4zZ</name>
                    <credentials>{903}vyROLnfOZjcG4o03LWcxUAV7SUEPH4zZ</credentials>
                </user>
                <user>
                    <name>DataBase_User_8vEQyyV1XtbxAjeb1ktjHsgf9IcCtTwy</name>
                    <credentials>{903}8vEQyyV1XtbxAjeb1ktjHsgf9IcCtTwy</credentials>
                </user>
                <user>
                    <name>DataBase_User_OQHhACLhE8sskV-WopngPaoowmKfFjGJ</name>
                    <credentials>{903}OQHhACLhE8sskV+WopngPaoowmKfFjGJ</credentials>
                </user>
                <user>
                    <name>DataBase_User_UUEs2QQY2ECiy03yLa1PwfOiVYrvWB0F</name>
                    <credentials>{903}UUEs2QQY2ECiy03yLa1PwfOiVYrvWB0F</credentials>
                </user>
                <user>
                    <name>DataBase_User_UfXaBbIpOCCFll4Bdj3guW9TtAsKfoAC</name>
                    <credentials>{903}UfXaBbIpOCCFll4Bdj3guW9TtAsKfoAC</credentials>
                </user>
                <user>
                    <name>DataBase_User_7XmflxzuKI3uxnh3faOJnUwe5W2FzIsR</name>
                    <credentials>{903}7XmflxzuKI3uxnh3faOJnUwe5W2FzIsR</credentials>
                </user>
                <user>
                    <name>DataBase_User_Q8bkENEfUBRMmomXgTOOTfZXS59i_5F0</name>
                    <credentials>{903}Q8bkENEfUBRMmomXgTOOTfZXS59i/5F0</credentials>
                </user>
                <user>
                    <name>DataBase_User_EqBR4l2WCG4WBkvxkyhTpQ_-HG69fN1M</name>
                    <credentials>{903}EqBR4l2WCG4WBkvxkyhTpQ/+HG69fN1M</credentials>
                </user>
                <user>
                    <name>DataBase_User__dfmS4rV6zoUDxFaaurIHzGcuAXGgMw3</name>
                    <credentials>{903}/dfmS4rV6zoUDxFaaurIHzGcuAXGgMw3</credentials>
                </user>
                <user>
                    <name>DataBase_User_xGLdPS__w38Xx4tMX8xhXU5W1bvbQp6C</name>
                    <credentials>{903}xGLdPS//w38Xx4tMX8xhXU5W1bvbQp6C</credentials>
                </user>
                <user>
                    <name>DataBase_User_8abGLHtLGk70-a8bFnmSMtRK_JaO1Ij9</name>
                    <credentials>{903}8abGLHtLGk70+a8bFnmSMtRK/JaO1Ij9</credentials>
                </user>
                <user>
                    <name>DataBase_User_QVLW3iJq67eXZWeN96170QS2KWQsEy0J</name>
                    <credentials>{903}QVLW3iJq67eXZWeN96170QS2KWQsEy0J</credentials>
                </user>
                <user>
                    <name>DataBase_User_ijVfABxOISs10WsU9bs_uLef8Phus4A0</name>
                    <credentials>{903}ijVfABxOISs10WsU9bs/uLef8Phus4A0</credentials>
                </user>
                <user>
                    <name>DataBase_User_Uiz__lZRIQJyK0tjlt4c9alW1qf65hWk</name>
                    <credentials>{903}Uiz//lZRIQJyK0tjlt4c9alW1qf65hWk</credentials>
                </user>
                <user>
                    <name>DataBase_User_W1OzWUyAqfVdXW38H5KRyjA0_ourJnuj</name>
                    <credentials>{903}W1OzWUyAqfVdXW38H5KRyjA0/ourJnuj</credentials>
                </user>
                <user>
                    <name>DataBase_User_7RsDWMCpkEJDKlIYkusbUUOz5Exj1s1B</name>
                    <credentials>{903}7RsDWMCpkEJDKlIYkusbUUOz5Exj1s1B</credentials>
                </user>
                <user>
                    <name>DataBase_User_CgHy0ttExg_WHqykVoxDzhnax2qlTY6R</name>
                    <credentials>{903}CgHy0ttExg/WHqykVoxDzhnax2qlTY6R</credentials>
                </user>
                <user>
                    <name>DataBase_User_BGBMmUhU1MoWPHlSoHLTlvvqqjNbahIa</name>
                    <credentials>{903}BGBMmUhU1MoWPHlSoHLTlvvqqjNbahIa</credentials>
                </user>
                <user>
                    <name>DataBase_User_V6DQvZNLduAocDON1m29F0ddn3gWhtvz</name>
                    <credentials>{903}V6DQvZNLduAocDON1m29F0ddn3gWhtvz</credentials>
                </user>
                <user>
                    <name>DataBase_User_3GIEm2Pfv1ZoY2kfBLYjOT_SUwgFSgzj</name>
                    <credentials>{903}3GIEm2Pfv1ZoY2kfBLYjOT/SUwgFSgzj</credentials>
                </user>
                <user>
                    <name>DataBase_User_10E-_g-PeeBYmUvsFfJh87c9f-adZd9n</name>
                    <credentials>{903}10E+/g+PeeBYmUvsFfJh87c9f+adZd9n</credentials>
                </user>
                <user>
                    <name>DataBase_User_dp2end0MTRDgNoroxV4JY2QOnHHIdCB3</name>
                    <credentials>{903}dp2end0MTRDgNoroxV4JY2QOnHHIdCB3</credentials>
                </user>
                <user>
                    <name>DataBase_User_wdJZuQPCzXaGfiWKtPWVIXfYWmqcjtEW</name>
                    <credentials>{903}wdJZuQPCzXaGfiWKtPWVIXfYWmqcjtEW</credentials>
                </user>
            </users>
            <roles/>
        </realm>
    </jazn-realm>
</jazn-data>
