<?xml version='1.0' encoding='windows-1252' ?>
<!DOCTYPE Entity SYSTEM "jbo_03_01.dtd">

<Entity
   Name="ParameterDefinition"
   DBObjectType="table"
   DBObjectName="PARAMETER_DEFINITION"
   AliasName="ParameterDefinition"
   BindingStyle="OracleName"
   UseGlueCode="false"
   RowClass="paramform.model.entities.ParameterDefinitionImpl" >
   <DesignTime>
      <Attr Name="_isCodegen" Value="true" />
      <Attr Name="_version" Value="10.1.3.36.73" />
      <AttrArray Name="_publishEvents">
      </AttrArray>
      <Attr Name="_codeGenFlag2" Value="Access" />
   </DesignTime>
   <Attribute
      Name="Id"
      IsNotNull="true"
      Precision="30"
      ColumnName="ID"
      Type="java.lang.String"
      ColumnType="VARCHAR2"
      SQLType="VARCHAR"
      TableName="PARAMETER_DEFINITION"
      PrimaryKey="true" >
      <DesignTime>
         <Attr Name="_DisplaySize" Value="30" />
      </DesignTime>
   </Attribute>
   <Attribute
      Name="Description"
      Precision="80"
      ColumnName="DESCRIPTION"
      Type="java.lang.String"
      ColumnType="VARCHAR2"
      SQLType="VARCHAR"
      TableName="PARAMETER_DEFINITION" >
      <DesignTime>
         <Attr Name="_DisplaySize" Value="80" />
      </DesignTime>
   </Attribute>
   <Attribute
      Name="DisplayType"
      Precision="1"
      ColumnName="DISPLAY_TYPE"
      Type="java.lang.String"
      ColumnType="VARCHAR2"
      SQLType="VARCHAR"
      TableName="PARAMETER_DEFINITION" >
      <DesignTime>
         <Attr Name="_DisplaySize" Value="1" />
      </DesignTime>
   </Attribute>
   <AccessorAttribute
      Name="ParameterFormItemSet"
      Association="paramform.model.entities.associations.ParameterFormItemSetFkAssoc"
      AssociationEnd="paramform.model.entities.associations.ParameterFormItemSetFkAssoc.ParameterFormItemSet"
      AssociationOtherEnd="paramform.model.entities.associations.ParameterFormItemSetFkAssoc.ParameterDefinition"
      Type="oracle.jbo.RowIterator"
      IsUpdateable="false" >
   </AccessorAttribute>
   <AccessorAttribute
      Name="ParameterChoices"
      Association="paramform.model.entities.associations.ParameterChoicesFkAssoc"
      AssociationEnd="paramform.model.entities.associations.ParameterChoicesFkAssoc.ParameterChoices"
      AssociationOtherEnd="paramform.model.entities.associations.ParameterChoicesFkAssoc.ParameterDefinition"
      Type="oracle.jbo.RowIterator"
      IsUpdateable="false" >
   </AccessorAttribute>
   <Key
      Name="ParameterDefinitionPk" >
      <AttrArray Name="Attributes">
         <Item Value="paramform.model.entities.ParameterDefinition.Id" />
      </AttrArray>
      <DesignTime>
         <Attr Name="_isPrimary" Value="true" />
         <Attr Name="_DBObjectName" Value="PARAMETER_DEFINITION_PK" />
      </DesignTime>
   </Key>
   <Key
      Name="SysC008077" >
      <AttrArray Name="Attributes">
         <Item Value="paramform.model.entities.ParameterDefinition.Id" />
      </AttrArray>
      <DesignTime>
         <Attr Name="_checkCondition" Value="&#34;ID&#34; IS NOT NULL" />
         <Attr Name="_isCheck" Value="true" />
         <Attr Name="_DBObjectName" Value="SYS_C008077" />
      </DesignTime>
   </Key>
</Entity>
