<?xml version='1.0' encoding='windows-1252' ?>
<!DOCTYPE AppModule SYSTEM "jbo_03_01.dtd">

<AppModule
   Name="TestModule"
   ComponentClass="demo.model.TestModuleImpl" >
   <DesignTime>
      <Attr Name="_isCodegen" Value="true" />
      <Attr Name="_version" Value="10.1.2.17.96" />
      <Attr Name="_deployType" Value="0" />
      <Attr Name="_ejbAppModule" Value="false" />
   </DesignTime>
   <ViewUsage
      Name="DeptView1"
      ViewObjectName="demo.model.DeptView" >
   </ViewUsage>
   <ViewUsage
      Name="EmpView1"
      ViewObjectName="demo.model.EmpView" >
   </ViewUsage>
   <ViewUsage
      Name="EmpView2"
      ViewObjectName="demo.model.EmpView" >
   </ViewUsage>
   <ViewLinkUsage
      Name="WorksInDeptLink1"
      ViewLinkObjectName="demo.model.WorksInDeptLink"
      SrcViewUsageName="demo.model.TestModule.DeptView1"
      DstViewUsageName="demo.model.TestModule.EmpView2" >
      <DesignTime>
         <Attr Name="_isCodegen" Value="true" />
         <Attr Name="_version" Value="10.1.2.17.96" />
      </DesignTime>
   </ViewLinkUsage>
</AppModule>
