<?xml version = '1.0' encoding = 'windows-1252' standalone = 'yes'?>
<jazn-data xmlns:xsi="http://www.w3.org/2001/XMLSchema-instance" xsi:noNamespaceSchemaLocation="http://xmlns.oracle.com/oracleas/schema/jazn-data-10_0.xsd" filepath="" OC4J_INSTANCE_ID="">
    <jazn-realm>
        <realm>
            <name>jazn.com</name>
            <users>
                <user>
                    <name>DataBase_User_Y5BmD8m2yp5fRbZia8FuGrruvlA460b-</name>
                    <credentials>{903}Y5BmD8m2yp5fRbZia8FuGrruvlA460b+</credentials>
                </user>
                <user>
                    <name>DataBase_User_IGh2JypCHwWcUJzfp2nRjCLaGzAoQtWJ</name>
                    <credentials>{903}IGh2JypCHwWcUJzfp2nRjCLaGzAoQtWJ</credentials>
                </user>
                <user>
                    <name>DataBase_User_mAwv3JKRjy2Hoo4uMt0bXFRqGaKID2RY</name>
                    <credentials>{903}mAwv3JKRjy2Hoo4uMt0bXFRqGaKID2RY</credentials>
                </user>
                <user>
                    <name>DataBase_User_EJKpCW2Oy7XnR2deA3dReAfxCuM6yts3</name>
                    <credentials>{903}EJKpCW2Oy7XnR2deA3dReAfxCuM6yts3</credentials>
                </user>
                <user>
                    <name>DataBase_User__HuuqkPIaM6yo9OmSGMebs1GcDoF10n6</name>
                    <credentials>{903}/HuuqkPIaM6yo9OmSGMebs1GcDoF10n6</credentials>
                </user>
                <user>
                    <name>DataBase_User_TvRNO0Bk6JrxaZxjQ-Uann96mBTzW6Ns</name>
                    <credentials>{903}TvRNO0Bk6JrxaZxjQ+Uann96mBTzW6Ns</credentials>
                </user>
                <user>
                    <name>DataBase_User_3CLtf0iV9CJltPtHdxeuR9hMX2WRZQAp</name>
                    <credentials>{903}3CLtf0iV9CJltPtHdxeuR9hMX2WRZQAp</credentials>
                </user>
                <user>
                    <name>DataBase_User_02YNYv2rkpx18oTaQpwjdmUPuqVPGPCq</name>
                    <credentials>{903}02YNYv2rkpx18oTaQpwjdmUPuqVPGPCq</credentials>
                </user>
                <user>
                    <name>DataBase_User_E3ZVMrSTcaP8hqM1cZ31XTvBvAp5oq_c</name>
                    <credentials>{903}E3ZVMrSTcaP8hqM1cZ31XTvBvAp5oq/c</credentials>
                </user>
                <user>
                    <name>DataBase_User_kZbQGNbL_yGbanUZAjYVOK_jm0YnR4AS</name>
                    <credentials>{903}kZbQGNbL/yGbanUZAjYVOK/jm0YnR4AS</credentials>
                </user>
                <user>
                    <name>DataBase_User_cqxZ947_7yc74b8zR8k3yt7DNy76fwTV</name>
                    <credentials>{903}cqxZ947/7yc74b8zR8k3yt7DNy76fwTV</credentials>
                </user>
                <user>
                    <name>DataBase_User_rhIe5et1JNu1B5vNs---GPgMGH2IaWsY</name>
                    <credentials>{903}rhIe5et1JNu1B5vNs+++GPgMGH2IaWsY</credentials>
                </user>
                <user>
                    <name>DataBase_User_Ex2cxc20KIs0jlYCSns1oPPGnkyq19d0</name>
                    <credentials>{903}Ex2cxc20KIs0jlYCSns1oPPGnkyq19d0</credentials>
                </user>
                <user>
                    <name>DataBase_User_Sh7FIOigysaYAgiwtc3_1B8Dt0WoBlDl</name>
                    <credentials>{903}Sh7FIOigysaYAgiwtc3/1B8Dt0WoBlDl</credentials>
                </user>
                <user>
                    <name>DataBase_User_Qn_Y5UYlAbydUcETBqJ7CcpPFpAv_r0m</name>
                    <credentials>{903}Qn/Y5UYlAbydUcETBqJ7CcpPFpAv/r0m</credentials>
                </user>
                <user>
                    <name>DataBase_User_1wJPczNaQEKAkYtkAs-jmmJGmQeqrG9g</name>
                    <credentials>{903}1wJPczNaQEKAkYtkAs+jmmJGmQeqrG9g</credentials>
                </user>
                <user>
                    <name>DataBase_User__kDUFJ3IbTqZ42WG8_mwCdSYJH0l-E_j</name>
                    <credentials>{903}/kDUFJ3IbTqZ42WG8/mwCdSYJH0l+E/j</credentials>
                </user>
                <user>
                    <name>DataBase_User_iZxbpRumDftIhVdw6PjmOJb-l0_NS-cs</name>
                    <credentials>{903}iZxbpRumDftIhVdw6PjmOJb+l0/NS+cs</credentials>
                </user>
            </users>
            <roles/>
        </realm>
    </jazn-realm>
</jazn-data>
