<?xml version="1.0" encoding="windows-1252" ?>
<!DOCTYPE Entity SYSTEM "jbo_03_01.dtd">
<!---->
<Entity
  xmlns="http://xmlns.oracle.com/bc4j"
  Name="Emp"
  Version="11.1.1.51.56"
  DBObjectType="table"
  DBObjectName="EMP"
  AliasName="Emp"
  BindingStyle="OracleName"
  UseGlueCode="false"
  xmlns:validation="http://xmlns.oracle.com/adfm/validation"
  RowClass="oramag.model.fwkext.CustomEntityImpl">
  <DesignTime>
    <AttrArray Name="_publishEvents"/>
    <Attr Name="_superClass" Value="oramag.model.fwkext.CustomEntityImpl"/>
  </DesignTime>
  <Attribute
    Name="Empno"
    IsNotNull="true"
    Precision="4"
    Scale="0"
    ColumnName="EMPNO"
    Type="oracle.jbo.domain.Number"
    ColumnType="NUMBER"
    SQLType="NUMERIC"
    TableName="EMP"
    PrimaryKey="true"
    IsUpdateable="while_insert">
    <DesignTime>
      <Attr Name="_DisplaySize" Value="22"/>
    </DesignTime>
  </Attribute>
  <Attribute
    Name="Ename"
    Precision="10"
    ColumnName="ENAME"
    Type="java.lang.String"
    ColumnType="VARCHAR2"
    SQLType="VARCHAR"
    TableName="EMP">
    <DesignTime>
      <Attr Name="_DisplaySize" Value="10"/>
    </DesignTime>
  </Attribute>
  <Attribute
    Name="Job"
    Precision="9"
    ColumnName="JOB"
    Type="java.lang.String"
    ColumnType="VARCHAR2"
    SQLType="VARCHAR"
    TableName="EMP">
    <DesignTime>
      <Attr Name="_DisplaySize" Value="9"/>
    </DesignTime>
  </Attribute>
  <Attribute
    Name="Mgr"
    Precision="4"
    Scale="0"
    ColumnName="MGR"
    Type="oracle.jbo.domain.Number"
    ColumnType="NUMBER"
    SQLType="NUMERIC"
    TableName="EMP">
    <DesignTime>
      <Attr Name="_DisplaySize" Value="22"/>
    </DesignTime>
  </Attribute>
  <Attribute
    Name="Hiredate"
    ColumnName="HIREDATE"
    Type="oracle.jbo.domain.Date"
    ColumnType="DATE"
    SQLType="TIMESTAMP"
    TableName="EMP">
    <DesignTime>
      <Attr Name="_DisplaySize" Value="7"/>
    </DesignTime>
  </Attribute>
  <Attribute
    Name="Sal"
    Precision="7"
    Scale="2"
    ColumnName="SAL"
    Type="oracle.jbo.domain.Number"
    ColumnType="NUMBER"
    SQLType="NUMERIC"
    TableName="EMP">
    <DesignTime>
      <Attr Name="_DisplaySize" Value="22"/>
    </DesignTime>
  </Attribute>
  <Attribute
    Name="Comm"
    Precision="7"
    Scale="2"
    ColumnName="COMM"
    Type="oracle.jbo.domain.Number"
    ColumnType="NUMBER"
    SQLType="NUMERIC"
    TableName="EMP">
    <DesignTime>
      <Attr Name="_DisplaySize" Value="22"/>
    </DesignTime>
  </Attribute>
  <Attribute
    Name="Deptno"
    Precision="2"
    Scale="0"
    ColumnName="DEPTNO"
    Type="oracle.jbo.domain.Number"
    ColumnType="NUMBER"
    SQLType="NUMERIC"
    TableName="EMP">
    <DesignTime>
      <Attr Name="_DisplaySize" Value="22"/>
    </DesignTime>
    <validation:ExistsValidationBean
      Name="Deptno_Rule_0"
      ResId="oramag.model.staff.Emp.Deptno_Rule_0"
      OperandType="EO"
      AssocName="oramag.model.staff.WorksInDept"
      Direction="Reverse">
      <validation:ResExpressions>
        <validation:Expression
          Name="d"><![CDATA[newValue]]></validation:Expression>
      </validation:ResExpressions>
    </validation:ExistsValidationBean>
  </Attribute>
  <AccessorAttribute
    Name="Dept"
    Association="oramag.model.staff.WorksInDept"
    AssociationEnd="oramag.model.staff.WorksInDept.Dept"
    AssociationOtherEnd="oramag.model.staff.WorksInDept.Emp"
    Type="oracle.jbo.server.EntityImpl"
    IsUpdateable="true"/>
  <Key
    Name="EmployeePk"
    PrimaryKey="true">
    <DesignTime>
      <Attr Name="_DBObjectName" Value="EMPLOYEE_PK"/>
    </DesignTime>
    <AttrArray Name="Attributes">
      <Item Value="oramag.model.staff.Emp.Empno"/>
    </AttrArray>
  </Key>
  <Key
    Name="SysC0013850">
    <DesignTime>
      <Attr Name="_DBObjectName" Value="SYS_C0013850"/>
      <Attr Name="_checkCondition" Value='"EMPNO" IS NOT NULL'/>
      <Attr Name="_isCheck" Value="true"/>
    </DesignTime>
    <AttrArray Name="Attributes">
      <Item Value="oramag.model.staff.Emp.Empno"/>
    </AttrArray>
  </Key>
  <Key
    Name="SysC0013851">
    <DesignTime>
      <Attr Name="_DBObjectName" Value="SYS_C0013851"/>
      <Attr Name="_checkCondition" Value='"DEPTNO" IS NOT NULL'/>
      <Attr Name="_isCheck" Value="true"/>
    </DesignTime>
    <AttrArray Name="Attributes">
      <Item Value="oramag.model.staff.Emp.Deptno"/>
    </AttrArray>
  </Key>
  <Key
    Name="WorksInDept">
    <DesignTime>
      <Attr Name="_isCascadeDelete" Value="true"/>
      <Attr Name="_referencedKey" Value="DEPT_PK"/>
      <Attr Name="_isForeign" Value="true"/>
      <Attr Name="_DBObjectName" Value="WORKS_IN_DEPT"/>
    </DesignTime>
    <AttrArray Name="Attributes">
      <Item Value="oramag.model.staff.Emp.Deptno"/>
    </AttrArray>
  </Key>
  <ResourceBundle>
    <PropertiesBundle
      PropertiesFile="oramag.model.ModelBundle"/>
  </ResourceBundle>
  <Properties>
    <CustomProperties>
      <Property
        Name="PostAfterAccessors"
        Value="Dept"/>
    </CustomProperties>
  </Properties>
</Entity>
