<?xml version="1.0" encoding="windows-1252" ?>
<!DOCTYPE Association SYSTEM "jbo_03_01.dtd">
<!---->
<Association
  xmlns="http://xmlns.oracle.com/bc4j"
  Name="WorksInDept"
  Version="11.1.1.51.56">
  <DesignTime>
    <Attr Name="_isCodegen" Value="true"/>
  </DesignTime>
  <AssociationEnd
    Name="Emp"
    Cardinality="-1"
    Source="true"
    Owner="oramag.model.staff.Emp"
    LockLevel="NONE"
    ExposedAccessor="false">
    <AttrArray Name="Attributes">
      <Item Value="oramag.model.staff.Emp.Deptno"/>
    </AttrArray>
    <DesignTime>
      <Attr Name="_aggregation" Value="0"/>
      <Attr Name="_finderName" Value="Emp"/>
      <Attr Name="_isUpdateable" Value="true"/>
      <Attr Name="_minCardinality" Value="1"/>
    </DesignTime>
  </AssociationEnd>
  <AssociationEnd
    Name="Dept"
    Cardinality="1"
    Owner="oramag.model.org.Dept">
    <AttrArray Name="Attributes">
      <Item Value="oramag.model.org.Dept.Deptno"/>
    </AttrArray>
    <DesignTime>
      <Attr Name="_aggregation" Value="0"/>
      <Attr Name="_finderName" Value="Dept"/>
      <Attr Name="_isUpdateable" Value="true"/>
      <Attr Name="_minCardinality" Value="1"/>
    </DesignTime>
  </AssociationEnd>
</Association>
