<?xml version='1.0' encoding='windows-1252' ?>
<!DOCTYPE ViewLink SYSTEM "jbo_03_01.dtd">

<ViewLink
   Name="AccountPlacingOrder" >
   <Data>
      <Property Name ="ID" Value ="3adba16c-00fa-1000-8034-7f000001477e::::ViewLink" />
      <Property Name ="IS_ABSTRACT" Value ="FALSE" />
      <Property Name ="IS_LEAF" Value ="FALSE" />
      <Property Name ="IS_ROOT" Value ="FALSE" />
   </Data>
   <DesignTime>
      <Attr Name="_isCodegen" Value="true" />
      <Attr Name="_version" Value="10.1.3.36.22" />
   </DesignTime>
   <ViewLinkDefEnd
      Name="Accounts"
      Cardinality="-1"
      Owner="toystore.model.dataaccess.Accounts"
      Source="true" >
      <Data>
         <Property Name ="ENTITY_ACCESSOR" Value ="TRUE" />
         <Property Name ="ID" Value ="3adba176-00fa-1000-8035-7f000001477e::::ViewLinkEnd" />
         <Property Name ="SCOPE" Value ="INSTANCE" />
         <Property Name ="SEQUENCE" Value ="0" />
         <Property Name ="VISIBILITY" Value ="PROTECTED" />
      </Data>
      <AttrArray Name="Attributes">
         <Item Value="toystore.model.dataaccess.Accounts.Userid" />
      </AttrArray>
      <DesignTime>
         <Attr Name="_isUpdateable" Value="true" />
      </DesignTime>
   </ViewLinkDefEnd>
   <ViewLinkDefEnd
      Name="Orders"
      Cardinality="-1"
      Owner="toystore.model.dataaccess.Orders" >
      <Data>
         <Property Name ="ENTITY_ACCESSOR" Value ="TRUE" />
         <Property Name ="ID" Value ="3adba180-00fa-1000-8038-7f000001477e::::ViewLinkEnd" />
         <Property Name ="SCOPE" Value ="INSTANCE" />
         <Property Name ="SEQUENCE" Value ="10" />
         <Property Name ="VISIBILITY" Value ="PROTECTED" />
      </Data>
      <AttrArray Name="Attributes">
         <Item Value="toystore.model.dataaccess.Orders.Userid" />
      </AttrArray>
      <DesignTime>
         <Attr Name="_isUpdateable" Value="true" />
      </DesignTime>
   </ViewLinkDefEnd>
</ViewLink>
