<?xml version='1.0' encoding='windows-1252' ?>
<!DOCTYPE ViewObject SYSTEM "jbo_03_01.dtd">

<ViewObject
   Name="Accounts"
   SelectList="Signon.USERNAME, 
       Signon.PASSWORD, 
       Account.EMAIL, 

       Account.FIRSTNAME, 
       Account.LASTNAME, 
       
Account.STATUS, 
       Account.ADDR1, 
       Account.CITY, 

       Account.STATE, 
       Account.ZIP, 
       Account.COUNTRY, 

       Account.PHONE, 
       Account.USERID"
   FromList="ACCOUNT Account, SIGNON Signon"
   Where="Signon.USERNAME = Account.USERID"
   BindingStyle="Oracle"
   CustomQuery="false"
   RowClass="toystore.model.dataaccess.AccountsRowImpl"
   ComponentClass="toystore.model.dataaccess.AccountsImpl"
   MsgBundleClass="toystore.model.dataaccess.common.AccountsRowImplMsgBundle"
   UseGlueCode="false" >
   <Data>
      <Property Name ="IS_ABSTRACT" Value ="FALSE" />
      <Property Name ="COMPLETE_LIBRARY" Value ="FALSE" />
      <Property Name ="IS_LEAF" Value ="FALSE" />
      <Property Name ="IS_ROOT" Value ="FALSE" />
      <Property Name ="ID" Value ="3adbd90d-00fa-1000-804e-7f000001477e::dataaccess.Accounts::ViewObject" />
      <Property Name ="VISIBILITY" Value ="PUBLIC" />
      <Property Name ="IS_ACTIVE" Value ="FALSE" />
   </Data>
   <DesignTime>
      <Attr Name="_isCodegen" Value="true" />
      <Attr Name="_version" Value="9.0.5.15.88" />
      <Attr Name="_codeGenFlag2" Value="Access|Coll|Msg" />
      <Attr Name="_isExpertMode" Value="false" />
   </DesignTime>
   <EntityUsage
      Name="Account"
      Entity="toystore.model.businessobjects.Account"
      Association="toystore.model.businessobjects.AccountInfoForUser"
      AssociationEnd="toystore.model.businessobjects.AccountInfoForUser.Account"
      SourceUsage="toystore.model.dataaccess.Accounts.Signon" >
      <Data>
         <Property Name ="IS_ABSTRACT" Value ="FALSE" />
         <Property Name ="COMPLETE_LIBRARY" Value ="FALSE" />
         <Property Name ="IS_LEAF" Value ="FALSE" />
         <Property Name ="IS_ROOT" Value ="FALSE" />
         <Property Name ="ID" Value ="3adbd92b-00fa-1000-805c-7f000001477e::dataaccess.Accounts$Account::EntityObjectInstance" />
         <Property Name ="VISIBILITY" Value ="PUBLIC" />
         <Property Name ="IS_ACTIVE" Value ="FALSE" />
      </Data>
      <DesignTime>
         <Attr Name="_EntireObjectTable" Value="false" />
         <Attr Name="_queryClause" Value="false" />
         <AttrArray Name="_srcAttributes">
            <Item Value="toystore.model.businessobjects.Signon.Username" />
         </AttrArray>
         <AttrArray Name="_dstAttributes">
            <Item Value="toystore.model.businessobjects.Account.Userid" />
         </AttrArray>
      </DesignTime>
   </EntityUsage>
   <EntityUsage
      Name="Signon"
      Entity="toystore.model.businessobjects.Signon"
      Association="toystore.model.businessobjects.AccountInfoForUser"
      AssociationEnd="toystore.model.businessobjects.AccountInfoForUser.Signon"
      SourceUsage="toystore.model.dataaccess.Accounts.Account" >
      <Data>
         <Property Name ="IS_ABSTRACT" Value ="FALSE" />
         <Property Name ="COMPLETE_LIBRARY" Value ="FALSE" />
         <Property Name ="IS_LEAF" Value ="FALSE" />
         <Property Name ="IS_ROOT" Value ="FALSE" />
         <Property Name ="ID" Value ="3adbd935-00fa-1000-805d-7f000001477e::dataaccess.Accounts$Signon::EntityObjectInstance" />
         <Property Name ="VISIBILITY" Value ="PUBLIC" />
         <Property Name ="IS_ACTIVE" Value ="FALSE" />
      </Data>
      <DesignTime>
         <Attr Name="_EntireObjectTable" Value="false" />
         <Attr Name="_queryClause" Value="false" />
         <AttrArray Name="_srcAttributes">
            <Item Value="toystore.model.businessobjects.Account.Userid" />
         </AttrArray>
         <AttrArray Name="_dstAttributes">
            <Item Value="toystore.model.businessobjects.Signon.Username" />
         </AttrArray>
      </DesignTime>
   </EntityUsage>
   <ViewAttribute
      Name="Username"
      IsUpdateable="while_insert"
      IsNotNull="true"
      PrecisionRule="false"
      EntityAttrName="Username"
      EntityUsage="Signon"
      AliasName="USERNAME" >
      <Data>
         <Property Name ="VISIBILITY" Value ="PACKAGE" />
         <Property Name ="OWNER_SCOPE" Value ="INSTANCE" />
         <Property Name ="IS_QUERIABLE" Value ="TRUE" />
         <Property Name ="IS_NOT_NULL" Value ="TRUE" />
         <Property Name ="CHANGEABILITY" Value ="CHANGEABLE" />
         <Property Name ="IS_UPDATEABLE" Value ="UPDATEABLE" />
         <Property Name ="MULTIPLICITY" Value ="1" />
         <Property Name ="IS_PERSISTENT" Value ="TRUE" />
         <Property Name ="IS_UNIQUE" Value ="FALSE" />
         <Property Name ="ID" Value ="3adbd917-00fa-1000-804f-7f000001477e::dataaccess.Accounts::ViewObjectAttribute" />
         <Property Name ="ATTR_LOAD" Value ="LOAD_EACH" />
         <Property Name ="IS_OVERRIDE_ATTR" Value ="FALSE" />
         <Property Name ="IS_SUPER_ATTR" Value ="FALSE" />
         <Property Name ="IS_VISIBLE" Value ="TRUE" />
      </Data>
   </ViewAttribute>
   <ViewAttribute
      Name="Password"
      IsNotNull="true"
      PrecisionRule="false"
      EntityAttrName="Password"
      EntityUsage="Signon"
      AliasName="PASSWORD" >
      <Properties>
         <Property Name ="EditRenderer" Value ="oracle.jdeveloper.html.PasswordField" />
      </Properties>
      <Data>
         <Property Name ="VISIBILITY" Value ="PACKAGE" />
         <Property Name ="OWNER_SCOPE" Value ="INSTANCE" />
         <Property Name ="IS_QUERIABLE" Value ="TRUE" />
         <Property Name ="IS_NOT_NULL" Value ="TRUE" />
         <Property Name ="CHANGEABILITY" Value ="CHANGEABLE" />
         <Property Name ="IS_UPDATEABLE" Value ="UPDATEABLE" />
         <Property Name ="MULTIPLICITY" Value ="1" />
         <Property Name ="IS_PERSISTENT" Value ="TRUE" />
         <Property Name ="IS_UNIQUE" Value ="FALSE" />
         <Property Name ="ID" Value ="3adbd92b-00fa-1000-8050-7f000001477e::dataaccess.Accounts::ViewObjectAttribute" />
         <Property Name ="ATTR_LOAD" Value ="LOAD_EACH" />
         <Property Name ="IS_OVERRIDE_ATTR" Value ="FALSE" />
         <Property Name ="IS_SUPER_ATTR" Value ="FALSE" />
         <Property Name ="IS_VISIBLE" Value ="TRUE" />
      </Data>
   </ViewAttribute>
   <ViewAttribute
      Name="Email"
      IsNotNull="true"
      PrecisionRule="false"
      EntityAttrName="Email"
      EntityUsage="Account"
      AliasName="EMAIL" >
      <Data>
         <Property Name ="VISIBILITY" Value ="PACKAGE" />
         <Property Name ="OWNER_SCOPE" Value ="INSTANCE" />
         <Property Name ="IS_QUERIABLE" Value ="TRUE" />
         <Property Name ="IS_NOT_NULL" Value ="TRUE" />
         <Property Name ="CHANGEABILITY" Value ="CHANGEABLE" />
         <Property Name ="IS_UPDATEABLE" Value ="UPDATEABLE" />
         <Property Name ="MULTIPLICITY" Value ="1" />
         <Property Name ="IS_PERSISTENT" Value ="TRUE" />
         <Property Name ="IS_UNIQUE" Value ="FALSE" />
         <Property Name ="ID" Value ="3adbd92b-00fa-1000-8051-7f000001477e::dataaccess.Accounts::ViewObjectAttribute" />
         <Property Name ="ATTR_LOAD" Value ="LOAD_EACH" />
         <Property Name ="IS_OVERRIDE_ATTR" Value ="FALSE" />
         <Property Name ="IS_SUPER_ATTR" Value ="FALSE" />
         <Property Name ="IS_VISIBLE" Value ="TRUE" />
      </Data>
   </ViewAttribute>
   <ViewAttribute
      Name="Firstname"
      IsNotNull="true"
      PrecisionRule="false"
      EntityAttrName="Firstname"
      EntityUsage="Account"
      AliasName="FIRSTNAME" >
      <Data>
         <Property Name ="VISIBILITY" Value ="PACKAGE" />
         <Property Name ="OWNER_SCOPE" Value ="INSTANCE" />
         <Property Name ="IS_QUERIABLE" Value ="TRUE" />
         <Property Name ="IS_NOT_NULL" Value ="TRUE" />
         <Property Name ="CHANGEABILITY" Value ="CHANGEABLE" />
         <Property Name ="IS_UPDATEABLE" Value ="UPDATEABLE" />
         <Property Name ="MULTIPLICITY" Value ="1" />
         <Property Name ="IS_PERSISTENT" Value ="TRUE" />
         <Property Name ="IS_UNIQUE" Value ="FALSE" />
         <Property Name ="ID" Value ="3adbd92b-00fa-1000-8052-7f000001477e::dataaccess.Accounts::ViewObjectAttribute" />
         <Property Name ="ATTR_LOAD" Value ="LOAD_EACH" />
         <Property Name ="IS_OVERRIDE_ATTR" Value ="FALSE" />
         <Property Name ="IS_SUPER_ATTR" Value ="FALSE" />
         <Property Name ="IS_VISIBLE" Value ="TRUE" />
      </Data>
   </ViewAttribute>
   <ViewAttribute
      Name="Lastname"
      IsNotNull="true"
      PrecisionRule="false"
      EntityAttrName="Lastname"
      EntityUsage="Account"
      AliasName="LASTNAME" >
      <Data>
         <Property Name ="VISIBILITY" Value ="PACKAGE" />
         <Property Name ="OWNER_SCOPE" Value ="INSTANCE" />
         <Property Name ="IS_QUERIABLE" Value ="TRUE" />
         <Property Name ="IS_NOT_NULL" Value ="TRUE" />
         <Property Name ="CHANGEABILITY" Value ="CHANGEABLE" />
         <Property Name ="IS_UPDATEABLE" Value ="UPDATEABLE" />
         <Property Name ="MULTIPLICITY" Value ="1" />
         <Property Name ="IS_PERSISTENT" Value ="TRUE" />
         <Property Name ="IS_UNIQUE" Value ="FALSE" />
         <Property Name ="ID" Value ="3adbd92b-00fa-1000-8053-7f000001477e::dataaccess.Accounts::ViewObjectAttribute" />
         <Property Name ="ATTR_LOAD" Value ="LOAD_EACH" />
         <Property Name ="IS_OVERRIDE_ATTR" Value ="FALSE" />
         <Property Name ="IS_SUPER_ATTR" Value ="FALSE" />
         <Property Name ="IS_VISIBLE" Value ="TRUE" />
      </Data>
   </ViewAttribute>
   <ViewAttribute
      Name="Status"
      PrecisionRule="false"
      EntityAttrName="Status"
      EntityUsage="Account"
      AliasName="STATUS" >
      <Data>
         <Property Name ="VISIBILITY" Value ="PACKAGE" />
         <Property Name ="OWNER_SCOPE" Value ="INSTANCE" />
         <Property Name ="IS_QUERIABLE" Value ="TRUE" />
         <Property Name ="IS_NOT_NULL" Value ="TRUE" />
         <Property Name ="CHANGEABILITY" Value ="CHANGEABLE" />
         <Property Name ="IS_UPDATEABLE" Value ="UPDATEABLE" />
         <Property Name ="MULTIPLICITY" Value ="1" />
         <Property Name ="IS_PERSISTENT" Value ="TRUE" />
         <Property Name ="IS_UNIQUE" Value ="FALSE" />
         <Property Name ="ID" Value ="3adbd92b-00fa-1000-8054-7f000001477e::dataaccess.Accounts::ViewObjectAttribute" />
         <Property Name ="ATTR_LOAD" Value ="LOAD_EACH" />
         <Property Name ="IS_OVERRIDE_ATTR" Value ="FALSE" />
         <Property Name ="IS_SUPER_ATTR" Value ="FALSE" />
         <Property Name ="IS_VISIBLE" Value ="TRUE" />
      </Data>
   </ViewAttribute>
   <ViewAttribute
      Name="Address"
      IsNotNull="true"
      PrecisionRule="false"
      EntityAttrName="Addr1"
      EntityUsage="Account"
      AliasName="ADDR1" >
      <Data>
         <Property Name ="VISIBILITY" Value ="PACKAGE" />
         <Property Name ="OWNER_SCOPE" Value ="INSTANCE" />
         <Property Name ="IS_QUERIABLE" Value ="TRUE" />
         <Property Name ="IS_NOT_NULL" Value ="TRUE" />
         <Property Name ="CHANGEABILITY" Value ="CHANGEABLE" />
         <Property Name ="IS_UPDATEABLE" Value ="UPDATEABLE" />
         <Property Name ="MULTIPLICITY" Value ="1" />
         <Property Name ="IS_PERSISTENT" Value ="TRUE" />
         <Property Name ="IS_UNIQUE" Value ="FALSE" />
         <Property Name ="ID" Value ="3adbd92b-00fa-1000-8055-7f000001477e::dataaccess.Accounts::ViewObjectAttribute" />
         <Property Name ="ATTR_LOAD" Value ="LOAD_EACH" />
         <Property Name ="IS_OVERRIDE_ATTR" Value ="FALSE" />
         <Property Name ="IS_SUPER_ATTR" Value ="FALSE" />
         <Property Name ="IS_VISIBLE" Value ="TRUE" />
      </Data>
   </ViewAttribute>
   <ViewAttribute
      Name="City"
      IsNotNull="true"
      PrecisionRule="false"
      EntityAttrName="City"
      EntityUsage="Account"
      AliasName="CITY" >
      <Data>
         <Property Name ="VISIBILITY" Value ="PACKAGE" />
         <Property Name ="OWNER_SCOPE" Value ="INSTANCE" />
         <Property Name ="IS_QUERIABLE" Value ="TRUE" />
         <Property Name ="IS_NOT_NULL" Value ="TRUE" />
         <Property Name ="CHANGEABILITY" Value ="CHANGEABLE" />
         <Property Name ="IS_UPDATEABLE" Value ="UPDATEABLE" />
         <Property Name ="MULTIPLICITY" Value ="1" />
         <Property Name ="IS_PERSISTENT" Value ="TRUE" />
         <Property Name ="IS_UNIQUE" Value ="FALSE" />
         <Property Name ="ID" Value ="3adbd92b-00fa-1000-8056-7f000001477e::dataaccess.Accounts::ViewObjectAttribute" />
         <Property Name ="ATTR_LOAD" Value ="LOAD_EACH" />
         <Property Name ="IS_OVERRIDE_ATTR" Value ="FALSE" />
         <Property Name ="IS_SUPER_ATTR" Value ="FALSE" />
         <Property Name ="IS_VISIBLE" Value ="TRUE" />
      </Data>
   </ViewAttribute>
   <ViewAttribute
      Name="State"
      IsNotNull="true"
      PrecisionRule="false"
      EntityAttrName="State"
      EntityUsage="Account"
      AliasName="STATE" >
      <Data>
         <Property Name ="VISIBILITY" Value ="PACKAGE" />
         <Property Name ="OWNER_SCOPE" Value ="INSTANCE" />
         <Property Name ="IS_QUERIABLE" Value ="TRUE" />
         <Property Name ="IS_NOT_NULL" Value ="TRUE" />
         <Property Name ="CHANGEABILITY" Value ="CHANGEABLE" />
         <Property Name ="IS_UPDATEABLE" Value ="UPDATEABLE" />
         <Property Name ="MULTIPLICITY" Value ="1" />
         <Property Name ="IS_PERSISTENT" Value ="TRUE" />
         <Property Name ="IS_UNIQUE" Value ="FALSE" />
         <Property Name ="ID" Value ="3adbd92b-00fa-1000-8057-7f000001477e::dataaccess.Accounts::ViewObjectAttribute" />
         <Property Name ="ATTR_LOAD" Value ="LOAD_EACH" />
         <Property Name ="IS_OVERRIDE_ATTR" Value ="FALSE" />
         <Property Name ="IS_SUPER_ATTR" Value ="FALSE" />
         <Property Name ="IS_VISIBLE" Value ="TRUE" />
      </Data>
   </ViewAttribute>
   <ViewAttribute
      Name="Zip"
      IsNotNull="true"
      PrecisionRule="false"
      EntityAttrName="Zip"
      EntityUsage="Account"
      AliasName="ZIP" >
      <Data>
         <Property Name ="VISIBILITY" Value ="PACKAGE" />
         <Property Name ="OWNER_SCOPE" Value ="INSTANCE" />
         <Property Name ="IS_QUERIABLE" Value ="TRUE" />
         <Property Name ="IS_NOT_NULL" Value ="TRUE" />
         <Property Name ="CHANGEABILITY" Value ="CHANGEABLE" />
         <Property Name ="IS_UPDATEABLE" Value ="UPDATEABLE" />
         <Property Name ="MULTIPLICITY" Value ="1" />
         <Property Name ="IS_PERSISTENT" Value ="TRUE" />
         <Property Name ="IS_UNIQUE" Value ="FALSE" />
         <Property Name ="ID" Value ="3adbd92b-00fa-1000-8058-7f000001477e::dataaccess.Accounts::ViewObjectAttribute" />
         <Property Name ="ATTR_LOAD" Value ="LOAD_EACH" />
         <Property Name ="IS_OVERRIDE_ATTR" Value ="FALSE" />
         <Property Name ="IS_SUPER_ATTR" Value ="FALSE" />
         <Property Name ="IS_VISIBLE" Value ="TRUE" />
      </Data>
   </ViewAttribute>
   <ViewAttribute
      Name="Country"
      IsNotNull="true"
      PrecisionRule="false"
      EntityAttrName="Country"
      EntityUsage="Account"
      AliasName="COUNTRY" >
      <Properties>
         <Property Name ="EditRenderer" Value ="toystore.fwk.view.ListBindingPoplistRenderer" />
      </Properties>
      <Data>
         <Property Name ="VISIBILITY" Value ="PACKAGE" />
         <Property Name ="OWNER_SCOPE" Value ="INSTANCE" />
         <Property Name ="IS_QUERIABLE" Value ="TRUE" />
         <Property Name ="IS_NOT_NULL" Value ="TRUE" />
         <Property Name ="CHANGEABILITY" Value ="CHANGEABLE" />
         <Property Name ="IS_UPDATEABLE" Value ="UPDATEABLE" />
         <Property Name ="MULTIPLICITY" Value ="1" />
         <Property Name ="IS_PERSISTENT" Value ="TRUE" />
         <Property Name ="IS_UNIQUE" Value ="FALSE" />
         <Property Name ="ID" Value ="3adbd92b-00fa-1000-8059-7f000001477e::dataaccess.Accounts::ViewObjectAttribute" />
         <Property Name ="ATTR_LOAD" Value ="LOAD_EACH" />
         <Property Name ="IS_OVERRIDE_ATTR" Value ="FALSE" />
         <Property Name ="IS_SUPER_ATTR" Value ="FALSE" />
         <Property Name ="IS_VISIBLE" Value ="TRUE" />
      </Data>
   </ViewAttribute>
   <ViewAttribute
      Name="Phone"
      IsNotNull="true"
      PrecisionRule="false"
      EntityAttrName="Phone"
      EntityUsage="Account"
      AliasName="PHONE" >
      <Data>
         <Property Name ="VISIBILITY" Value ="PACKAGE" />
         <Property Name ="OWNER_SCOPE" Value ="INSTANCE" />
         <Property Name ="IS_QUERIABLE" Value ="TRUE" />
         <Property Name ="IS_NOT_NULL" Value ="TRUE" />
         <Property Name ="CHANGEABILITY" Value ="CHANGEABLE" />
         <Property Name ="IS_UPDATEABLE" Value ="UPDATEABLE" />
         <Property Name ="MULTIPLICITY" Value ="1" />
         <Property Name ="IS_PERSISTENT" Value ="TRUE" />
         <Property Name ="IS_UNIQUE" Value ="FALSE" />
         <Property Name ="ID" Value ="3adbd92b-00fa-1000-805a-7f000001477e::dataaccess.Accounts::ViewObjectAttribute" />
         <Property Name ="ATTR_LOAD" Value ="LOAD_EACH" />
         <Property Name ="IS_OVERRIDE_ATTR" Value ="FALSE" />
         <Property Name ="IS_SUPER_ATTR" Value ="FALSE" />
         <Property Name ="IS_VISIBLE" Value ="TRUE" />
      </Data>
   </ViewAttribute>
   <ViewAttribute
      Name="Userid"
      IsUpdateable="while_insert"
      IsNotNull="true"
      PrecisionRule="false"
      EntityAttrName="Userid"
      EntityUsage="Account"
      AliasName="USERID" >
      <Data>
         <Property Name ="VISIBILITY" Value ="PACKAGE" />
         <Property Name ="OWNER_SCOPE" Value ="INSTANCE" />
         <Property Name ="IS_QUERIABLE" Value ="TRUE" />
         <Property Name ="IS_NOT_NULL" Value ="TRUE" />
         <Property Name ="CHANGEABILITY" Value ="CHANGEABLE" />
         <Property Name ="IS_UPDATEABLE" Value ="UPDATEABLE" />
         <Property Name ="MULTIPLICITY" Value ="1" />
         <Property Name ="IS_PERSISTENT" Value ="TRUE" />
         <Property Name ="IS_UNIQUE" Value ="FALSE" />
         <Property Name ="ID" Value ="3adbd92b-00fa-1000-805b-7f000001477e::dataaccess.Accounts::ViewObjectAttribute" />
         <Property Name ="ATTR_LOAD" Value ="LOAD_EACH" />
         <Property Name ="IS_OVERRIDE_ATTR" Value ="FALSE" />
         <Property Name ="IS_SUPER_ATTR" Value ="FALSE" />
         <Property Name ="IS_VISIBLE" Value ="TRUE" />
      </Data>
   </ViewAttribute>
   <ViewLinkAccessor
      Name="Orders"
      ViewLink="toystore.model.dataaccess.AccountPlacingOrder"
      Type="oracle.jbo.RowIterator"
      IsUpdateable="false" >
   </ViewLinkAccessor>
</ViewObject>
