<?xml version='1.0' encoding='windows-1252' ?>
<!DOCTYPE ViewObject SYSTEM "jbo_03_01.dtd">

<ViewObject
   Name="CountryList"
   BindingStyle="Oracle"
   CustomQuery="true"
   ComponentClass="toystore.fwk.model.dataaccess.PropertyFileBasedLookupViewObjectImpl"
   MsgBundleClass="oracle.jbo.common.JboResourceBundle"
   FetchMode="FETCH_AS_NEEDED"
   Passivate="None"
   UseGlueCode="false" >
   <Properties>
      <Property Name ="LISTDATA" Value ="CountryList.properties" />
   </Properties>
   <DesignTime>
      <Attr Name="_version" Value="9.0.5.15.49" />
      <Attr Name="_codeGenFlag2" Value="Access" />
      <Attr Name="_isExpertMode" Value="false" />
      <Attr Name="_objectSuperClassName" Value="toystore.fwk.model.dataaccess.PropertyFileBasedLookupViewObjectImpl" />
   </DesignTime>
   <ViewAttribute
      Name="Code"
      IsUpdateable="false"
      IsQueriable="false"
      IsPersistent="false"
      PrecisionRule="false"
      Precision="255"
      Type="java.lang.String"
      ColumnType="VARCHAR2"
      AliasName="VIEW_ATTR"
      SQLType="VARCHAR" >
   </ViewAttribute>
   <ViewAttribute
      Name="Description"
      IsUpdateable="false"
      IsQueriable="false"
      IsPersistent="false"
      PrecisionRule="false"
      Precision="255"
      Type="java.lang.String"
      ColumnType="VARCHAR2"
      AliasName="VIEW_ATTR"
      SQLType="VARCHAR" >
   </ViewAttribute>
</ViewObject>
