<?xml version='1.0' encoding='windows-1252' ?>
<!DOCTYPE ViewObject SYSTEM "jbo_03_01.dtd">

<ViewObject
   Name="FindProducts"
   OrderBy="name"
   BindingStyle="OracleName"
   CustomQuery="true"
   MsgBundleClass="toystore.model.dataaccess.common.FindProductsRowImplMsgBundle"
   FetchMode="FETCH_AS_NEEDED"
   FetchSize="10"
   PageIterMode="Partial"
   UseGlueCode="false" >
   <DesignTime>
      <Attr Name="_isExpertMode" Value="true" />
      <Attr Name="_version" Value="10.1.3.36.73" />
      <Attr Name="_codeGenFlag2" Value="Access|Msg" />
   </DesignTime>
   <Variable
      Name="ProductName"
      Kind="where"
      Type="java.lang.String" >
   </Variable>
   <Data>
      <Property Name ="COMPLETE_LIBRARY" Value ="FALSE" />
      <Property Name ="ID" Value ="f16ed3eb-00fa-1000-809a-90169269b61c::dataaccess.FindProducts::ViewObject" />
      <Property Name ="IS_ABSTRACT" Value ="FALSE" />
      <Property Name ="IS_ACTIVE" Value ="FALSE" />
      <Property Name ="IS_LEAF" Value ="FALSE" />
      <Property Name ="IS_ROOT" Value ="FALSE" />
      <Property Name ="VISIBILITY" Value ="PUBLIC" />
   </Data>
   <SQLQuery><![CDATA[
SELECT Product.PRODUCTID, 
       Product.CATEGORY, 
       Product.NAME, 
       Product.Descn as Description,
       Product.Picture
FROM PRODUCT Product
WHERE UPPER(product.name) LIKE '%'||UPPER(:ProductName)||'%'
   ]]></SQLQuery>
   <EntityUsage
      Name="Product"
      Entity="toystore.model.businessobjects.Product" >
      <Data>
         <Property Name ="COMPLETE_LIBRARY" Value ="FALSE" />
         <Property Name ="ID" Value ="f16ed409-00fa-1000-80a0-90169269b61c::dataaccess.FindProducts$Product::EntityObjectInstance" />
         <Property Name ="IS_ABSTRACT" Value ="FALSE" />
         <Property Name ="IS_ACTIVE" Value ="FALSE" />
         <Property Name ="IS_LEAF" Value ="FALSE" />
         <Property Name ="IS_ROOT" Value ="FALSE" />
         <Property Name ="VISIBILITY" Value ="PUBLIC" />
      </Data>
      <DesignTime>
         <Attr Name="_queryClause" Value="true" />
         <Attr Name="_queryOrderBy" Value="product.name" />
         <Attr Name="_queryWhere" Value="UPPER(product.name) LIKE &#39;%&#39;||UPPER(?)||&#39;%&#39;" />
      </DesignTime>
   </EntityUsage>
   <ViewAttribute
      Name="Productid"
      IsNotNull="true"
      EntityAttrName="Productid"
      EntityUsage="Product"
      AliasName="PRODUCTID" >
      <Data>
         <Property Name ="ATTR_LOAD" Value ="LOAD_EACH" />
         <Property Name ="CHANGEABILITY" Value ="CHANGEABLE" />
         <Property Name ="ID" Value ="f16ed3ff-00fa-1000-809b-90169269b61c::dataaccess.FindProducts::ViewObjectAttribute" />
         <Property Name ="IS_NOT_NULL" Value ="TRUE" />
         <Property Name ="IS_OVERRIDE_ATTR" Value ="FALSE" />
         <Property Name ="IS_PERSISTENT" Value ="TRUE" />
         <Property Name ="IS_QUERIABLE" Value ="TRUE" />
         <Property Name ="IS_SUPER_ATTR" Value ="FALSE" />
         <Property Name ="IS_UNIQUE" Value ="FALSE" />
         <Property Name ="IS_UPDATEABLE" Value ="UPDATEABLE" />
         <Property Name ="IS_VISIBLE" Value ="TRUE" />
         <Property Name ="MULTIPLICITY" Value ="1" />
         <Property Name ="OWNER_SCOPE" Value ="INSTANCE" />
         <Property Name ="VISIBILITY" Value ="PACKAGE" />
      </Data>
   </ViewAttribute>
   <ViewAttribute
      Name="Category"
      IsNotNull="true"
      EntityAttrName="Category"
      EntityUsage="Product"
      AliasName="CATEGORY" >
      <Data>
         <Property Name ="ATTR_LOAD" Value ="LOAD_EACH" />
         <Property Name ="CHANGEABILITY" Value ="CHANGEABLE" />
         <Property Name ="ID" Value ="f16ed409-00fa-1000-809c-90169269b61c::dataaccess.FindProducts::ViewObjectAttribute" />
         <Property Name ="IS_NOT_NULL" Value ="TRUE" />
         <Property Name ="IS_OVERRIDE_ATTR" Value ="FALSE" />
         <Property Name ="IS_PERSISTENT" Value ="TRUE" />
         <Property Name ="IS_QUERIABLE" Value ="TRUE" />
         <Property Name ="IS_SUPER_ATTR" Value ="FALSE" />
         <Property Name ="IS_UNIQUE" Value ="FALSE" />
         <Property Name ="IS_UPDATEABLE" Value ="UPDATEABLE" />
         <Property Name ="IS_VISIBLE" Value ="TRUE" />
         <Property Name ="MULTIPLICITY" Value ="1" />
         <Property Name ="OWNER_SCOPE" Value ="INSTANCE" />
         <Property Name ="VISIBILITY" Value ="PACKAGE" />
      </Data>
   </ViewAttribute>
   <ViewAttribute
      Name="Name"
      EntityAttrName="Name"
      EntityUsage="Product"
      AliasName="NAME" >
      <Data>
         <Property Name ="ATTR_LOAD" Value ="LOAD_EACH" />
         <Property Name ="CHANGEABILITY" Value ="CHANGEABLE" />
         <Property Name ="ID" Value ="f16ed409-00fa-1000-809d-90169269b61c::dataaccess.FindProducts::ViewObjectAttribute" />
         <Property Name ="IS_NOT_NULL" Value ="TRUE" />
         <Property Name ="IS_OVERRIDE_ATTR" Value ="FALSE" />
         <Property Name ="IS_PERSISTENT" Value ="TRUE" />
         <Property Name ="IS_QUERIABLE" Value ="TRUE" />
         <Property Name ="IS_SUPER_ATTR" Value ="FALSE" />
         <Property Name ="IS_UNIQUE" Value ="FALSE" />
         <Property Name ="IS_UPDATEABLE" Value ="UPDATEABLE" />
         <Property Name ="IS_VISIBLE" Value ="TRUE" />
         <Property Name ="MULTIPLICITY" Value ="1" />
         <Property Name ="OWNER_SCOPE" Value ="INSTANCE" />
         <Property Name ="VISIBILITY" Value ="PACKAGE" />
      </Data>
   </ViewAttribute>
   <ViewAttribute
      Name="Description"
      IsPersistent="false"
      Precision="255"
      Type="java.lang.String"
      ColumnType="VARCHAR2"
      AliasName="DESCRIPTION"
      Expression="DESCRIPTION"
      SQLType="VARCHAR" >
      <DesignTime>
         <Attr Name="_DisplaySize" Value="255" />
      </DesignTime>
   </ViewAttribute>
   <ViewAttribute
      Name="Picture"
      IsPersistent="false"
      Precision="255"
      Type="java.lang.String"
      ColumnType="VARCHAR2"
      AliasName="PICTURE"
      Expression="PICTURE"
      SQLType="VARCHAR" >
      <DesignTime>
         <Attr Name="_DisplaySize" Value="255" />
      </DesignTime>
   </ViewAttribute>
</ViewObject>
