<?xml version='1.0' encoding='windows-1252' ?>
<!DOCTYPE ViewLink SYSTEM "jbo_03_01.dtd">

<ViewLink
   Name="ItemsOfProductKind" >
   <Data>
      <Property Name ="ID" Value ="3adba1bc-00fa-1000-8040-7f000001477e::::ViewLink" />
      <Property Name ="IS_ABSTRACT" Value ="FALSE" />
      <Property Name ="IS_LEAF" Value ="FALSE" />
      <Property Name ="IS_ROOT" Value ="FALSE" />
   </Data>
   <DesignTime>
      <Attr Name="_isCodegen" Value="true" />
      <Attr Name="_version" Value="10.1.3.36.22" />
   </DesignTime>
   <ViewLinkDefEnd
      Name="ProductList"
      Cardinality="1"
      Owner="toystore.model.dataaccess.ProductList"
      Source="true" >
      <Data>
         <Property Name ="ENTITY_ACCESSOR" Value ="TRUE" />
         <Property Name ="ID" Value ="3adba1bc-00fa-1000-8041-7f000001477e::::ViewLinkEnd" />
         <Property Name ="SCOPE" Value ="INSTANCE" />
         <Property Name ="SEQUENCE" Value ="0" />
         <Property Name ="VISIBILITY" Value ="PROTECTED" />
      </Data>
      <AttrArray Name="Attributes">
         <Item Value="toystore.model.dataaccess.ProductList.Productid" />
      </AttrArray>
      <DesignTime>
         <Attr Name="_finderName" Value="ProductList" />
         <Attr Name="_minCardinality" Value="1" />
         <Attr Name="_isUpdateable" Value="true" />
      </DesignTime>
   </ViewLinkDefEnd>
   <ViewLinkDefEnd
      Name="ItemsForSale"
      Cardinality="-1"
      Owner="toystore.model.dataaccess.ItemsForSale" >
      <Data>
         <Property Name ="ENTITY_ACCESSOR" Value ="TRUE" />
         <Property Name ="ID" Value ="3adba1c6-00fa-1000-8044-7f000001477e::::ViewLinkEnd" />
         <Property Name ="SCOPE" Value ="INSTANCE" />
         <Property Name ="SEQUENCE" Value ="10" />
         <Property Name ="VISIBILITY" Value ="PROTECTED" />
      </Data>
      <AttrArray Name="Attributes">
         <Item Value="toystore.model.dataaccess.ItemsForSale.Productid" />
      </AttrArray>
      <DesignTime>
         <Attr Name="_finderName" Value="ItemsForSale" />
         <Attr Name="_accessor" Value="true" />
         <Attr Name="_isUpdateable" Value="true" />
      </DesignTime>
   </ViewLinkDefEnd>
</ViewLink>
