<?xml version='1.0' encoding='windows-1252' ?>
<!DOCTYPE ViewObject SYSTEM "jbo_03_01.dtd">

<ViewObject
   Name="LineItems"
   SelectList="Lineitem.ORDERID, 
       Lineitem.LINENUM, 
       Lineitem.ITEMID, 
       Lineitem.QUANTITY, 
       Lineitem.UNITPRICE"
   FromList="LINEITEM Lineitem"
   BindingStyle="Oracle"
   CustomQuery="false"
   RowClass="toystore.model.dataaccess.LineItemsRowImpl"
   MsgBundleClass="oracle.jbo.common.JboResourceBundle"
   FetchMode="FETCH_AS_NEEDED"
   FetchSize="10"
   UseGlueCode="false" >
   <Data>
      <Property Name ="IS_ABSTRACT" Value ="FALSE" />
      <Property Name ="COMPLETE_LIBRARY" Value ="FALSE" />
      <Property Name ="IS_LEAF" Value ="FALSE" />
      <Property Name ="IS_ROOT" Value ="FALSE" />
      <Property Name ="ID" Value ="3adbdca6-00fa-1000-8095-7f000001477e::dataaccess.LineItems::ViewObject" />
      <Property Name ="VISIBILITY" Value ="PUBLIC" />
      <Property Name ="IS_ACTIVE" Value ="FALSE" />
   </Data>
   <DesignTime>
      <Attr Name="_isCodegen" Value="true" />
      <Attr Name="_version" Value="10.1.2.17.96" />
      <Attr Name="_codeGenFlag2" Value="Access" />
      <Attr Name="_isExpertMode" Value="false" />
   </DesignTime>
   <EntityUsage
      Name="Lineitem"
      Entity="toystore.model.businessobjects.Lineitem" >
      <Data>
         <Property Name ="IS_ABSTRACT" Value ="FALSE" />
         <Property Name ="COMPLETE_LIBRARY" Value ="FALSE" />
         <Property Name ="IS_LEAF" Value ="FALSE" />
         <Property Name ="IS_ROOT" Value ="FALSE" />
         <Property Name ="ID" Value ="3adbdca6-00fa-1000-809b-7f000001477e::dataaccess.LineItems$Lineitem::EntityObjectInstance" />
         <Property Name ="VISIBILITY" Value ="PUBLIC" />
         <Property Name ="IS_ACTIVE" Value ="FALSE" />
      </Data>
      <DesignTime>
         <Attr Name="_EntireObjectTable" Value="false" />
         <Attr Name="_queryClause" Value="false" />
      </DesignTime>
   </EntityUsage>
   <ViewAttribute
      Name="Orderid"
      IsUpdateable="while_insert"
      IsNotNull="true"
      PrecisionRule="false"
      EntityAttrName="Orderid"
      EntityUsage="Lineitem"
      AliasName="ORDERID" >
      <Data>
         <Property Name ="VISIBILITY" Value ="PACKAGE" />
         <Property Name ="OWNER_SCOPE" Value ="INSTANCE" />
         <Property Name ="IS_QUERIABLE" Value ="TRUE" />
         <Property Name ="IS_NOT_NULL" Value ="TRUE" />
         <Property Name ="CHANGEABILITY" Value ="CHANGEABLE" />
         <Property Name ="IS_UPDATEABLE" Value ="UPDATEABLE" />
         <Property Name ="MULTIPLICITY" Value ="1" />
         <Property Name ="IS_PERSISTENT" Value ="TRUE" />
         <Property Name ="IS_UNIQUE" Value ="FALSE" />
         <Property Name ="ID" Value ="3adbdca6-00fa-1000-8096-7f000001477e::dataaccess.LineItems::ViewObjectAttribute" />
         <Property Name ="ATTR_LOAD" Value ="LOAD_EACH" />
         <Property Name ="IS_OVERRIDE_ATTR" Value ="FALSE" />
         <Property Name ="IS_SUPER_ATTR" Value ="FALSE" />
         <Property Name ="IS_VISIBLE" Value ="TRUE" />
      </Data>
   </ViewAttribute>
   <ViewAttribute
      Name="Linenum"
      IsUpdateable="while_insert"
      PrecisionRule="false"
      EntityAttrName="Linenum"
      EntityUsage="Lineitem"
      AliasName="LINENUM" >
      <Data>
         <Property Name ="VISIBILITY" Value ="PACKAGE" />
         <Property Name ="OWNER_SCOPE" Value ="INSTANCE" />
         <Property Name ="IS_QUERIABLE" Value ="TRUE" />
         <Property Name ="IS_NOT_NULL" Value ="TRUE" />
         <Property Name ="CHANGEABILITY" Value ="CHANGEABLE" />
         <Property Name ="IS_UPDATEABLE" Value ="UPDATEABLE" />
         <Property Name ="MULTIPLICITY" Value ="1" />
         <Property Name ="IS_PERSISTENT" Value ="TRUE" />
         <Property Name ="IS_UNIQUE" Value ="FALSE" />
         <Property Name ="ID" Value ="3adbdca6-00fa-1000-8097-7f000001477e::dataaccess.LineItems::ViewObjectAttribute" />
         <Property Name ="ATTR_LOAD" Value ="LOAD_EACH" />
         <Property Name ="IS_OVERRIDE_ATTR" Value ="FALSE" />
         <Property Name ="IS_SUPER_ATTR" Value ="FALSE" />
         <Property Name ="IS_VISIBLE" Value ="TRUE" />
      </Data>
   </ViewAttribute>
   <ViewAttribute
      Name="Itemid"
      IsNotNull="true"
      PrecisionRule="false"
      EntityAttrName="Itemid"
      EntityUsage="Lineitem"
      AliasName="ITEMID" >
      <Data>
         <Property Name ="VISIBILITY" Value ="PACKAGE" />
         <Property Name ="OWNER_SCOPE" Value ="INSTANCE" />
         <Property Name ="IS_QUERIABLE" Value ="TRUE" />
         <Property Name ="IS_NOT_NULL" Value ="TRUE" />
         <Property Name ="CHANGEABILITY" Value ="CHANGEABLE" />
         <Property Name ="IS_UPDATEABLE" Value ="UPDATEABLE" />
         <Property Name ="MULTIPLICITY" Value ="1" />
         <Property Name ="IS_PERSISTENT" Value ="TRUE" />
         <Property Name ="IS_UNIQUE" Value ="FALSE" />
         <Property Name ="ID" Value ="3adbdca6-00fa-1000-8098-7f000001477e::dataaccess.LineItems::ViewObjectAttribute" />
         <Property Name ="ATTR_LOAD" Value ="LOAD_EACH" />
         <Property Name ="IS_OVERRIDE_ATTR" Value ="FALSE" />
         <Property Name ="IS_SUPER_ATTR" Value ="FALSE" />
         <Property Name ="IS_VISIBLE" Value ="TRUE" />
      </Data>
   </ViewAttribute>
   <ViewAttribute
      Name="Quantity"
      IsNotNull="true"
      PrecisionRule="false"
      EntityAttrName="Quantity"
      EntityUsage="Lineitem"
      AliasName="QUANTITY" >
      <Data>
         <Property Name ="VISIBILITY" Value ="PACKAGE" />
         <Property Name ="OWNER_SCOPE" Value ="INSTANCE" />
         <Property Name ="IS_QUERIABLE" Value ="TRUE" />
         <Property Name ="IS_NOT_NULL" Value ="TRUE" />
         <Property Name ="CHANGEABILITY" Value ="CHANGEABLE" />
         <Property Name ="IS_UPDATEABLE" Value ="UPDATEABLE" />
         <Property Name ="MULTIPLICITY" Value ="1" />
         <Property Name ="IS_PERSISTENT" Value ="TRUE" />
         <Property Name ="IS_UNIQUE" Value ="FALSE" />
         <Property Name ="ID" Value ="3adbdca6-00fa-1000-8099-7f000001477e::dataaccess.LineItems::ViewObjectAttribute" />
         <Property Name ="ATTR_LOAD" Value ="LOAD_EACH" />
         <Property Name ="IS_OVERRIDE_ATTR" Value ="FALSE" />
         <Property Name ="IS_SUPER_ATTR" Value ="FALSE" />
         <Property Name ="IS_VISIBLE" Value ="TRUE" />
      </Data>
   </ViewAttribute>
   <ViewAttribute
      Name="Unitprice"
      IsNotNull="true"
      PrecisionRule="false"
      EntityAttrName="Unitprice"
      EntityUsage="Lineitem"
      AliasName="UNITPRICE" >
      <Data>
         <Property Name ="VISIBILITY" Value ="PACKAGE" />
         <Property Name ="OWNER_SCOPE" Value ="INSTANCE" />
         <Property Name ="IS_QUERIABLE" Value ="TRUE" />
         <Property Name ="IS_NOT_NULL" Value ="TRUE" />
         <Property Name ="CHANGEABILITY" Value ="CHANGEABLE" />
         <Property Name ="IS_UPDATEABLE" Value ="UPDATEABLE" />
         <Property Name ="MULTIPLICITY" Value ="1" />
         <Property Name ="IS_PERSISTENT" Value ="TRUE" />
         <Property Name ="IS_UNIQUE" Value ="FALSE" />
         <Property Name ="ID" Value ="3adbdca6-00fa-1000-809a-7f000001477e::dataaccess.LineItems::ViewObjectAttribute" />
         <Property Name ="ATTR_LOAD" Value ="LOAD_EACH" />
         <Property Name ="IS_OVERRIDE_ATTR" Value ="FALSE" />
         <Property Name ="IS_SUPER_ATTR" Value ="FALSE" />
         <Property Name ="IS_VISIBLE" Value ="TRUE" />
      </Data>
   </ViewAttribute>
</ViewObject>
