<?xml version='1.0' encoding='windows-1252' ?>
<!DOCTYPE ViewObject SYSTEM "jbo_03_01.dtd">

<ViewObject
   Name="ReviewOrder"
   SelectList="Orders.ORDERID, 
       Orders.ORDERDATE, 
       Orders.TOTALPRICE, 
       Account.USERID, 
       Account.FIRSTNAME, 
       Account.LASTNAME"
   FromList="ORDERS Orders, ACCOUNT Account"
   Where="Account.USERID = Orders.USERID AND Orders.ORDERID = :1"
   BindingStyle="Oracle"
   CustomQuery="false"
   ComponentClass="toystore.model.dataaccess.ReviewOrderImpl"
   MsgBundleClass="oracle.jbo.common.JboResourceBundle"
   UseGlueCode="false" >
   <Data>
      <Property Name ="IS_ABSTRACT" Value ="FALSE" />
      <Property Name ="COMPLETE_LIBRARY" Value ="FALSE" />
      <Property Name ="IS_LEAF" Value ="FALSE" />
      <Property Name ="IS_ROOT" Value ="FALSE" />
      <Property Name ="ID" Value ="3adbdad9-00fa-1000-8071-7f000001477e::dataaccess.ReviewOrder::ViewObject" />
      <Property Name ="VISIBILITY" Value ="PUBLIC" />
      <Property Name ="IS_ACTIVE" Value ="FALSE" />
   </Data>
   <DesignTime>
      <Attr Name="_version" Value="9.0.5.15.36" />
      <Attr Name="_codeGenFlag2" Value="Access|Coll" />
      <Attr Name="_isExpertMode" Value="false" />
   </DesignTime>
   <EntityUsage
      Name="Orders"
      Entity="toystore.model.businessobjects.Orders"
      Association="toystore.model.businessobjects.OrderedByAssoc"
      AssociationEnd="toystore.model.businessobjects.OrderedByAssoc.Orders"
      SourceUsage="toystore.model.dataaccess.ReviewOrder.Account" >
      <Data>
         <Property Name ="IS_ABSTRACT" Value ="FALSE" />
         <Property Name ="COMPLETE_LIBRARY" Value ="FALSE" />
         <Property Name ="IS_LEAF" Value ="FALSE" />
         <Property Name ="IS_ROOT" Value ="FALSE" />
         <Property Name ="ID" Value ="3adbdad9-00fa-1000-8078-7f000001477e::dataaccess.ReviewOrder$Orders::EntityObjectInstance" />
         <Property Name ="VISIBILITY" Value ="PUBLIC" />
         <Property Name ="IS_ACTIVE" Value ="FALSE" />
      </Data>
      <DesignTime>
         <Attr Name="_EntireObjectTable" Value="false" />
         <Attr Name="_queryClause" Value="true" />
         <Attr Name="_queryWhere" Value="Account.USERID = Orders.USERID AND Orders.ORDERID = :1" />
         <AttrArray Name="_srcAttributes">
            <Item Value="toystore.model.businessobjects.Account.Userid" />
         </AttrArray>
         <AttrArray Name="_dstAttributes">
            <Item Value="toystore.model.businessobjects.Orders.Userid" />
         </AttrArray>
      </DesignTime>
   </EntityUsage>
   <EntityUsage
      Name="Account"
      Entity="toystore.model.businessobjects.Account"
      Association="toystore.model.businessobjects.OrderedByAssoc"
      AssociationEnd="toystore.model.businessobjects.OrderedByAssoc.Account"
      SourceUsage="toystore.model.dataaccess.ReviewOrder.Orders"
      ReadOnly="true"
      Reference="true" >
      <Data>
         <Property Name ="IS_ABSTRACT" Value ="FALSE" />
         <Property Name ="COMPLETE_LIBRARY" Value ="FALSE" />
         <Property Name ="IS_LEAF" Value ="FALSE" />
         <Property Name ="IS_ROOT" Value ="FALSE" />
         <Property Name ="ID" Value ="3adbdad9-00fa-1000-8079-7f000001477e::dataaccess.ReviewOrder$Account::EntityObjectInstance" />
         <Property Name ="VISIBILITY" Value ="PUBLIC" />
         <Property Name ="IS_ACTIVE" Value ="FALSE" />
      </Data>
      <DesignTime>
         <Attr Name="_EntireObjectTable" Value="false" />
         <Attr Name="_queryClause" Value="false" />
         <AttrArray Name="_srcAttributes">
            <Item Value="toystore.model.businessobjects.Orders.Userid" />
         </AttrArray>
         <AttrArray Name="_dstAttributes">
            <Item Value="toystore.model.businessobjects.Account.Userid" />
         </AttrArray>
      </DesignTime>
   </EntityUsage>
   <ViewAttribute
      Name="Orderid"
      IsUpdateable="while_insert"
      PrecisionRule="false"
      EntityAttrName="Orderid"
      EntityUsage="Orders"
      AliasName="ORDERID" >
      <Data>
         <Property Name ="VISIBILITY" Value ="PACKAGE" />
         <Property Name ="OWNER_SCOPE" Value ="INSTANCE" />
         <Property Name ="IS_QUERIABLE" Value ="TRUE" />
         <Property Name ="IS_NOT_NULL" Value ="TRUE" />
         <Property Name ="CHANGEABILITY" Value ="CHANGEABLE" />
         <Property Name ="IS_UPDATEABLE" Value ="UPDATEABLE" />
         <Property Name ="MULTIPLICITY" Value ="1" />
         <Property Name ="IS_PERSISTENT" Value ="TRUE" />
         <Property Name ="IS_UNIQUE" Value ="FALSE" />
         <Property Name ="ID" Value ="3adbdad9-00fa-1000-8072-7f000001477e::dataaccess.ReviewOrder::ViewObjectAttribute" />
         <Property Name ="ATTR_LOAD" Value ="LOAD_EACH" />
         <Property Name ="IS_OVERRIDE_ATTR" Value ="FALSE" />
         <Property Name ="IS_SUPER_ATTR" Value ="FALSE" />
         <Property Name ="IS_VISIBLE" Value ="TRUE" />
      </Data>
   </ViewAttribute>
   <ViewAttribute
      Name="Orderdate"
      IsNotNull="true"
      PrecisionRule="false"
      EntityAttrName="Orderdate"
      EntityUsage="Orders"
      AliasName="ORDERDATE" >
      <Data>
         <Property Name ="VISIBILITY" Value ="PACKAGE" />
         <Property Name ="OWNER_SCOPE" Value ="INSTANCE" />
         <Property Name ="IS_QUERIABLE" Value ="TRUE" />
         <Property Name ="IS_NOT_NULL" Value ="TRUE" />
         <Property Name ="CHANGEABILITY" Value ="CHANGEABLE" />
         <Property Name ="IS_UPDATEABLE" Value ="UPDATEABLE" />
         <Property Name ="MULTIPLICITY" Value ="1" />
         <Property Name ="IS_PERSISTENT" Value ="TRUE" />
         <Property Name ="IS_UNIQUE" Value ="FALSE" />
         <Property Name ="ID" Value ="3adbdad9-00fa-1000-8073-7f000001477e::dataaccess.ReviewOrder::ViewObjectAttribute" />
         <Property Name ="ATTR_LOAD" Value ="LOAD_EACH" />
         <Property Name ="IS_OVERRIDE_ATTR" Value ="FALSE" />
         <Property Name ="IS_SUPER_ATTR" Value ="FALSE" />
         <Property Name ="IS_VISIBLE" Value ="TRUE" />
      </Data>
   </ViewAttribute>
   <ViewAttribute
      Name="Totalprice"
      PrecisionRule="false"
      EntityAttrName="Totalprice"
      EntityUsage="Orders"
      AliasName="TOTALPRICE" >
      <Data>
         <Property Name ="VISIBILITY" Value ="PACKAGE" />
         <Property Name ="OWNER_SCOPE" Value ="INSTANCE" />
         <Property Name ="IS_QUERIABLE" Value ="TRUE" />
         <Property Name ="IS_NOT_NULL" Value ="TRUE" />
         <Property Name ="CHANGEABILITY" Value ="CHANGEABLE" />
         <Property Name ="IS_UPDATEABLE" Value ="UPDATEABLE" />
         <Property Name ="MULTIPLICITY" Value ="1" />
         <Property Name ="IS_PERSISTENT" Value ="TRUE" />
         <Property Name ="IS_UNIQUE" Value ="FALSE" />
         <Property Name ="ID" Value ="3adbdad9-00fa-1000-8074-7f000001477e::dataaccess.ReviewOrder::ViewObjectAttribute" />
         <Property Name ="ATTR_LOAD" Value ="LOAD_EACH" />
         <Property Name ="IS_OVERRIDE_ATTR" Value ="FALSE" />
         <Property Name ="IS_SUPER_ATTR" Value ="FALSE" />
         <Property Name ="IS_VISIBLE" Value ="TRUE" />
      </Data>
   </ViewAttribute>
   <ViewAttribute
      Name="Userid"
      IsUpdateable="false"
      IsNotNull="true"
      PrecisionRule="false"
      EntityAttrName="Userid"
      EntityUsage="Account"
      AliasName="USERID" >
      <Data>
         <Property Name ="VISIBILITY" Value ="PACKAGE" />
         <Property Name ="OWNER_SCOPE" Value ="INSTANCE" />
         <Property Name ="IS_QUERIABLE" Value ="TRUE" />
         <Property Name ="IS_NOT_NULL" Value ="TRUE" />
         <Property Name ="CHANGEABILITY" Value ="CHANGEABLE" />
         <Property Name ="IS_UPDATEABLE" Value ="UPDATEABLE" />
         <Property Name ="MULTIPLICITY" Value ="1" />
         <Property Name ="IS_PERSISTENT" Value ="TRUE" />
         <Property Name ="IS_UNIQUE" Value ="FALSE" />
         <Property Name ="ID" Value ="3adbdad9-00fa-1000-8075-7f000001477e::dataaccess.ReviewOrder::ViewObjectAttribute" />
         <Property Name ="ATTR_LOAD" Value ="LOAD_EACH" />
         <Property Name ="IS_OVERRIDE_ATTR" Value ="FALSE" />
         <Property Name ="IS_SUPER_ATTR" Value ="FALSE" />
         <Property Name ="IS_VISIBLE" Value ="TRUE" />
      </Data>
   </ViewAttribute>
   <ViewAttribute
      Name="Firstname"
      IsUpdateable="false"
      IsNotNull="true"
      PrecisionRule="false"
      EntityAttrName="Firstname"
      EntityUsage="Account"
      AliasName="FIRSTNAME" >
      <Data>
         <Property Name ="VISIBILITY" Value ="PACKAGE" />
         <Property Name ="OWNER_SCOPE" Value ="INSTANCE" />
         <Property Name ="IS_QUERIABLE" Value ="TRUE" />
         <Property Name ="IS_NOT_NULL" Value ="TRUE" />
         <Property Name ="CHANGEABILITY" Value ="CHANGEABLE" />
         <Property Name ="IS_UPDATEABLE" Value ="UPDATEABLE" />
         <Property Name ="MULTIPLICITY" Value ="1" />
         <Property Name ="IS_PERSISTENT" Value ="TRUE" />
         <Property Name ="IS_UNIQUE" Value ="FALSE" />
         <Property Name ="ID" Value ="3adbdad9-00fa-1000-8076-7f000001477e::dataaccess.ReviewOrder::ViewObjectAttribute" />
         <Property Name ="ATTR_LOAD" Value ="LOAD_EACH" />
         <Property Name ="IS_OVERRIDE_ATTR" Value ="FALSE" />
         <Property Name ="IS_SUPER_ATTR" Value ="FALSE" />
         <Property Name ="IS_VISIBLE" Value ="TRUE" />
      </Data>
   </ViewAttribute>
   <ViewAttribute
      Name="Lastname"
      IsUpdateable="false"
      IsNotNull="true"
      PrecisionRule="false"
      EntityAttrName="Lastname"
      EntityUsage="Account"
      AliasName="LASTNAME" >
      <Data>
         <Property Name ="VISIBILITY" Value ="PACKAGE" />
         <Property Name ="OWNER_SCOPE" Value ="INSTANCE" />
         <Property Name ="IS_QUERIABLE" Value ="TRUE" />
         <Property Name ="IS_NOT_NULL" Value ="TRUE" />
         <Property Name ="CHANGEABILITY" Value ="CHANGEABLE" />
         <Property Name ="IS_UPDATEABLE" Value ="UPDATEABLE" />
         <Property Name ="MULTIPLICITY" Value ="1" />
         <Property Name ="IS_PERSISTENT" Value ="TRUE" />
         <Property Name ="IS_UNIQUE" Value ="FALSE" />
         <Property Name ="ID" Value ="3adbdad9-00fa-1000-8077-7f000001477e::dataaccess.ReviewOrder::ViewObjectAttribute" />
         <Property Name ="ATTR_LOAD" Value ="LOAD_EACH" />
         <Property Name ="IS_OVERRIDE_ATTR" Value ="FALSE" />
         <Property Name ="IS_SUPER_ATTR" Value ="FALSE" />
         <Property Name ="IS_VISIBLE" Value ="TRUE" />
      </Data>
   </ViewAttribute>
   <ViewLinkAccessor
      Name="ReviewLineItems"
      ViewLink="toystore.model.dataaccess.ReviewLinesForOrder"
      Type="oracle.jbo.RowIterator"
      IsUpdateable="false" >
   </ViewLinkAccessor>
</ViewObject>
