<?xml version='1.0' encoding='windows-1252' ?>
<!DOCTYPE ViewLink SYSTEM "jbo_03_01.dtd">

<ViewLink
   Name="ReviewLinesForOrder" >
   <Data>
      <Property Name ="ID" Value ="3adba1a8-00fa-1000-803a-7f000001477e::::ViewLink" />
      <Property Name ="IS_ABSTRACT" Value ="FALSE" />
      <Property Name ="IS_LEAF" Value ="FALSE" />
      <Property Name ="IS_ROOT" Value ="FALSE" />
   </Data>
   <DesignTime>
      <Attr Name="_isCodegen" Value="true" />
      <Attr Name="_version" Value="10.1.3.36.22" />
   </DesignTime>
   <ViewLinkDefEnd
      Name="ReviewOrder"
      Cardinality="0"
      Owner="toystore.model.dataaccess.ReviewOrder"
      Source="true" >
      <Data>
         <Property Name ="ENTITY_ACCESSOR" Value ="TRUE" />
         <Property Name ="ID" Value ="3adba1a8-00fa-1000-803b-7f000001477e::::ViewLinkEnd" />
         <Property Name ="SCOPE" Value ="INSTANCE" />
         <Property Name ="SEQUENCE" Value ="0" />
         <Property Name ="VISIBILITY" Value ="PROTECTED" />
      </Data>
      <AttrArray Name="Attributes">
         <Item Value="toystore.model.dataaccess.ReviewOrder.Orderid" />
      </AttrArray>
      <DesignTime>
         <Attr Name="_finderName" Value="ReviewOrder" />
         <Attr Name="_isUpdateable" Value="true" />
      </DesignTime>
   </ViewLinkDefEnd>
   <ViewLinkDefEnd
      Name="ReviewLineItems"
      Cardinality="-1"
      Owner="toystore.model.dataaccess.ReviewLineItems" >
      <Data>
         <Property Name ="ENTITY_ACCESSOR" Value ="TRUE" />
         <Property Name ="ID" Value ="3adba1a8-00fa-1000-803e-7f000001477e::::ViewLinkEnd" />
         <Property Name ="SCOPE" Value ="INSTANCE" />
         <Property Name ="SEQUENCE" Value ="10" />
         <Property Name ="VISIBILITY" Value ="PROTECTED" />
      </Data>
      <AttrArray Name="Attributes">
         <Item Value="toystore.model.dataaccess.ReviewLineItems.Orderid" />
      </AttrArray>
      <DesignTime>
         <Attr Name="_finderName" Value="ReviewLineItems" />
         <Attr Name="_accessor" Value="true" />
         <Attr Name="_isUpdateable" Value="true" />
      </DesignTime>
   </ViewLinkDefEnd>
</ViewLink>
