<?xml version='1.0' encoding='windows-1252' ?>
<!DOCTYPE ViewObject SYSTEM "jbo_03_01.dtd">

<ViewObject
   Name="ShoppingCart"
   BindingStyle="Oracle"
   CustomQuery="true"
   RowClass="toystore.model.dataaccess.ShoppingCartRowImpl"
   ComponentClass="toystore.model.dataaccess.ShoppingCartImpl"
   MsgBundleClass="toystore.model.dataaccess.common.ShoppingCartRowImplMsgBundle"
   ComponentInterface="toystore.model.dataaccess.common.ShoppingCart"
   ClientProxyName="toystore.model.dataaccess.client.ShoppingCartClient"
   RowInterface="toystore.model.dataaccess.common.ShoppingCartRow"
   ClientRowProxyName="toystore.model.dataaccess.client.ShoppingCartRowClient"
   FetchMode="FETCH_AS_NEEDED"
   Passivate="All"
   PageIterMode="Partial"
   UseGlueCode="false" >
   <DesignTime>
      <Attr Name="_isCodegen" Value="true" />
      <Attr Name="_version" Value="10.1.2.17.96" />
      <Attr Name="_codeGenFlag2" Value="Access|Coll|Msg" />
      <Attr Name="_isExpertMode" Value="false" />
   </DesignTime>
   <ViewAttribute
      Name="Itemid"
      IsQueriable="false"
      IsPersistent="false"
      PrecisionRule="false"
      Precision="255"
      Type="java.lang.String"
      ColumnType="VARCHAR2"
      PrimaryKey="true"
      AliasName="VIEW_ATTR"
      Passivate="true"
      SQLType="VARCHAR" >
   </ViewAttribute>
   <ViewAttribute
      Name="Quantity"
      IsQueriable="false"
      IsPersistent="false"
      PrecisionRule="false"
      Precision="255"
      Type="java.lang.Long"
      ColumnType="VARCHAR2"
      AliasName="VIEW_ATTR"
      Passivate="true"
      SQLType="FLOAT" >
   </ViewAttribute>
   <ViewAttribute
      Name="Listprice"
      IsQueriable="false"
      IsPersistent="false"
      PrecisionRule="false"
      Precision="255"
      Type="oracle.jbo.domain.Number"
      ColumnType="VARCHAR2"
      AliasName="VIEW_ATTR"
      Passivate="true"
      SQLType="NUMERIC" >
   </ViewAttribute>
   <ViewAttribute
      Name="Name"
      IsQueriable="false"
      IsPersistent="false"
      PrecisionRule="false"
      Precision="255"
      Type="java.lang.String"
      ColumnType="VARCHAR2"
      AliasName="VIEW_ATTR"
      Passivate="true"
      SQLType="VARCHAR" >
   </ViewAttribute>
   <ViewAttribute
      Name="ExtendedTotal"
      IsQueriable="false"
      IsPersistent="false"
      PrecisionRule="false"
      Precision="255"
      Type="java.lang.Double"
      ColumnType="VARCHAR2"
      AliasName="VIEW_ATTR"
      SQLType="DOUBLE" >
   </ViewAttribute>
   <ViewAttribute
      Name="InStock"
      IsQueriable="false"
      IsPersistent="false"
      PrecisionRule="false"
      Precision="255"
      Type="java.lang.String"
      ColumnType="VARCHAR2"
      AliasName="VIEW_ATTR"
      SQLType="VARCHAR" >
   </ViewAttribute>
   <AttrArray Name="KeyAttributes">
      <Item Value="Itemid" />
   </AttrArray>
</ViewObject>
