<?xml version='1.0' encoding='windows-1252' ?>
<!DOCTYPE ViewObject SYSTEM "jbo_03_01.dtd">

<ViewObject
   Name="ShoppingCartItemLookup"
   BindingStyle="Oracle"
   CustomQuery="true"
   RowClass="toystore.model.dataaccess.ShoppingCartItemLookupRowImpl"
   MsgBundleClass="oracle.jbo.common.JboResourceBundle"
   FetchMode="FETCH_AS_NEEDED"
   MaxFetchSize="1"
   Passivate="None"
   UseGlueCode="false" >
   <SQLQuery><![CDATA[
SELECT ITEM.ATTR1||' '||PRODUCT.NAME AS NAME, 
       Item.LISTPRICE, 
       INVENTORY.QTY AS Quantity_On_Hand
FROM ITEM Item,
     PRODUCT Product,
     INVENTORY Inventory
WHERE Item.PRODUCTID = Product.PRODUCTID
  AND Inventory.ItemId = Item.ItemId
  AND Item.ItemId = :0
   ]]></SQLQuery>
   <DesignTime>
      <Attr Name="_isCodegen" Value="true" />
      <Attr Name="_version" Value="9.0.5.15.36" />
      <Attr Name="_codeGenFlag2" Value="Access" />
      <Attr Name="_isExpertMode" Value="true" />
   </DesignTime>
   <ViewAttribute
      Name="Name"
      IsQueriable="false"
      IsPersistent="false"
      PrecisionRule="false"
      Precision="161"
      Type="java.lang.String"
      ColumnType="VARCHAR2"
      AliasName="NAME"
      Expression="NAME"
      SQLType="VARCHAR" >
      <DesignTime>
         <Attr Name="_DisplaySize" Value="161" />
      </DesignTime>
   </ViewAttribute>
   <ViewAttribute
      Name="Listprice"
      IsQueriable="false"
      IsPersistent="false"
      PrecisionRule="false"
      Precision="10"
      Scale="2"
      Type="oracle.jbo.domain.Number"
      ColumnType="VARCHAR2"
      AliasName="LISTPRICE"
      Expression="LISTPRICE"
      SQLType="NUMERIC" >
      <DesignTime>
         <Attr Name="_DisplaySize" Value="22" />
      </DesignTime>
   </ViewAttribute>
   <ViewAttribute
      Name="QuantityOnHand"
      IsQueriable="false"
      IsPersistent="false"
      IsNotNull="true"
      PrecisionRule="false"
      Type="oracle.jbo.domain.Number"
      ColumnType="VARCHAR2"
      AliasName="QUANTITY_ON_HAND"
      Expression="QUANTITY_ON_HAND"
      SQLType="NUMERIC" >
      <DesignTime>
         <Attr Name="_DisplaySize" Value="22" />
      </DesignTime>
   </ViewAttribute>
</ViewObject>
