<?xml version='1.0' encoding='windows-1252' ?>
<!DOCTYPE AppModule SYSTEM "jbo_03_01.dtd">

<AppModule
   Name="HRModule"
   ComponentClass="demo.model.HRModuleImpl"
   ComponentInterface="demo.model.common.HRModule"
   ClientProxyName="demo.model.client.HRModuleClient" >
   <DesignTime>
      <Attr Name="_isCodegen" Value="true" />
      <Attr Name="_version" Value="10.1.3.36.73" />
      <Attr Name="_deployType" Value="0" />
   </DesignTime>
   <ViewUsage
      Name="Departments"
      ViewObjectName="demo.model.queries.Departments" >
   </ViewUsage>
   <ViewUsage
      Name="Employees"
      ViewObjectName="demo.model.queries.Employees" >
   </ViewUsage>
   <ViewUsage
      Name="EmployeesList"
      ViewObjectName="demo.model.queries.EmployeesList" >
   </ViewUsage>
   <ViewUsage
      Name="ReadOnlyEmployeesList"
      ViewObjectName="demo.model.queries.ReadOnlyEmployeesList" >
   </ViewUsage>
</AppModule>
