<?xml version = '1.0' encoding = 'windows-1252' standalone = 'yes'?>
<jazn-data xmlns:xsi="http://www.w3.org/2001/XMLSchema-instance" xsi:noNamespaceSchemaLocation="http://xmlns.oracle.com/oracleas/schema/jazn-data-10_0.xsd" filepath="" OC4J_INSTANCE_ID="">
  <jazn-realm>
    <realm>
      <name>jazn.com</name>
      <users>
        <user>
          <name>DataBase_User_bamzZaJSj-bKh-JMNZAayutHQcnCkutM</name>
          <credentials>{903}bamzZaJSj+bKh+JMNZAayutHQcnCkutM</credentials>
        </user>
        <user>
          <name>DataBase_User_1Ll0ArD50_PpMeZrse8DCVeW-77G44a8</name>
          <credentials>{903}1Ll0ArD50/PpMeZrse8DCVeW+77G44a8</credentials>
        </user>
        <user>
          <name>DataBase_User_L23XMfJyS52o5FmHfyO2Lz5rRwMa5OwRrRvJfaCX_ck=</name>
          <credentials>{903}L23XMfJyS52o5FmHfyO2Lz5rRwMa5OwRrRvJfaCX/ck=</credentials>
        </user>
        <user>
          <name>DataBase_User_jLrsN40oZetLKK5se7ESDSRReR-p2OzrBothal8T498=</name>
          <credentials>{903}jLrsN40oZetLKK5se7ESDSRReR+p2OzrBothal8T498=</credentials>
        </user>
        <user>
          <name>DataBase_User_ld4rsusIqtri7SDpK5ah_AA2AM0cZ6po</name>
          <credentials>{903}ld4rsusIqtri7SDpK5ah/AA2AM0cZ6po</credentials>
        </user>
        <user>
          <name>DataBase_User_vbsJMRuPiI21lymj5-5Czl_5qMym5UK5</name>
          <credentials>{903}vbsJMRuPiI21lymj5+5Czl/5qMym5UK5</credentials>
        </user>
        <user>
          <name>DataBase_User_vatGbtLuxdqyVxyI0vgQjWE1i646jpvu</name>
          <credentials>{903}vatGbtLuxdqyVxyI0vgQjWE1i646jpvu</credentials>
        </user>
        <user>
          <name>DataBase_User_1H60-6L2KXVQiSLLf83BeK1XdN1Gb_Ax</name>
          <credentials>{903}1H60+6L2KXVQiSLLf83BeK1XdN1Gb/Ax</credentials>
        </user>
        <user>
          <name>DataBase_User_Rcoo6C6mxZ9cn7mekWaLz02mzmrPDIeP</name>
          <credentials>{903}Rcoo6C6mxZ9cn7mekWaLz02mzmrPDIeP</credentials>
        </user>
        <user>
          <name>DataBase_User_PX6BLn-nPRReMenpXFxo_u1WIKQI7Wtt</name>
          <credentials>{903}PX6BLn+nPRReMenpXFxo/u1WIKQI7Wtt</credentials>
        </user>
        <user>
          <name>DataBase_User_WYd1iTmL6HlZdpaFpDoCBP5phJjBO1l6</name>
          <credentials>{903}WYd1iTmL6HlZdpaFpDoCBP5phJjBO1l6</credentials>
        </user>
        <user>
          <name>DataBase_User_PH1lEjNnmL8drELK2UlN30qVhRgEDOta</name>
          <credentials>{903}PH1lEjNnmL8drELK2UlN30qVhRgEDOta</credentials>
        </user>
        <user>
          <name>DataBase_User_KMMa-0AWJkGCUjclN2rIe4eMIBA8sV_h</name>
          <credentials>{903}KMMa+0AWJkGCUjclN2rIe4eMIBA8sV/h</credentials>
        </user>
        <user>
          <name>DataBase_User_viMl5eq63hYhvftthPk-LtPwfLOrjYB-</name>
          <credentials>{903}viMl5eq63hYhvftthPk+LtPwfLOrjYB+</credentials>
        </user>
        <user>
          <name>DataBase_User_SlIxNaGSPonGXfKnymHUiy-R0qhXQb4O</name>
          <credentials>{903}SlIxNaGSPonGXfKnymHUiy+R0qhXQb4O</credentials>
        </user>
        <user>
          <name>DataBase_User_n-jKsl8Xoh4We11MrQSUmt5bYIgqlGSn</name>
          <credentials>{903}n+jKsl8Xoh4We11MrQSUmt5bYIgqlGSn</credentials>
        </user>
        <user>
          <name>DataBase_User_nHY6Y0X5Oe0t3M4N3rDjC4hAvpN1JSqS</name>
          <credentials>{903}nHY6Y0X5Oe0t3M4N3rDjC4hAvpN1JSqS</credentials>
        </user>
        <user>
          <name>DataBase_User_DAUF9aCV_9NQcv_yGf-PlSTdSTTfQGb9</name>
          <credentials>{903}DAUF9aCV/9NQcv/yGf+PlSTdSTTfQGb9</credentials>
        </user>
      </users>
      <roles/>
    </realm>
  </jazn-realm>
</jazn-data>
