<?xml version = '1.0' encoding = 'windows-1252'?>
<data-sources xmlns:xsi="http://www.w3.org/2001/XMLSchema-instance" xsi:noNamespaceSchemaLocation="http://xmlns.oracle.com/oracleas/schema/data-sources-10_1.xsd" xmlns="http://xmlns.oracle.com/oracleas/schema">
  <connection-pool name="jdev-connection-pool-toystore">
    <connection-factory factory-class="oracle.jdbc.pool.OracleDataSource" user="toystore" password="->DataBase_User_vGXk1Vr1PiS92E_VQ_mj9AeY43x2y8zk" url="jdbc:oracle:thin:@localhost:1521:ORCL"/>
  </connection-pool>
  <managed-data-source name="jdev-connection-managed-toystore" jndi-name="jdbc/toystoreDS" connection-pool-name="jdev-connection-pool-toystore"/>
  <native-data-source name="jdev-connection-native-toystore" jndi-name="jdbc/toystoreCoreDS" url="jdbc:oracle:thin:@localhost:1521:ORCL" user="toystore" password="->DataBase_User_M11_cRIJ0x357teBngcK64hcPb71Wvc-" data-source-class="oracle.jdbc.pool.OracleDataSource"/>
  <connection-pool name="jdev-connection-pool-myforums">
    <connection-factory factory-class="oracle.jdbc.pool.OracleDataSource" user="myforums" password="->DataBase_User_K-SOmcykUj0zF6VSbYNqJ4r5SBrURDGq" url="jdbc:oracle:thin:@localhost:1521:ORCL"/>
  </connection-pool>
  <managed-data-source name="jdev-connection-managed-myforums" jndi-name="jdbc/myforumsDS" connection-pool-name="jdev-connection-pool-myforums"/>
  <native-data-source name="jdev-connection-native-myforums" jndi-name="jdbc/myforumsCoreDS" url="jdbc:oracle:thin:@localhost:1521:ORCL" user="myforums" password="->DataBase_User_0PFVImh4Ot0DrDFVyRTuaGGQbiqt4AiR" data-source-class="oracle.jdbc.pool.OracleDataSource"/>
  <connection-pool name="jdev-connection-pool-toystore_statemgmt">
    <connection-factory factory-class="oracle.jdbc.pool.OracleDataSource" user="toystore_statemgmt" password="->DataBase_User_r2aDJjuf0vFfSee-A2KiI137jssS2UCm" url="jdbc:oracle:thin:@localhost:1521:ORCL"/>
  </connection-pool>
  <managed-data-source name="jdev-connection-managed-toystore_statemgmt" jndi-name="jdbc/toystore_statemgmtDS" connection-pool-name="jdev-connection-pool-toystore_statemgmt"/>
  <native-data-source name="jdev-connection-native-toystore_statemgmt" jndi-name="jdbc/toystore_statemgmtCoreDS" url="jdbc:oracle:thin:@localhost:1521:ORCL" user="toystore_statemgmt" password="->DataBase_User_2eB6Gxj9a5mTeXcl0_pH81m7hBG39eyl" data-source-class="oracle.jdbc.pool.OracleDataSource"/>
  <connection-pool name="jdev-connection-pool-scottlocal">
    <connection-factory factory-class="oracle.jdbc.pool.OracleDataSource" user="scott" password="->DataBase_User_sPUaJJqSbQbf3uNnHJYX_vQMKR5IlB5k" url="jdbc:oracle:thin:@localhost:1521:ORCL"/>
  </connection-pool>
  <managed-data-source name="jdev-connection-managed-scottlocal" jndi-name="jdbc/scottlocalDS" connection-pool-name="jdev-connection-pool-scottlocal"/>
  <native-data-source name="jdev-connection-native-scottlocal" jndi-name="jdbc/scottlocalCoreDS" url="jdbc:oracle:thin:@localhost:1521:ORCL" user="scott" password="->DataBase_User_ACMXOykcw1y4lGoGcJL5QpXV7X2PQ20x" data-source-class="oracle.jdbc.pool.OracleDataSource"/>
  <connection-pool name="jdev-connection-pool-hr">
    <connection-factory factory-class="oracle.jdbc.pool.OracleDataSource" user="hr" password="->DataBase_User_EyFE4DIeurt8wBWUpS15rs4Rxt9-CA_t" url="jdbc:oracle:thin:@pdws3.it.oracle.com:1521:ORCL"/>
  </connection-pool>
  <managed-data-source name="jdev-connection-managed-hr" jndi-name="jdbc/hrDS" connection-pool-name="jdev-connection-pool-hr"/>
  <native-data-source name="jdev-connection-native-hr" jndi-name="jdbc/hrCoreDS" url="jdbc:oracle:thin:@pdws3.it.oracle.com:1521:ORCL" user="hr" password="->DataBase_User_bupQe5YNOepNEMXfm7sPOXzEDXEZOYUy" data-source-class="oracle.jdbc.pool.OracleDataSource"/>
  <connection-pool name="jdev-connection-pool-scott">
    <connection-factory factory-class="oracle.jdbc.pool.OracleDataSource" user="scott" password="->DataBase_User_Ekzrn5khGELQ6CM1fSXx-K-W2_PzOZ-0" url="jdbc:oracle:thin:@pdws3.it.oracle.com:1521:ORCL"/>
  </connection-pool>
  <managed-data-source name="jdev-connection-managed-scott" jndi-name="jdbc/scottDS" connection-pool-name="jdev-connection-pool-scott"/>
  <native-data-source name="jdev-connection-native-scott" jndi-name="jdbc/scottCoreDS" url="jdbc:oracle:thin:@pdws3.it.oracle.com:1521:ORCL" user="scott" password="->DataBase_User_IAk6Xq9M3t8RqVAi0lKTzVTuR__RPbBr" data-source-class="oracle.jdbc.pool.OracleDataSource"/>
  <connection-pool name="jdev-connection-pool-bugadtscaler">
    <connection-factory factory-class="oracle.jdbc.pool.OracleDataSource" user="bug" password="->DataBase_User_7adaSlEltNuMGQKxhaLkW4WDT7aaetdB" url="jdbc:oracle:thin:@adt-scaler1.us.oracle.com:1521:adt1010"/>
  </connection-pool>
  <managed-data-source name="jdev-connection-managed-bugadtscaler" jndi-name="jdbc/bugadtscalerDS" connection-pool-name="jdev-connection-pool-bugadtscaler"/>
  <native-data-source name="jdev-connection-native-bugadtscaler" jndi-name="jdbc/bugadtscalerCoreDS" url="jdbc:oracle:thin:@adt-scaler1.us.oracle.com:1521:adt1010" user="bug" password="->DataBase_User_eO8RIcIa1T-hXtB6AYo6RuZGmA8EGaN1" data-source-class="oracle.jdbc.pool.OracleDataSource"/>
  <connection-pool name="jdev-connection-pool-SRDemo">
    <connection-factory factory-class="oracle.jdbc.pool.OracleDataSource" user="srdemo" password="->DataBase_User_F6AG7L___Z_D9E4V3Hj1RZ-Yick7ukgA" url="jdbc:oracle:thin:@localhost:1521:ORCL"/>
  </connection-pool>
  <managed-data-source name="jdev-connection-managed-SRDemo" jndi-name="jdbc/SRDemoDS" connection-pool-name="jdev-connection-pool-SRDemo"/>
  <native-data-source name="jdev-connection-native-SRDemo" jndi-name="jdbc/SRDemoCoreDS" url="jdbc:oracle:thin:@localhost:1521:ORCL" user="srdemo" password="->DataBase_User_CVVupGufYXf5EYJ2Pwp6IAgQvaRQ5f1f" data-source-class="oracle.jdbc.pool.OracleDataSource"/>
  <connection-pool name="jdev-connection-pool-staff">
    <connection-factory factory-class="oracle.jdbc.pool.OracleDataSource" user="staff" password="->DataBase_User_fEC33qwkzv8NhsmP7pQ2F-tYnQruINXy" url="jdbc:oracle:thin:@localhost:1521:ORCL"/>
  </connection-pool>
  <managed-data-source name="jdev-connection-managed-staff" jndi-name="jdbc/staffDS" connection-pool-name="jdev-connection-pool-staff"/>
  <native-data-source name="jdev-connection-native-staff" jndi-name="jdbc/staffCoreDS" url="jdbc:oracle:thin:@localhost:1521:ORCL" user="staff" password="->DataBase_User_ZYYxBlL-27A4VtkPu4KxGvkgqYftXmCw" data-source-class="oracle.jdbc.pool.OracleDataSource"/>
  <connection-pool name="jdev-connection-pool-buglocal">
    <connection-factory factory-class="oracle.jdbc.pool.OracleDataSource" user="bug" password="->DataBase_User_bLmwEJI_GUghyfZhY07oxBSrBruH_oyM" url="jdbc:oracle:thin:@localhost:1521:ORCL"/>
  </connection-pool>
  <managed-data-source name="jdev-connection-managed-buglocal" jndi-name="jdbc/buglocalDS" connection-pool-name="jdev-connection-pool-buglocal"/>
  <native-data-source name="jdev-connection-native-buglocal" jndi-name="jdbc/buglocalCoreDS" url="jdbc:oracle:thin:@localhost:1521:ORCL" user="bug" password="->DataBase_User_8Gqn-5OYPgNhOElzE9SVcNE2JIrP0LiE" data-source-class="oracle.jdbc.pool.OracleDataSource"/>
  <connection-pool name="jdev-connection-pool-bug">
    <connection-factory factory-class="oracle.jdbc.pool.OracleDataSource" user="bug" password="->DataBase_User_apAKs-jtTjAnHb0g4fSxMDVkNp5fY2QB" url="jdbc:oracle:thin:@pdws3.it.oracle.com:1521:ORCL"/>
  </connection-pool>
  <managed-data-source name="jdev-connection-managed-bug" jndi-name="jdbc/bugDS" connection-pool-name="jdev-connection-pool-bug"/>
  <native-data-source name="jdev-connection-native-bug" jndi-name="jdbc/bugCoreDS" url="jdbc:oracle:thin:@pdws3.it.oracle.com:1521:ORCL" user="bug" password="->DataBase_User_FwdKKmzQI23NUQ8f1t3gTwHHFJ8MESUh" data-source-class="oracle.jdbc.pool.OracleDataSource"/>
</data-sources>
