<?xml version = '1.0' encoding = 'windows-1252' standalone = 'yes'?>
<jazn-data xmlns:xsi="http://www.w3.org/2001/XMLSchema-instance" xsi:noNamespaceSchemaLocation="http://xmlns.oracle.com/oracleas/schema/jazn-data-10_0.xsd" filepath="" OC4J_INSTANCE_ID="">
  <jazn-realm>
    <realm>
      <name>jazn.com</name>
      <users>
        <user>
          <name>DataBase_User_vGXk1Vr1PiS92E_VQ_mj9AeY43x2y8zk</name>
          <credentials>{903}vGXk1Vr1PiS92E/VQ/mj9AeY43x2y8zk</credentials>
        </user>
        <user>
          <name>DataBase_User_M11_cRIJ0x357teBngcK64hcPb71Wvc-</name>
          <credentials>{903}M11/cRIJ0x357teBngcK64hcPb71Wvc+</credentials>
        </user>
        <user>
          <name>DataBase_User_K-SOmcykUj0zF6VSbYNqJ4r5SBrURDGq</name>
          <credentials>{903}K+SOmcykUj0zF6VSbYNqJ4r5SBrURDGq</credentials>
        </user>
        <user>
          <name>DataBase_User_0PFVImh4Ot0DrDFVyRTuaGGQbiqt4AiR</name>
          <credentials>{903}0PFVImh4Ot0DrDFVyRTuaGGQbiqt4AiR</credentials>
        </user>
        <user>
          <name>DataBase_User_r2aDJjuf0vFfSee-A2KiI137jssS2UCm</name>
          <credentials>{903}r2aDJjuf0vFfSee+A2KiI137jssS2UCm</credentials>
        </user>
        <user>
          <name>DataBase_User_2eB6Gxj9a5mTeXcl0_pH81m7hBG39eyl</name>
          <credentials>{903}2eB6Gxj9a5mTeXcl0/pH81m7hBG39eyl</credentials>
        </user>
        <user>
          <name>DataBase_User_sPUaJJqSbQbf3uNnHJYX_vQMKR5IlB5k</name>
          <credentials>{903}sPUaJJqSbQbf3uNnHJYX/vQMKR5IlB5k</credentials>
        </user>
        <user>
          <name>DataBase_User_ACMXOykcw1y4lGoGcJL5QpXV7X2PQ20x</name>
          <credentials>{903}ACMXOykcw1y4lGoGcJL5QpXV7X2PQ20x</credentials>
        </user>
        <user>
          <name>DataBase_User_EyFE4DIeurt8wBWUpS15rs4Rxt9-CA_t</name>
          <credentials>{903}EyFE4DIeurt8wBWUpS15rs4Rxt9+CA/t</credentials>
        </user>
        <user>
          <name>DataBase_User_bupQe5YNOepNEMXfm7sPOXzEDXEZOYUy</name>
          <credentials>{903}bupQe5YNOepNEMXfm7sPOXzEDXEZOYUy</credentials>
        </user>
        <user>
          <name>DataBase_User_Ekzrn5khGELQ6CM1fSXx-K-W2_PzOZ-0</name>
          <credentials>{903}Ekzrn5khGELQ6CM1fSXx+K+W2/PzOZ+0</credentials>
        </user>
        <user>
          <name>DataBase_User_IAk6Xq9M3t8RqVAi0lKTzVTuR__RPbBr</name>
          <credentials>{903}IAk6Xq9M3t8RqVAi0lKTzVTuR//RPbBr</credentials>
        </user>
        <user>
          <name>DataBase_User_7adaSlEltNuMGQKxhaLkW4WDT7aaetdB</name>
          <credentials>{903}7adaSlEltNuMGQKxhaLkW4WDT7aaetdB</credentials>
        </user>
        <user>
          <name>DataBase_User_eO8RIcIa1T-hXtB6AYo6RuZGmA8EGaN1</name>
          <credentials>{903}eO8RIcIa1T+hXtB6AYo6RuZGmA8EGaN1</credentials>
        </user>
        <user>
          <name>DataBase_User_F6AG7L___Z_D9E4V3Hj1RZ-Yick7ukgA</name>
          <credentials>{903}F6AG7L///Z/D9E4V3Hj1RZ+Yick7ukgA</credentials>
        </user>
        <user>
          <name>DataBase_User_CVVupGufYXf5EYJ2Pwp6IAgQvaRQ5f1f</name>
          <credentials>{903}CVVupGufYXf5EYJ2Pwp6IAgQvaRQ5f1f</credentials>
        </user>
        <user>
          <name>DataBase_User_fEC33qwkzv8NhsmP7pQ2F-tYnQruINXy</name>
          <credentials>{903}fEC33qwkzv8NhsmP7pQ2F+tYnQruINXy</credentials>
        </user>
        <user>
          <name>DataBase_User_ZYYxBlL-27A4VtkPu4KxGvkgqYftXmCw</name>
          <credentials>{903}ZYYxBlL+27A4VtkPu4KxGvkgqYftXmCw</credentials>
        </user>
        <user>
          <name>DataBase_User_bLmwEJI_GUghyfZhY07oxBSrBruH_oyM</name>
          <credentials>{903}bLmwEJI/GUghyfZhY07oxBSrBruH/oyM</credentials>
        </user>
        <user>
          <name>DataBase_User_8Gqn-5OYPgNhOElzE9SVcNE2JIrP0LiE</name>
          <credentials>{903}8Gqn+5OYPgNhOElzE9SVcNE2JIrP0LiE</credentials>
        </user>
        <user>
          <name>DataBase_User_apAKs-jtTjAnHb0g4fSxMDVkNp5fY2QB</name>
          <credentials>{903}apAKs+jtTjAnHb0g4fSxMDVkNp5fY2QB</credentials>
        </user>
        <user>
          <name>DataBase_User_FwdKKmzQI23NUQ8f1t3gTwHHFJ8MESUh</name>
          <credentials>{903}FwdKKmzQI23NUQ8f1t3gTwHHFJ8MESUh</credentials>
        </user>
      </users>
      <roles/>
    </realm>
  </jazn-realm>
</jazn-data>
