<?xml version="1.0" encoding="windows-1252"?>
<!DOCTYPE faces-config PUBLIC
  "-//Sun Microsystems, Inc.//DTD JavaServer Faces Config 1.1//EN"
  "http://java.sun.com/dtd/web-facesconfig_1_1.dtd">
<faces-config xmlns="http://java.sun.com/JSF/Configuration">
  <lifecycle>
    <phase-listener>oracle.adf.controller.faces.lifecycle.ADFPhaseListener</phase-listener>
  </lifecycle>
  <application>
    <default-render-kit-id>oracle.adf.core</default-render-kit-id>
  </application>
  <navigation-rule>
    <from-view-id>/BrowseImages.jspx</from-view-id>
    <navigation-case>
      <from-outcome>edit</from-outcome>
      <to-view-id>/EditImage.jspx</to-view-id>
    </navigation-case>
  </navigation-rule>
  <navigation-rule>
    <from-view-id>/EditImage.jspx</from-view-id>
    <navigation-case>
      <from-outcome>browse</from-outcome>
      <to-view-id>/BrowseImages.jspx</to-view-id>
    </navigation-case>
  </navigation-rule>
  <managed-bean>
    <managed-bean-name>BrowseImages</managed-bean-name>
    <managed-bean-class>demo.view.BrowseImages</managed-bean-class>
    <managed-bean-scope>request</managed-bean-scope>
  </managed-bean>
</faces-config>