<?xml version = '1.0' encoding = 'UTF-8' standalone = 'yes'?>
<jazn-data xmlns:xsi="http://www.w3.org/2001/XMLSchema-instance"
           xsi:noNamespaceSchemaLocation="http://xmlns.oracle.com/oracleas/schema/jazn-data-11_0.xsd">
  <jazn-realm default="jazn.com">
    <realm>
      <name>jazn.com</name>
    </realm>
  </jazn-realm>
  <policy-store>
    <applications>
      <application>
        <name>DataPushDynamicGraphs</name>
        <app-roles>
          <app-role>
            <name>test-all</name>
            <class>oracle.security.jps.service.policystore.ApplicationRole</class>
            <display-name>test-all</display-name>
            <members>
              <member>
                <name>anonymous-role</name>
                <class>oracle.security.jps.internal.core.principals.JpsAnonymousRoleImpl</class>
              </member>
            </members>
          </app-role>
        </app-roles>
        <jazn-policy>
          <grant>
            <grantee>
              <principals>
                <principal>
                  <name>test-all</name>
                  <class>oracle.security.jps.service.policystore.ApplicationRole</class>
                </principal>
              </principals>
            </grantee>
            <permissions>
              <permission>
                <class>oracle.adf.share.security.authorization.RegionPermission</class>
                <name>view.pageDefs.StaticDVTPageDef</name>
                <actions>customize,grant,personalize,view</actions>
              </permission>
            </permissions>
          </grant>
          <grant>
            <grantee>
              <principals>
                <principal>
                  <name>authenticated-role</name>
                  <class>oracle.security.jps.internal.core.principals.JpsAuthenticatedRoleImpl</class>
                </principal>
              </principals>
            </grantee>
            <permissions>
              <permission>
                <class>oracle.adf.share.security.authorization.RegionPermission</class>
                <name>view.pageDefs.UIShellPageDef</name>
                <actions>customize,grant,personalize,view</actions>
              </permission>
              <permission>
                <class>oracle.adf.controller.security.TaskFlowPermission</class>
                <name>/WEB-INF/graph-dashboard-tf.xml#graph-dashboard-tf</name>
                <actions>customize,grant,personalize,view</actions>
              </permission>
              <permission>
                <class>oracle.adf.controller.security.TaskFlowPermission</class>
                <name>/WEB-INF/start-tf.xml#start-tf</name>
                <actions>customize,grant,personalize,view</actions>
              </permission>
              <permission>
                <class>oracle.adf.share.security.authorization.RegionPermission</class>
                <name>view.pageDefs.ADSDynamicGraphPageDef</name>
                <actions>customize,grant,personalize,view</actions>
              </permission>
            </permissions>
          </grant>
        </jazn-policy>
      </application>
    </applications>
  </policy-store>
</jazn-data>
