<?xml version='1.0' encoding='windows-1252' ?>
<DCContainer
   id="PanelEmployeesView1UIModel"
   xmlns="http://xmlns.oracle.com/adfm/uimodel"
   version="10.1.2.17.96"
   Package="mypackage1"
   FindMode="false"
   EnableTokenValidation="true" >
   <Contents >
      <DCIterator
         id="EmployeesView1Iterator"
         Binds="AppModuleDataControl.EmployeesView1"
         RangeSize="10" >
      </DCIterator>
      <DCControl
         id="EmployeesView1"
         DefClass="oracle.jbo.uicli.jui.JUTableDef"
         SubType="DCTable"
         IterBinding="EmployeesView1Iterator"
         ApplyValidation="false"
         isDynamic="false" >
         <AttrNames>
            <Item Value="LastName" />
            <Item Value="FirstName" />
            <Item Value="EmployeeId" />
            <Item Value="Email" />
         </AttrNames>
      </DCControl>
      <DCControl
         id="NextSet"
         DefClass="oracle.jbo.uicli.jui.JUActionDef"
         SubType="DCAction"
         IterBinding="EmployeesView1Iterator"
         Action="14"
         RequiresUpdateModel="true" >
      </DCControl>
      <DCControl
         id="PreviousSet"
         DefClass="oracle.jbo.uicli.jui.JUActionDef"
         SubType="DCAction"
         IterBinding="EmployeesView1Iterator"
         Action="15"
         RequiresUpdateModel="true" >
      </DCControl>
   </Contents>
</DCContainer>
