<?xml version = '1.0' encoding = 'windows-1252'?>
<data-sources xmlns:xsi="http://www.w3.org/2001/XMLSchema-instance" xsi:noNamespaceSchemaLocation="http://xmlns.oracle.com/oracleas/schema/data-sources-10_1.xsd" xmlns="http://xmlns.oracle.com/oracleas/schema">
    <connection-pool name="jdev-connection-pool-toystore">
        <connection-factory factory-class="oracle.jdbc.pool.OracleDataSource" user="toystore" password="->DataBase_User_BjN2vbkcSieH34p9q3mVSf5TpBXbwLfr" url="jdbc:oracle:thin:@localhost:1521:ORCL"/>
    </connection-pool>
    <managed-data-source name="jdev-connection-managed-toystore" jndi-name="jdbc/toystoreDS" connection-pool-name="jdev-connection-pool-toystore"/>
    <native-data-source name="jdev-connection-native-toystore" jndi-name="jdbc/toystoreCoreDS" url="jdbc:oracle:thin:@localhost:1521:ORCL" user="toystore" password="->DataBase_User_q_atJoNRjbarEiAzxs-mN8jyXYAZGcHj" data-source-class="oracle.jdbc.pool.OracleDataSource"/>
    <connection-pool name="jdev-connection-pool-toystore_statemgmt">
        <connection-factory factory-class="oracle.jdbc.pool.OracleDataSource" user="toystore_statemgmt" password="->DataBase_User_JmzXtoHUm2PpkY2FtiXnJ_y_STOLg3B5" url="jdbc:oracle:thin:@localhost:1521:ORCL"/>
    </connection-pool>
    <managed-data-source name="jdev-connection-managed-toystore_statemgmt" jndi-name="jdbc/toystore_statemgmtDS" connection-pool-name="jdev-connection-pool-toystore_statemgmt"/>
    <native-data-source name="jdev-connection-native-toystore_statemgmt" jndi-name="jdbc/toystore_statemgmtCoreDS" url="jdbc:oracle:thin:@localhost:1521:ORCL" user="toystore_statemgmt" password="->DataBase_User_qNSk1UZoJHMFbm1xseNkAOzmVaYbSwmM" data-source-class="oracle.jdbc.pool.OracleDataSource"/>
    <connection-pool name="jdev-connection-pool-airport">
        <connection-factory factory-class="oracle.jdbc.pool.OracleDataSource" user="smuench" password="->DataBase_User_dBIUrADmLORiPFfDv5zurLUJ3VTXAsE-" url="jdbc:oracle:thin:@adt-scaler1.us.oracle.com:1521:adt1010"/>
    </connection-pool>
    <managed-data-source name="jdev-connection-managed-airport" jndi-name="jdbc/airportDS" connection-pool-name="jdev-connection-pool-airport"/>
    <native-data-source name="jdev-connection-native-airport" jndi-name="jdbc/airportCoreDS" url="jdbc:oracle:thin:@adt-scaler1.us.oracle.com:1521:adt1010" user="smuench" password="->DataBase_User_ghkxItOWHWejdS2uhh5d0o-5dZNn7zL0" data-source-class="oracle.jdbc.pool.OracleDataSource"/>
    <connection-pool name="jdev-connection-pool-scott">
        <connection-factory factory-class="oracle.jdbc.pool.OracleDataSource" user="scott" password="->DataBase_User_fJ2bvU-ZvVQ3W-RDKtNCgKPDQywnrV3c" url="jdbc:oracle:thin:@localhost:1521:ORCL"/>
    </connection-pool>
    <managed-data-source name="jdev-connection-managed-scott" jndi-name="jdbc/scottDS" connection-pool-name="jdev-connection-pool-scott"/>
    <native-data-source name="jdev-connection-native-scott" jndi-name="jdbc/scottCoreDS" url="jdbc:oracle:thin:@localhost:1521:ORCL" user="scott" password="->DataBase_User_2JwhO_LH3uppZbdbOkXIJpY4HCRRHbPv" data-source-class="oracle.jdbc.pool.OracleDataSource"/>
</data-sources>
