<?xml version = '1.0' encoding = 'windows-1252'?>
<!DOCTYPE struts-config PUBLIC "-//Apache Software Foundation//DTD Struts Configuration 1.1//EN" "http://jakarta.apache.org/struts/dtds/struts-config_1_1.dtd">
<struts-config>
  <form-beans>
    <form-bean name="DataForm" type="oracle.adf.controller.struts.forms.BindingContainerActionForm"/>
  </form-beans>
  <action-mappings>
    <action path="/Regions" className="oracle.adf.controller.struts.actions.DataActionMapping" type="oracle.adf.controller.struts.actions.DataForwardAction" name="DataForm" parameter="/Regions.jsp">
      <set-property property="modelReference" value="RegionsUIModel"/>
      <forward name="ShowRegion" path="/RegionAndCountries.do"/>
    </action>
    <action path="/CountryAndLocations" className="oracle.adf.controller.struts.actions.DataActionMapping" type="oracle.adf.controller.struts.actions.DataForwardAction" name="DataForm" parameter="/CountryAndLocations.jsp">
      <set-property property="modelReference" value="CountryAndLocationsUIModel"/>
      <forward name="ShowLocation" path="/LocationAndDepartments.do"/>
    </action>
    <action path="/LocationAndDepartments" className="oracle.adf.controller.struts.actions.DataActionMapping" type="oracle.adf.controller.struts.actions.DataForwardAction" name="DataForm" parameter="/LocationAndDepartments.jsp">
      <set-property property="modelReference" value="LocationAndDepartmentsUIModel"/>
    </action>
    <action path="/RegionAndCountries" className="oracle.adf.controller.struts.actions.DataActionMapping" type="oracle.adf.controller.struts.actions.DataForwardAction" name="DataForm" parameter="/RegionAndCountries.jsp">
      <set-property property="modelReference" value="RegionAndCountriesUIModel"/>
      <forward name="ShowCountry" path="/CountryAndLocations.do"/>
    </action>
  </action-mappings>
  <message-resources parameter="test.view.ApplicationResources"/>
</struts-config>
