<?xml version = '1.0' encoding = 'windows-1252' standalone = 'yes'?>
<jazn-data xmlns:xsi="http://www.w3.org/2001/XMLSchema-instance" xsi:noNamespaceSchemaLocation="http://xmlns.oracle.com/oracleas/schema/jazn-data-10_0.xsd" filepath="" OC4J_INSTANCE_ID="">
  <jazn-realm>
    <realm>
      <name>jazn.com</name>
      <users>
        <user>
          <name>DataBase_User_KPX-ILQqRXsmBbOkXlmFn07_NW18dQYJ</name>
          <credentials>{903}KPX+ILQqRXsmBbOkXlmFn07/NW18dQYJ</credentials>
        </user>
        <user>
          <name>DataBase_User_RVP73MgbiuOm-jzs0yWp3ThenRm-TbnS</name>
          <credentials>{903}RVP73MgbiuOm+jzs0yWp3ThenRm+TbnS</credentials>
        </user>
        <user>
          <name>DataBase_User_Om92WbOStjkA_H012jiHNhucoIvODUCa</name>
          <credentials>{903}Om92WbOStjkA/H012jiHNhucoIvODUCa</credentials>
        </user>
        <user>
          <name>DataBase_User_fxuZ_auSgyfEogIyL-IUnLHPbejDdnjO</name>
          <credentials>{903}fxuZ/auSgyfEogIyL+IUnLHPbejDdnjO</credentials>
        </user>
        <user>
          <name>DataBase_User_7wPn0CTrd3dNB-NPbh0qa4WV3VvGKWcM</name>
          <credentials>{903}7wPn0CTrd3dNB+NPbh0qa4WV3VvGKWcM</credentials>
        </user>
        <user>
          <name>DataBase_User_F9ARQIfWJFpevOfLCpS3TQ-iYTmpj9-q</name>
          <credentials>{903}F9ARQIfWJFpevOfLCpS3TQ+iYTmpj9+q</credentials>
        </user>
        <user>
          <name>DataBase_User_ZiqNs9qS6STvJUlmvaelZOkShtvVv7IQ</name>
          <credentials>{903}ZiqNs9qS6STvJUlmvaelZOkShtvVv7IQ</credentials>
        </user>
        <user>
          <name>DataBase_User_xzUrlAmvaImJ0xnx8eQjo3g9F9T2CYzY</name>
          <credentials>{903}xzUrlAmvaImJ0xnx8eQjo3g9F9T2CYzY</credentials>
        </user>
        <user>
          <name>DataBase_User_nLOFpLPOhkXGLM2cg-LLNhGUjrBpXa2r</name>
          <credentials>{903}nLOFpLPOhkXGLM2cg+LLNhGUjrBpXa2r</credentials>
        </user>
        <user>
          <name>DataBase_User_BVVlQVwx5gK0MYJjr5FePIITeqgeY1yG</name>
          <credentials>{903}BVVlQVwx5gK0MYJjr5FePIITeqgeY1yG</credentials>
        </user>
      </users>
      <roles/>
    </realm>
  </jazn-realm>
</jazn-data>
