<?xml version = '1.0' encoding = 'windows-1252'?>
<!DOCTYPE data-sources PUBLIC "Orion data-sources" "http://xmlns.oracle.com/ias/dtds/data-sources.dtd">
<data-sources>
  <data-source name="jdev-connection-toystore" class="com.evermind.sql.DriverManagerDataSource" location="jdbc/toystoreCoreDS" xa-location="jdbc/xa/toystoreXADS" ejb-location="jdbc/toystoreDS" pooled-location="jdbc/toystorePooledDS" connection-driver="oracle.jdbc.driver.OracleDriver" username="toystore" password="toystore" url="jdbc:oracle:thin:@localhost:1521:ORCL" inactivity-timeout="30"/>
  <data-source name="jdev-connection-toystore_statemgmt" class="com.evermind.sql.DriverManagerDataSource" location="jdbc/toystore_statemgmtCoreDS" xa-location="jdbc/xa/toystore_statemgmtXADS" ejb-location="jdbc/toystore_statemgmtDS" pooled-location="jdbc/toystore_statemgmtPooledDS" connection-driver="oracle.jdbc.driver.OracleDriver" username="toystore_statemgmt" password="toystore" url="jdbc:oracle:thin:@localhost:1521:ORCL" inactivity-timeout="30"/>
  <data-source name="jdev-connection-scott" class="com.evermind.sql.DriverManagerDataSource" location="jdbc/scottCoreDS" xa-location="jdbc/xa/scottXADS" ejb-location="jdbc/scottDS" pooled-location="jdbc/scottPooledDS" connection-driver="oracle.jdbc.driver.OracleDriver" username="scott" password="tiger" url="jdbc:oracle:thin:@localhost:1521:ORCL" inactivity-timeout="30"/>
  <data-source name="jdev-connection-grosseto" class="com.evermind.sql.DriverManagerDataSource" location="jdbc/grossetoCoreDS" xa-location="jdbc/xa/grossetoXADS" ejb-location="jdbc/grossetoDS" pooled-location="jdbc/grossetoPooledDS" connection-driver="oracle.jdbc.driver.OracleDriver" username="base" password="corso" url="jdbc:oracle:thin:@db01.comune.grosseto.it:1521:db1" inactivity-timeout="30"/>
  <data-source name="jdev-connection-pdws3" class="com.evermind.sql.DriverManagerDataSource" location="jdbc/pdws3CoreDS" xa-location="jdbc/xa/pdws3XADS" ejb-location="jdbc/pdws3DS" pooled-location="jdbc/pdws3PooledDS" connection-driver="oracle.jdbc.driver.OracleDriver" username="scott" password="tiger2" url="jdbc:oracle:thin:@pdws3.it.oracle.com:1521:TSH1" inactivity-timeout="30"/>
  <data-source name="jdev-connection-oe" class="com.evermind.sql.DriverManagerDataSource" location="jdbc/oeCoreDS" xa-location="jdbc/xa/oeXADS" ejb-location="jdbc/oeDS" pooled-location="jdbc/oePooledDS" connection-driver="oracle.jdbc.driver.OracleDriver" username="oe" password="oe" url="jdbc:oracle:thin:@localhost:1521:ORCL" inactivity-timeout="30"/>
  <data-source name="jdev-connection-hr" class="com.evermind.sql.DriverManagerDataSource" location="jdbc/hrCoreDS" xa-location="jdbc/xa/hrXADS" ejb-location="jdbc/hrDS" pooled-location="jdbc/hrPooledDS" connection-driver="oracle.jdbc.driver.OracleDriver" username="hr" password="hr" url="jdbc:oracle:thin:@localhost:1521:ORCL" inactivity-timeout="30"/>
  <data-source name="jdev-connection-adfsec_conn" class="com.evermind.sql.DriverManagerDataSource" location="jdbc/adfsec_connCoreDS" xa-location="jdbc/xa/adfsec_connXADS" ejb-location="jdbc/adfsec_connDS" pooled-location="jdbc/adfsec_connPooledDS" connection-driver="oracle.jdbc.driver.OracleDriver" username="adfsec" password="adfsec" url="jdbc:oracle:thin:@localhost:1521:ORCL" inactivity-timeout="30"/>
</data-sources>
