<?xml version='1.0' encoding='windows-1252' ?>
<!DOCTYPE ViewObject SYSTEM "jbo_03_01.dtd">

<ViewObject
   Name="EmpView"
   SelectList="Emp.EMPNO, 
       Emp.ENAME, 
       Emp.JOB, 
       Emp.MGR, 
       Emp.HIREDATE, 
       Emp.SAL, 
       Emp.COMM, 
       Emp.DEPTNO"
   FromList="EMP Emp"
   Where="upper(ename) like upper(:EmpName)||&#39;%&#39; and sal between nvl(:LowSal,0) and nvl(:HighSal,99999999)"
   BindingStyle="OracleName"
   CustomQuery="false"
   ComponentClass="demo.model.EmpViewImpl"
   MsgBundleClass="demo.model.common.EmpViewRowImplMsgBundle"
   UseGlueCode="false" >
   <DesignTime>
      <Attr Name="_version" Value="10.1.3.36.73" />
      <Attr Name="_codeGenFlag2" Value="Access|Coll|Msg|VarAccess" />
   </DesignTime>
   <Variable
      Name="EmpName"
      Kind="where"
      Type="java.lang.String" >
   </Variable>
   <Variable
      Name="LowSal"
      Kind="where"
      Type="oracle.jbo.domain.Number" >
   </Variable>
   <Variable
      Name="HighSal"
      Kind="where"
      Type="oracle.jbo.domain.Number" >
   </Variable>
   <EntityUsage
      Name="Emp"
      Entity="demo.model.Emp" >
      <DesignTime>
         <Attr Name="_queryClause" Value="true" />
         <Attr Name="_queryWhere" Value="upper(ename) like upper(:EmpName)||&#39;%&#39; and sal between nvl(:LowSal,0) and nvl(:HighSal,99999999)" />
      </DesignTime>
   </EntityUsage>
   <ViewAttribute
      Name="Empno"
      IsNotNull="true"
      EntityAttrName="Empno"
      EntityUsage="Emp"
      AliasName="EMPNO" >
   </ViewAttribute>
   <ViewAttribute
      Name="Ename"
      EntityAttrName="Ename"
      EntityUsage="Emp"
      AliasName="ENAME" >
   </ViewAttribute>
   <ViewAttribute
      Name="Job"
      EntityAttrName="Job"
      EntityUsage="Emp"
      AliasName="JOB" >
   </ViewAttribute>
   <ViewAttribute
      Name="Mgr"
      EntityAttrName="Mgr"
      EntityUsage="Emp"
      AliasName="MGR" >
   </ViewAttribute>
   <ViewAttribute
      Name="Hiredate"
      EntityAttrName="Hiredate"
      EntityUsage="Emp"
      AliasName="HIREDATE" >
   </ViewAttribute>
   <ViewAttribute
      Name="Sal"
      EntityAttrName="Sal"
      EntityUsage="Emp"
      AliasName="SAL" >
   </ViewAttribute>
   <ViewAttribute
      Name="Comm"
      EntityAttrName="Comm"
      EntityUsage="Emp"
      AliasName="COMM" >
   </ViewAttribute>
   <ViewAttribute
      Name="Deptno"
      EntityAttrName="Deptno"
      EntityUsage="Emp"
      AliasName="DEPTNO" >
   </ViewAttribute>
</ViewObject>
