<?xml version = '1.0' encoding = 'UTF-8'?>
<References xmlns="http://xmlns.oracle.com/adf/jndi">
   <Reference name="Connection1" className="oracle.jdeveloper.db.adapter.DatabaseProvider" credentialStoreKey="Connection1" xmlns="">
      <Factory className="oracle.jdeveloper.db.adapter.DatabaseProviderFactory"/>
      <RefAddresses>
         <StringRefAddr addrType="sid">
            <Contents>blueberry</Contents>
         </StringRefAddr>
         <StringRefAddr addrType="subtype">
            <Contents>oraJDBC</Contents>
         </StringRefAddr>
         <StringRefAddr addrType="port">
            <Contents>1521</Contents>
         </StringRefAddr>
         <StringRefAddr addrType="hostname">
            <Contents>192.168.2.250</Contents>
         </StringRefAddr>
         <StringRefAddr addrType="user">
            <Contents>hr</Contents>
         </StringRefAddr>
         <SecureRefAddr addrType="password"/>
         <StringRefAddr addrType="oraDriverType">
            <Contents>thin</Contents>
         </StringRefAddr>
      </RefAddresses>
   </Reference>
   <Reference name="{/oracle/adfinsider/localdb/}HRModuleService" className="oracle.jbo.client.svc.Service" xmlns="">
      <Factory className="oracle.jbo.client.svc.ServiceFactory"/>
      <RefAddresses>
         <StringRefAddr addrType="serviceInterfaceName">
            <Contents>oracle.adfinsider.localdb.common.serviceinterface.HRModuleService</Contents>
         </StringRefAddr>
         <StringRefAddr addrType="serviceEndpointProvider">
            <Contents>ADFBC</Contents>
         </StringRefAddr>
         <StringRefAddr addrType="jndiName">
            <Contents>HRModuleServiceBean#oracle.adfinsider.localdb.common.serviceinterface.HRModuleService</Contents>
         </StringRefAddr>
         <StringRefAddr addrType="serviceSchemaName">
            <Contents>HRModuleService.xsd</Contents>
         </StringRefAddr>
         <StringRefAddr addrType="serviceSchemaLocation">
            <Contents>oracle/adfinsider/localdb/common/serviceinterface/</Contents>
         </StringRefAddr>
      </RefAddresses>
   </Reference>
</References>