<?xml version = '1.0' encoding = 'UTF-8' standalone = 'yes'?>
<jazn-data xmlns:xsi="http://www.w3.org/2001/XMLSchema-instance" xsi:noNamespaceSchemaLocation="http://xmlns.oracle.com/oracleas/schema/jazn-data-10_0.xsd" filepath="" OC4J_INSTANCE_ID="">
    <jazn-realm>
        <realm>
            <name>jazn.com</name>
            <users>
                <user>
                    <name>DataBase_User_NaSIg0BpSZgKZET_Xxr2QIBdWLFd9f5B</name>
                    <credentials>{903}NaSIg0BpSZgKZET/Xxr2QIBdWLFd9f5B</credentials>
                </user>
                <user>
                    <name>DataBase_User_2ewpKMFvy_y5luInsCAxMRegPKh0n4ve</name>
                    <credentials>{903}2ewpKMFvy/y5luInsCAxMRegPKh0n4ve</credentials>
                </user>
                <user>
                    <name>DataBase_User_nj2SZeeWExN3wV-AsTkwvbauR8skqOku</name>
                    <credentials>{903}nj2SZeeWExN3wV+AsTkwvbauR8skqOku</credentials>
                </user>
                <user>
                    <name>DataBase_User_eh5UB7SoEbXMmzKKL5krmd8SodXhCG80</name>
                    <credentials>{903}eh5UB7SoEbXMmzKKL5krmd8SodXhCG80</credentials>
                </user>
                <user>
                    <name>DataBase_User_qXAIpuUkmMuQtXdvzNfGGG_rv5z01lsB</name>
                    <credentials>{903}qXAIpuUkmMuQtXdvzNfGGG/rv5z01lsB</credentials>
                </user>
                <user>
                    <name>DataBase_User_oqIXezpygkLlwsEGWp_THSv9qcTcozwD</name>
                    <credentials>{903}oqIXezpygkLlwsEGWp/THSv9qcTcozwD</credentials>
                </user>
                <user>
                    <name>DataBase_User_ptf1g9MB8Rx7Srij9_9WE9SqD4CYwfQS</name>
                    <credentials>{903}ptf1g9MB8Rx7Srij9/9WE9SqD4CYwfQS</credentials>
                </user>
                <user>
                    <name>DataBase_User_K0A5TzWzHP9IM5Z4yqiWR-chFglUu4rG</name>
                    <credentials>{903}K0A5TzWzHP9IM5Z4yqiWR+chFglUu4rG</credentials>
                </user>
                <user>
                    <name>DataBase_User_PYWxdiAOac58HhhcvrM36oqVdnqN5aIU</name>
                    <credentials>{903}PYWxdiAOac58HhhcvrM36oqVdnqN5aIU</credentials>
                </user>
                <user>
                    <name>DataBase_User_1mV35V6Y9CeEX8A8nIsJHqMSreDgJkO6</name>
                    <credentials>{903}1mV35V6Y9CeEX8A8nIsJHqMSreDgJkO6</credentials>
                </user>
                <user>
                    <name>DataBase_User_P6sa88P_Qq4Xzh34A0QtixiE6k541UNT</name>
                    <credentials>{903}P6sa88P/Qq4Xzh34A0QtixiE6k541UNT</credentials>
                </user>
                <user>
                    <name>DataBase_User_eYMUeDObtgiYZ0IpA3fiweRt_Y-ze1iU</name>
                    <credentials>{903}eYMUeDObtgiYZ0IpA3fiweRt/Y+ze1iU</credentials>
                </user>
                <user>
                    <name>DataBase_User_aDL55xjNqslmxCdMPl6LnhEgMeySnOEE</name>
                    <credentials>{903}aDL55xjNqslmxCdMPl6LnhEgMeySnOEE</credentials>
                </user>
                <user>
                    <name>DataBase_User_YIPc8glt4qxu_7xpe_SQ0PgfCbFRB1P3</name>
                    <credentials>{903}YIPc8glt4qxu/7xpe/SQ0PgfCbFRB1P3</credentials>
                </user>
                <user>
                    <name>DataBase_User_425XxNcaMfeOxsRIbkOYQO7c7bv19U0k</name>
                    <credentials>{903}425XxNcaMfeOxsRIbkOYQO7c7bv19U0k</credentials>
                </user>
                <user>
                    <name>DataBase_User_h8IBFcc8Cqfug8_7FeHaFeKSVk0eTpFl</name>
                    <credentials>{903}h8IBFcc8Cqfug8/7FeHaFeKSVk0eTpFl</credentials>
                </user>
                <user>
                    <name>DataBase_User_TFjNKzzmOiYPoADBwHH-8Ou7msNpy0v6</name>
                    <credentials>{903}TFjNKzzmOiYPoADBwHH+8Ou7msNpy0v6</credentials>
                </user>
                <user>
                    <name>DataBase_User_3f1GGQAsI1LtTHW_nbLhKMW2T6Glguog</name>
                    <credentials>{903}3f1GGQAsI1LtTHW/nbLhKMW2T6Glguog</credentials>
                </user>
                <user>
                    <name>DataBase_User_IkENUB5hiFHTZMkImGsV7TkmrsF0qsfL</name>
                    <credentials>{903}IkENUB5hiFHTZMkImGsV7TkmrsF0qsfL</credentials>
                </user>
                <user>
                    <name>DataBase_User_P1ivH3QRnaxDdXHopuRewbjP11OdW4CZ</name>
                    <credentials>{903}P1ivH3QRnaxDdXHopuRewbjP11OdW4CZ</credentials>
                </user>
                <user>
                    <name>DataBase_User_G8wwbKDk0GiCQsL_AfHXDPVppVB4C4FG</name>
                    <credentials>{903}G8wwbKDk0GiCQsL/AfHXDPVppVB4C4FG</credentials>
                </user>
                <user>
                    <name>DataBase_User_kyNz6Rw_4vAxh8CrWwTDCObmtjiz4s30</name>
                    <credentials>{903}kyNz6Rw/4vAxh8CrWwTDCObmtjiz4s30</credentials>
                </user>
            </users>
            <roles/>
        </realm>
    </jazn-realm>
</jazn-data>
