<?xml version = '1.0' encoding = 'windows-1252' standalone = 'yes'?>
<jazn-data xmlns:xsi="http://www.w3.org/2001/XMLSchema-instance" xsi:noNamespaceSchemaLocation="http://xmlns.oracle.com/oracleas/schema/jazn-data-10_0.xsd" filepath="" OC4J_INSTANCE_ID="">
  <jazn-realm>
    <realm>
      <name>jazn.com</name>
      <users>
                <user>
                    <name>DataBase_User_aguaa-soPAWAbEkQQjbQODnBKBOVPsSd</name>
                    <credentials>{903}aguaa+soPAWAbEkQQjbQODnBKBOVPsSd</credentials>
                </user>
                <user>
                    <name>DataBase_User_5K_rVUWndQ7WbV-ns5RWxN2nQd6DxNSb</name>
                    <credentials>{903}5K/rVUWndQ7WbV+ns5RWxN2nQd6DxNSb</credentials>
                </user>
                <user>
                    <name>DataBase_User_Ualt3r7HJJd7HjPZcQr12_5pHMe1e6VO</name>
                    <credentials>{903}Ualt3r7HJJd7HjPZcQr12/5pHMe1e6VO</credentials>
                </user>
                <user>
                    <name>DataBase_User_oVgwCMkkn1RHbMhOnrc9pTqj2gJVY9sz</name>
                    <credentials>{903}oVgwCMkkn1RHbMhOnrc9pTqj2gJVY9sz</credentials>
                </user>
                <user>
                    <name>DataBase_User__HeTTAnooduiHPvFTXAVhIowrpVsUM4b</name>
                    <credentials>{903}/HeTTAnooduiHPvFTXAVhIowrpVsUM4b</credentials>
                </user>
                <user>
                    <name>DataBase_User_rgVkB1bCYzOue9FdYN8oMZg7cft1a8pV</name>
                    <credentials>{903}rgVkB1bCYzOue9FdYN8oMZg7cft1a8pV</credentials>
                </user>
                <user>
                    <name>DataBase_User_GMok6Cv4D4bpZq9GBSf3h2ytHluOw_AQ</name>
                    <credentials>{903}GMok6Cv4D4bpZq9GBSf3h2ytHluOw/AQ</credentials>
                </user>
                <user>
                    <name>DataBase_User_UwAYEA4nM72TOTs6iHNpEBuXFvrW8fFa</name>
                    <credentials>{903}UwAYEA4nM72TOTs6iHNpEBuXFvrW8fFa</credentials>
                </user>
                <user>
                    <name>DataBase_User_wzuJdr8XJLptrnSvU31EjwLj8a350mnB</name>
                    <credentials>{903}wzuJdr8XJLptrnSvU31EjwLj8a350mnB</credentials>
                </user>
                <user>
                    <name>DataBase_User_QJTG08kqEtlMBG70OTxjG94OgpoRozi6</name>
                    <credentials>{903}QJTG08kqEtlMBG70OTxjG94OgpoRozi6</credentials>
                </user>
                <user>
                    <name>DataBase_User_aEQOOBU5jcl1h0hVriDRgBOKUdGgaQpG</name>
                    <credentials>{903}aEQOOBU5jcl1h0hVriDRgBOKUdGgaQpG</credentials>
                </user>
                <user>
                    <name>DataBase_User_xXf7OJ1DuZ7Y7PVMVLiNbJtUKDXsteqU</name>
                    <credentials>{903}xXf7OJ1DuZ7Y7PVMVLiNbJtUKDXsteqU</credentials>
                </user>
                <user>
                    <name>DataBase_User_cOcVyncOx7kaG-yXEOkun_53vuJ0bl7e</name>
                    <credentials>{903}cOcVyncOx7kaG+yXEOkun/53vuJ0bl7e</credentials>
                </user>
                <user>
                    <name>DataBase_User_RvwALEhEhsNSZ-UbbNrDS1nszhuP9hln</name>
                    <credentials>{903}RvwALEhEhsNSZ+UbbNrDS1nszhuP9hln</credentials>
                </user>
                <user>
                    <name>DataBase_User_31Ej7z0nPcDy4mEZ9-we8VB36lnWr8vE</name>
                    <credentials>{903}31Ej7z0nPcDy4mEZ9+we8VB36lnWr8vE</credentials>
                </user>
                <user>
                    <name>DataBase_User_An5xi2aFi5vkzOuj4aXbz8YT6ZZ7ZzCT</name>
                    <credentials>{903}An5xi2aFi5vkzOuj4aXbz8YT6ZZ7ZzCT</credentials>
                </user>
                <user>
                    <name>DataBase_User_cg15ep-vhi6MkitvIZNnDZPopmFfUYB5</name>
                    <credentials>{903}cg15ep+vhi6MkitvIZNnDZPopmFfUYB5</credentials>
                </user>
                <user>
                    <name>DataBase_User_7NRs0jZA-rddemaLkhMr0nlZkQ_B1Csd</name>
                    <credentials>{903}7NRs0jZA+rddemaLkhMr0nlZkQ/B1Csd</credentials>
                </user>
                <user>
                    <name>DataBase_User_s059bfuOpWLBWE4UnumH8m-l48kwzeqx</name>
                    <credentials>{903}s059bfuOpWLBWE4UnumH8m+l48kwzeqx</credentials>
                </user>
                <user>
                    <name>DataBase_User_H-LBanjzJPv07RpWoW8N-QduR15_tJPZ</name>
                    <credentials>{903}H+LBanjzJPv07RpWoW8N+QduR15/tJPZ</credentials>
                </user>
                <user>
                    <name>DataBase_User_IK1Llt3-EWRHLTaEuJPFLpG_GD5H8WbF</name>
                    <credentials>{903}IK1Llt3+EWRHLTaEuJPFLpG/GD5H8WbF</credentials>
                </user>
                <user>
                    <name>DataBase_User_I2SA2HyZ2g0OiFV_3ZdJBG8p_lxs17ZA</name>
                    <credentials>{903}I2SA2HyZ2g0OiFV/3ZdJBG8p/lxs17ZA</credentials>
                </user>
                <user>
                    <name>DataBase_User_OeF9834N8gX1ijSCkcPfwqOP9XjL5_-u</name>
                    <credentials>{903}OeF9834N8gX1ijSCkcPfwqOP9XjL5/+u</credentials>
                </user>
                <user>
                    <name>DataBase_User_eLop3FabvB9UzJuTi-fwYFXdX0IQN0xX</name>
                    <credentials>{903}eLop3FabvB9UzJuTi+fwYFXdX0IQN0xX</credentials>
                </user>
                <user>
                    <name>DataBase_User_1mU6dvSVpl0BdlH9CS2oHmB5sYAkYjO6</name>
                    <credentials>{903}1mU6dvSVpl0BdlH9CS2oHmB5sYAkYjO6</credentials>
                </user>
                <user>
                    <name>DataBase_User_ViXPmw6ZL_wiHQs3H0IhY1cDWtaVM2DR</name>
                    <credentials>{903}ViXPmw6ZL/wiHQs3H0IhY1cDWtaVM2DR</credentials>
                </user>
                <user>
                    <name>DataBase_User_Nf8Ovay-fEHYw71NhmtasKXbgxY1hsGN</name>
                    <credentials>{903}Nf8Ovay+fEHYw71NhmtasKXbgxY1hsGN</credentials>
                </user>
                <user>
                    <name>DataBase_User_h_KOxR5AKyTwrjGGYuCcRVsgPYr75AGN</name>
                    <credentials>{903}h/KOxR5AKyTwrjGGYuCcRVsgPYr75AGN</credentials>
                </user>
                <user>
                    <name>DataBase_User_nN-v3yAcnztgd0OxxbQwRUh60x5DTncS</name>
                    <credentials>{903}nN+v3yAcnztgd0OxxbQwRUh60x5DTncS</credentials>
                </user>
                <user>
                    <name>DataBase_User_vLa3r9JbqfhSJ0T0h-hbUXBuht92fr6h</name>
                    <credentials>{903}vLa3r9JbqfhSJ0T0h+hbUXBuht92fr6h</credentials>
                </user>
                <user>
                    <name>DataBase_User_a6Zw1E51uFRv9Hpj0gVZthD3Uctt7cDd</name>
                    <credentials>{903}a6Zw1E51uFRv9Hpj0gVZthD3Uctt7cDd</credentials>
                </user>
                <user>
                    <name>DataBase_User_mZhemC0ZrFG5BVlMsl8Q83jYEunvBAZO</name>
                    <credentials>{903}mZhemC0ZrFG5BVlMsl8Q83jYEunvBAZO</credentials>
                </user>
            </users>
      <roles/>
    </realm>
  </jazn-realm>
</jazn-data>
