<?xml version="1.0" encoding="windows-1252" ?>
<!DOCTYPE ViewLink SYSTEM "jbo_03_01.dtd">
<!---->
<ViewLink
  xmlns="http://xmlns.oracle.com/bc4j"
  Name="LocCIdFkLink"
  Version="11.1.1.61.92"
  InheritPersonalization="true"
  EntityAssociation="oracle.demo.model.entities.LocCIdFkAssoc">
  <DesignTime>
    <Attr Name="_isCodegen" Value="true"/>
  </DesignTime>
  <ViewLinkDefEnd
    Name="CountriesView"
    Cardinality="1"
    Owner="oracle.demo.model.queries.queries.CountriesView"
    Source="true">
    <DesignTime>
      <Attr Name="_finderName" Value="CountriesView"/>
      <Attr Name="_isUpdateable" Value="true"/>
    </DesignTime>
    <AttrArray Name="Attributes">
      <Item Value="oracle.demo.model.queries.queries.CountriesView.CountryId"/>
    </AttrArray>
  </ViewLinkDefEnd>
  <ViewLinkDefEnd
    Name="LocationsView"
    Cardinality="-1"
    Owner="oracle.demo.model.queries.queries.LocationsView">
    <DesignTime>
      <Attr Name="_finderName" Value="LocationsView"/>
      <Attr Name="_isUpdateable" Value="true"/>
    </DesignTime>
    <AttrArray Name="Attributes">
      <Item Value="oracle.demo.model.queries.queries.LocationsView.CountryId"/>
    </AttrArray>
  </ViewLinkDefEnd>
</ViewLink>
