<?xml version='1.0' encoding='windows-1252' ?>
<!DOCTYPE ViewObject SYSTEM "jbo_03_01.dtd">

<ViewObject
   Name="ExamplePkgTable"
   BindingStyle="OracleName"
   CustomQuery="true"
   ComponentClass="example.ExamplePkgTableImpl"
   MsgBundleClass="example.common.ExamplePkgTableRowImplMsgBundle"
   UseGlueCode="false" >
   <SQLQuery><![CDATA[
select v, d, n from example_pkg_table
order by id desc
   ]]></SQLQuery>
   <DesignTime>
      <Attr Name="_isExpertMode" Value="true" />
      <Attr Name="_version" Value="10.1.3.39.84" />
      <Attr Name="_codeGenFlag2" Value="Access|Coll|Msg|VarAccess" />
   </DesignTime>
   <ViewAttribute
      Name="V"
      IsUpdateable="false"
      IsPersistent="false"
      Precision="30"
      Type="java.lang.String"
      ColumnType="VARCHAR2"
      AliasName="V"
      Expression="V"
      SQLType="VARCHAR" >
      <DesignTime>
         <Attr Name="_DisplaySize" Value="30" />
      </DesignTime>
   </ViewAttribute>
   <ViewAttribute
      Name="D"
      IsUpdateable="false"
      IsPersistent="false"
      Type="oracle.jbo.domain.Date"
      ColumnType="DATE"
      AliasName="D"
      Expression="D"
      SQLType="DATE" >
      <DesignTime>
         <Attr Name="_DisplaySize" Value="7" />
      </DesignTime>
   </ViewAttribute>
   <ViewAttribute
      Name="N"
      IsUpdateable="false"
      IsPersistent="false"
      Type="oracle.jbo.domain.Number"
      ColumnType="NUMBER"
      AliasName="N"
      Expression="N"
      SQLType="NUMERIC" >
      <DesignTime>
         <Attr Name="_DisplaySize" Value="22" />
      </DesignTime>
   </ViewAttribute>
</ViewObject>
