<?xml version='1.0' encoding='UTF-8' ?>
<!DOCTYPE ViewObject SYSTEM "jbo_03_01.dtd">

<ViewObject
   Name="Employees"
   BindingStyle="Oracle"
   CustomQuery="true"
   ComponentClass="demo.EmployeesImpl"
   FetchMode="FETCH_AS_NEEDED"
   UseGlueCode="false" >
   <SQLQuery><![CDATA[
select empno, ename from emp order by sal
   ]]></SQLQuery>
   <DesignTime>
      <Attr Name="_isExpertMode" Value="true" />
      <Attr Name="_version" Value="10.1.3.40.66" />
      <Attr Name="_codeGenFlag2" Value="Access|Coll" />
   </DesignTime>
   <ViewAttribute
      Name="Empno"
      IsPersistent="false"
      IsNotNull="true"
      Precision="4"
      Scale="0"
      Type="oracle.jbo.domain.Number"
      ColumnType="NUMBER"
      AliasName="EMPNO"
      Expression="EMPNO"
      SQLType="NUMERIC" >
      <DesignTime>
         <Attr Name="_DisplaySize" Value="22" />
      </DesignTime>
   </ViewAttribute>
   <ViewAttribute
      Name="Ename"
      IsPersistent="false"
      Precision="10"
      Type="java.lang.String"
      ColumnType="VARCHAR2"
      AliasName="ENAME"
      Expression="ENAME"
      SQLType="VARCHAR" >
      <DesignTime>
         <Attr Name="_DisplaySize" Value="10" />
      </DesignTime>
   </ViewAttribute>
</ViewObject>
