<?xml version="1.0" encoding="UTF-8" ?>
<pageDefinition xmlns="http://xmlns.oracle.com/adfm/uimodel"
                version="10.1.3.36.73" id="Panel1PageDef"
                Package="swingview.pageDefs">
  <parameters/>
  <executables>
    <iterator id="MasterViewIterator" RangeSize="10" Binds="MasterView"
              DataControl="TestModuleDataControl"/>
  </executables>
  <bindings>
    <tree id="MasterView" IterBinding="MasterViewIterator"
          xmlns="http://xmlns.oracle.com/adfm/jcuimodel">
      <AttrNames xmlns="http://xmlns.oracle.com/adfm/uimodel">
        <Item Value="Description"/>
        <Item Value="ListType"/>
      </AttrNames>
      <nodeDefinition xmlns="http://xmlns.oracle.com/adfm/uimodel"
                      id="MasterViewNode" DefName="test.model.MasterView"
                      DTViewInstanceName="TestModuleDataControl.MasterView">
        <AttrNames>
          <Item Value="Description"/>
        </AttrNames>
        <Accessors>
          <Item Value="ListOfValues"/>
        </Accessors>
      </nodeDefinition>
      <nodeDefinition xmlns="http://xmlns.oracle.com/adfm/uimodel"
                      DefName="test.model.ListBasedOnTableFunction"
                      id="ListBasedOnTableFunctionNode">
        <AttrNames>
          <Item Value="Description"/>
        </AttrNames>
      </nodeDefinition>
    </tree>
  </bindings>
</pageDefinition>
