<?xml version="1.0" encoding="windows-1252" ?>
<adfc-config xmlns="http://xmlns.oracle.com/adf/controller" version="1.2">
  <managed-bean id="__1">
    <managed-bean-name id="__4">uiManager</managed-bean-name>
    <managed-bean-class id="__2">oracle.demo.view.UIManager</managed-bean-class>
    <managed-bean-scope id="__3">session</managed-bean-scope>
  </managed-bean>
  <managed-bean id="__5">
    <managed-bean-name id="__7">homePageHandler</managed-bean-name>
    <managed-bean-class id="__6">oracle.demo.view.HomePageHandler</managed-bean-class>
    <managed-bean-scope id="__8">request</managed-bean-scope>
    <managed-property id="__9">
      <property-name id="__10">uiManager</property-name>
      <property-class>oracle.demo.view.UIManager</property-class>
      <value id="__11">#{uiManager}</value>
    </managed-property>
  </managed-bean>
</adfc-config>
