<?xml version="1.0" encoding="UTF-8" ?>
<JavaBean xmlns="http://xmlns.oracle.com/adfm/beanmodel" version="11.1.2.64.36" id="result"
          Package="oracle.adfinsider.localdb.mobile.HR_WS.getCountry"
          BeanClass="oracle.adfinsider.localdb.mobile.HR_WS.getCountry.result" isJavaBased="false">
  <Attribute Name="CountryId" IsUpdateable="0" IsNotNull="false" Type="java.lang.String">
    <Properties>
      <CustomProperties>
        <Property Name="PrimaryKey" Value="false"/>
      </CustomProperties>
    </Properties>
  </Attribute>
  <Attribute Name="CountryName" IsUpdateable="0" IsNotNull="false" Type="java.lang.String">
    <Properties>
      <CustomProperties>
        <Property Name="PrimaryKey" Value="false"/>
      </CustomProperties>
    </Properties>
  </Attribute>
  <Attribute Name="RegionId" IsUpdateable="0" IsNotNull="false" Type="java.math.BigDecimal">
    <Properties>
      <CustomProperties>
        <Property Name="PrimaryKey" Value="false"/>
      </CustomProperties>
    </Properties>
  </Attribute>
</JavaBean>
