<?xml version='1.0' encoding='windows-1252' ?>
<!DOCTYPE ViewObject SYSTEM "jbo_03_01.dtd">

<ViewObject
   Name="MetaObjectQuery"
   BindingStyle="Oracle"
   CustomQuery="true"
   ComponentClass="system.meta.MetaObjectQueryImpl"
   MsgBundleClass="oracle.jbo.common.JboResourceBundle"
   UseGlueCode="false" >
   <SQLQuery><![CDATA[
select sysdate as current_date from dual
   ]]></SQLQuery>
   <DesignTime>
      <Attr Name="_version" Value="10.1.2.17.96" />
      <Attr Name="_codeGenFlag2" Value="Access|Coll" />
      <Attr Name="_isExpertMode" Value="true" />
   </DesignTime>
   <ViewAttribute
      Name="CurrentDate"
      IsPersistent="false"
      PrecisionRule="true"
      Type="oracle.jbo.domain.Date"
      ColumnType="DATE"
      AliasName="CURRENT_DATE"
      Expression="CURRENT_DATE"
      SQLType="DATE" >
      <DesignTime>
         <Attr Name="_DisplaySize" Value="7" />
      </DesignTime>
   </ViewAttribute>
</ViewObject>
