<?xml version = '1.0' encoding = 'windows-1252' standalone = 'yes'?>
<jazn-data xmlns:xsi="http://www.w3.org/2001/XMLSchema-instance" xsi:noNamespaceSchemaLocation="http://xmlns.oracle.com/oracleas/schema/jazn-data-10_0.xsd" filepath="" OC4J_INSTANCE_ID="">
  <jazn-realm>
    <realm>
      <name>jazn.com</name>
      <users>
        <user>
          <name>DataBase_User_n4mYk1tzSLOxH09eUrNgHNi_XZHXNJLm</name>
          <credentials>{903}n4mYk1tzSLOxH09eUrNgHNi/XZHXNJLm</credentials>
        </user>
        <user>
          <name>DataBase_User_5kcjR7oEx_R8Lr-Uypsqq1eQrd9_Hqe1</name>
          <credentials>{903}5kcjR7oEx/R8Lr+Uypsqq1eQrd9/Hqe1</credentials>
        </user>
        <user>
          <name>DataBase_User_r06jIsBfFk4wUDJVD2H5uYVpRNVI2z_qhhpOmuhdutY=</name>
          <credentials>{903}r06jIsBfFk4wUDJVD2H5uYVpRNVI2z/qhhpOmuhdutY=</credentials>
        </user>
        <user>
          <name>DataBase_User_bEb-1BySRxIxEXUXABy7egab0_ReX7NZH32VrjHDh2Q=</name>
          <credentials>{903}bEb+1BySRxIxEXUXABy7egab0/ReX7NZH32VrjHDh2Q=</credentials>
        </user>
        <user>
          <name>DataBase_User_G-U6Ysq8dTQNGIysr6iKuD_XuCsGSaQD</name>
          <credentials>{903}G+U6Ysq8dTQNGIysr6iKuD/XuCsGSaQD</credentials>
        </user>
        <user>
          <name>DataBase_User_ltHNZfP98kcDfx5XfIELMh0xbU1bTIUh</name>
          <credentials>{903}ltHNZfP98kcDfx5XfIELMh0xbU1bTIUh</credentials>
        </user>
        <user>
          <name>DataBase_User_RIozH_cspl_z1IG88l6lKzz7q0z5x4tE</name>
          <credentials>{903}RIozH/cspl/z1IG88l6lKzz7q0z5x4tE</credentials>
        </user>
        <user>
          <name>DataBase_User_7X6zKomsmy1cQoaHCQH5qlj0dBYJd8Q7</name>
          <credentials>{903}7X6zKomsmy1cQoaHCQH5qlj0dBYJd8Q7</credentials>
        </user>
        <user>
          <name>DataBase_User_z8VjbTek8x92ss2Ps57fBzWhBFokuS6_</name>
          <credentials>{903}z8VjbTek8x92ss2Ps57fBzWhBFokuS6/</credentials>
        </user>
        <user>
          <name>DataBase_User_9TcEOn-a6BFyo6TUmKIHA3Bow4PUhwuI</name>
          <credentials>{903}9TcEOn+a6BFyo6TUmKIHA3Bow4PUhwuI</credentials>
        </user>
        <user>
          <name>DataBase_User_lcpbyXJUuZuQV2vTExOwXqaMaouzNult</name>
          <credentials>{903}lcpbyXJUuZuQV2vTExOwXqaMaouzNult</credentials>
        </user>
        <user>
          <name>DataBase_User_S60W2rwsNWdlM7EL8_aciA0iqm7kclhr</name>
          <credentials>{903}S60W2rwsNWdlM7EL8/aciA0iqm7kclhr</credentials>
        </user>
        <user>
          <name>DataBase_User_3LAsZMzngE-zdh7IUB5FB5YFF95up-YU</name>
          <credentials>{903}3LAsZMzngE+zdh7IUB5FB5YFF95up+YU</credentials>
        </user>
        <user>
          <name>DataBase_User_OaJcIrUgkjApdiHHC77U35Ji9wnvLDaa</name>
          <credentials>{903}OaJcIrUgkjApdiHHC77U35Ji9wnvLDaa</credentials>
        </user>
        <user>
          <name>DataBase_User_2Ajm5zUBskbTfckJtZr4RhjgwLiuXYKl</name>
          <credentials>{903}2Ajm5zUBskbTfckJtZr4RhjgwLiuXYKl</credentials>
        </user>
        <user>
          <name>DataBase_User_io-X0RJTOgtmM-C39BgzfvlCmeO_JRBE</name>
          <credentials>{903}io+X0RJTOgtmM+C39BgzfvlCmeO/JRBE</credentials>
        </user>
        <user>
          <name>DataBase_User_iNdoZ9O5iyERJEKVLvV0Qame5wGEj0bm</name>
          <credentials>{903}iNdoZ9O5iyERJEKVLvV0Qame5wGEj0bm</credentials>
        </user>
        <user>
          <name>DataBase_User_mHx1ojbcdGAROd_a0pbasqIR1tKx6fWF</name>
          <credentials>{903}mHx1ojbcdGAROd/a0pbasqIR1tKx6fWF</credentials>
        </user>
      </users>
      <roles/>
    </realm>
  </jazn-realm>
</jazn-data>
