<?xml version='1.0' encoding='windows-1252' ?>
<!DOCTYPE ViewObject SYSTEM "jbo_03_01.dtd">

<ViewObject
   Name="EmpView"
   SelectList="Emp.EMPNO, 
       Emp.ENAME, 
       Emp.JOB, 
       Emp.MGR, 
       Emp.HIREDATE, 
       Emp.SAL, 
       Emp.COMM, 
       Emp.DEPTNO, 
       Dept.DNAME, 
       Dept.LOC, 
       Dept.DEPTNO AS DEPTNO1"
   FromList="EMP Emp, DEPT Dept"
   Where="Emp.DEPTNO = Dept.DEPTNO"
   BindingStyle="OracleName"
   CustomQuery="false"
   ComponentClass="example.model.EmpViewImpl"
   UseGlueCode="false" >
   <DesignTime>
      <Attr Name="_version" Value="10.1.3.36.73" />
      <Attr Name="_codeGenFlag2" Value="Access|Coll|VarAccess" />
   </DesignTime>
   <EntityUsage
      Name="Emp"
      Entity="example.model.Emp" >
      <DesignTime>
         <Attr Name="_queryClause" Value="false" />
      </DesignTime>
   </EntityUsage>
   <EntityUsage
      Name="Dept"
      Entity="example.model.Dept"
      Association="example.model.WorksInDeptAssoc"
      AssociationEnd="example.model.WorksInDeptAssoc.Dept"
      SourceUsage="example.model.EmpView.Emp"
      ReadOnly="true"
      Reference="true" >
      <DesignTime>
         <Attr Name="_queryClause" Value="false" />
         <AttrArray Name="_dstAttributes">
            <Item Value="example.model.Dept.Deptno" />
         </AttrArray>
         <AttrArray Name="_srcAttributes">
            <Item Value="example.model.Emp.Deptno" />
         </AttrArray>
      </DesignTime>
   </EntityUsage>
   <ViewAttribute
      Name="Empno"
      IsNotNull="true"
      EntityAttrName="Empno"
      EntityUsage="Emp"
      AliasName="EMPNO" >
   </ViewAttribute>
   <ViewAttribute
      Name="Ename"
      EntityAttrName="Ename"
      EntityUsage="Emp"
      AliasName="ENAME" >
   </ViewAttribute>
   <ViewAttribute
      Name="Job"
      EntityAttrName="Job"
      EntityUsage="Emp"
      AliasName="JOB" >
   </ViewAttribute>
   <ViewAttribute
      Name="Mgr"
      EntityAttrName="Mgr"
      EntityUsage="Emp"
      AliasName="MGR" >
   </ViewAttribute>
   <ViewAttribute
      Name="Hiredate"
      EntityAttrName="Hiredate"
      EntityUsage="Emp"
      AliasName="HIREDATE" >
   </ViewAttribute>
   <ViewAttribute
      Name="Sal"
      EntityAttrName="Sal"
      EntityUsage="Emp"
      AliasName="SAL" >
   </ViewAttribute>
   <ViewAttribute
      Name="Comm"
      EntityAttrName="Comm"
      EntityUsage="Emp"
      AliasName="COMM" >
   </ViewAttribute>
   <ViewAttribute
      Name="Deptno"
      EntityAttrName="Deptno"
      EntityUsage="Emp"
      AliasName="DEPTNO" >
   </ViewAttribute>
   <ViewAttribute
      Name="Dname"
      EntityAttrName="Dname"
      EntityUsage="Dept"
      AliasName="DNAME" >
   </ViewAttribute>
   <ViewAttribute
      Name="Loc"
      EntityAttrName="Loc"
      EntityUsage="Dept"
      AliasName="LOC" >
   </ViewAttribute>
   <ViewAttribute
      Name="Deptno1"
      IsUpdateable="false"
      IsNotNull="true"
      EntityAttrName="Deptno"
      EntityUsage="Dept"
      AliasName="DEPTNO1" >
   </ViewAttribute>
   <AttrArray Name="KeyAttributes">
      <Item Value="Empno" />
   </AttrArray>
</ViewObject>
