<?xml version="1.0" encoding="UTF-8" standalone='yes'?>
<jazn-data
  xmlns:xsi="http://www.w3.org/2001/XMLSchema-instance"
  xsi:noNamespaceSchemaLocation="http://xmlns.oracle.com/oracleas/schema/jazn-data-10_0.xsd"
  schema-major-version="10"
  schema-minor-version="0"
>
<!-- JAZN Realm Data -->
<jazn-realm>
	<realm>
		<name>jazn.com</name>
		<users>
			<user>
				<name>anonymous#scott</name>
				<guid>AF42F281526F11DCBF933B659D21C861</guid>
				<credentials>{903}rgY35w+u2Qp9ZiX1BenDaXCDH73MS60+tutQ/G9dKVZGLQrie+H+SeJCQP3Ifi68ub/oC0jWig41
Dk/BGiiA2OCJUGeubT1FYMIPR/LNOD8x6wu64Iz1NeWLamMGPyFPaBGvYpla6ag+7n3GLKb59c+R
9OTqPHYCq1ZmZHhSzOvrCAzGAepa23HxuNhSJVfPUSQme+dNuaGPpZwt51eFn3agjUwalsFr8LST
tWoy4DQ8VgO4mmdh37P9vbyhdRy/ptSVDwb7/kW8CQm4eU+yQK+7XhFwkXUTv9YSXVhOaMjeFIUt
F8QrbNLdi+NnK3vTnVhiDBhbnV0nwLqrRXhUDUWsrjOwgWB9aFVxX2+99wo4t+iz2j3lYvG1uEPs
nFKF/iCBALze6PmyTioJj+wnC2I/pDwIENosvQyfqPvgC03Ey9NlvoMdKF8/oj407/Np/EKZNVBR
M+pQou2uMLNtkJsiSLd8RGFBPrqnStfluiPYJeFLG4SI8pTJ2hbq58QcKulEWcNsfQb3vm0wNMwC
RYUqbW4o2OYtpgC298DwBa1MMcxq0uCY8r8M/zG9+rY2</credentials>
			</user>
		</users>
		<roles>
		</roles>
	</realm>
</jazn-realm>
<!-- JACC Repository Data -->
<jacc-repository>
</jacc-repository>
<jazn-permission-classes>
</jazn-permission-classes>
</jazn-data>
