<?xml version = '1.0' encoding = 'UTF-8'?>
<References xmlns="http://xmlns.oracle.com/adf/jndi">
   <Reference name="LocalHudson" className="oracle.adf.model.connection.url.HttpURLConnection" xmlns="">
      <Factory className="oracle.adf.model.connection.url.URLConnectionFactory"/>
      <RefAddresses>
         <XmlRefAddr addrType="LocalHudson">
            <Contents>
               <urlconnection name="LocalHudson" url="http://ci.hudson-ci.org"/>
            </Contents>
         </XmlRefAddr>
      </RefAddresses>
   </Reference>
</References>