<?xml version="1.0" encoding="windows-1252" ?>
<!DOCTYPE Association SYSTEM "jbo_03_01.dtd">
<!---->
<Association
  xmlns="http://xmlns.oracle.com/bc4j"
  Name="EmpJobFkAssoc"
  Version="11.1.1.59.23">
  <DesignTime>
    <Attr Name="_isCodegen" Value="true"/>
  </DesignTime>
  <AssociationEnd
    Name="Jobs"
    Cardinality="1"
    Source="true"
    Owner="davelaar.demo.model.entities.Jobs">
    <DesignTime>
      <Attr Name="_aggregation" Value="0"/>
      <Attr Name="_finderName" Value="Jobs"/>
      <Attr Name="_foreignKey"
        Value="davelaar.demo.model.entities.Jobs.JobIdPk"/>
      <Attr Name="_isUpdateable" Value="true"/>
      <Attr Name="_minCardinality" Value="1"/>
    </DesignTime>
    <AttrArray Name="Attributes">
      <Item Value="davelaar.demo.model.entities.Jobs.JobId"/>
    </AttrArray>
  </AssociationEnd>
  <AssociationEnd
    Name="Employees"
    Cardinality="-1"
    Owner="davelaar.demo.model.entities.Employees">
    <DesignTime>
      <Attr Name="_aggregation" Value="0"/>
      <Attr Name="_finderName" Value="Employees"/>
      <Attr Name="_foreignKey"
        Value="davelaar.demo.model.entities.Employees.EmpJobFk"/>
      <Attr Name="_isUpdateable" Value="true"/>
    </DesignTime>
    <AttrArray Name="Attributes">
      <Item Value="davelaar.demo.model.entities.Employees.JobId"/>
    </AttrArray>
  </AssociationEnd>
</Association>
