<?xml version='1.0' encoding='windows-1252' ?>
<!DOCTYPE ViewLink SYSTEM "jbo_03_01.dtd">

<ViewLink
   Name="EmpDetail1ToEmpDetailDetail7" >
   <DesignTime>
      <Attr Name="_isCodegen" Value="true" />
      <Attr Name="_version" Value="10.1.3.36.73" />
   </DesignTime>
   <ViewLinkDefEnd
      Name="EmpDetail1"
      Cardinality="1"
      Owner="demo.model.queries.EmpDetail1"
      Source="true" >
      <AttrArray Name="Attributes">
         <Item Value="demo.model.queries.EmpDetail1.Empno" />
         <Item Value="demo.model.queries.EmpDetail1.Id" />
      </AttrArray>
      <DesignTime>
         <Attr Name="_finderName" Value="EmpDetail1" />
         <Attr Name="_isUpdateable" Value="true" />
      </DesignTime>
   </ViewLinkDefEnd>
   <ViewLinkDefEnd
      Name="EmpDetailDetail7"
      Cardinality="-1"
      Owner="demo.model.queries.EmpDetailDetail7" >
      <AttrArray Name="Attributes">
         <Item Value="demo.model.queries.EmpDetailDetail7.Empno" />
         <Item Value="demo.model.queries.EmpDetailDetail7.Id" />
      </AttrArray>
      <DesignTime>
         <Attr Name="_finderName" Value="EmpDetailDetail7" />
         <Attr Name="_accessor" Value="true" />
         <Attr Name="_isUpdateable" Value="true" />
      </DesignTime>
   </ViewLinkDefEnd>
</ViewLink>
