<?xml version='1.0' encoding='windows-1252' ?>
<!DOCTYPE ViewLink SYSTEM "jbo_03_01.dtd">

<ViewLink
   Name="EmpToDetail1" >
   <DesignTime>
      <Attr Name="_isCodegen" Value="true" />
      <Attr Name="_version" Value="10.1.3.36.73" />
   </DesignTime>
   <ViewLinkDefEnd
      Name="CurrentEmployee"
      Cardinality="1"
      Owner="demo.model.queries.CurrentEmployee"
      Source="true" >
      <AttrArray Name="Attributes">
         <Item Value="demo.model.queries.CurrentEmployee.Empno" />
      </AttrArray>
      <DesignTime>
         <Attr Name="_finderName" Value="CurrentEmployee" />
         <Attr Name="_isUpdateable" Value="true" />
      </DesignTime>
   </ViewLinkDefEnd>
   <ViewLinkDefEnd
      Name="Details1"
      Cardinality="-1"
      Owner="demo.model.queries.EmpDetail1" >
      <AttrArray Name="Attributes">
         <Item Value="demo.model.queries.EmpDetail1.Empno" />
      </AttrArray>
      <DesignTime>
         <Attr Name="_finderName" Value="Details1" />
         <Attr Name="_accessor" Value="true" />
         <Attr Name="_isUpdateable" Value="true" />
      </DesignTime>
   </ViewLinkDefEnd>
</ViewLink>
