<?xml version='1.0' encoding='windows-1252' ?>
<!DOCTYPE AppModule SYSTEM "jbo_03_01.dtd">

<AppModule
   xmlns="http://xmlns.oracle.com/bc4j"
   Name="AppModule"
   Version="11.1.1.50.92"
   ComponentClass="oramag.model.AppModuleImpl" >
   <DesignTime>
      <Attr Name="_deployType" Value="0" />
      <Attr Name="_isCodegen" Value="true" />
   </DesignTime>
   <ViewUsage
      Name="Departments"
      ViewObjectName="oramag.model.DeptView" >
   </ViewUsage>
   <ViewUsage
      Name="Employees"
      ViewObjectName="oramag.model.EmpView" >
   </ViewUsage>
   <ViewLinkUsage
      Name="WorksInDeptLink1"
      Version="11.1.1.50.92"
      ViewLinkObjectName="oramag.model.WorksInDeptLink"
      SrcViewUsageName="oramag.model.AppModule.Departments"
      DstViewUsageName="oramag.model.AppModule.Employees" >
      <DesignTime>
         <Attr Name="_isCodegen" Value="true" />
      </DesignTime>
   </ViewLinkUsage>
</AppModule>
