<?xml version='1.0' encoding='windows-1252' ?>
<!DOCTYPE ViewObject SYSTEM "jbo_03_01.dtd">

<ViewObject
   xmlns="http://xmlns.oracle.com/bc4j"
   Name="DeptView"
   Version="11.1.1.50.92"
   SelectList="Dept.DEPTNO, 
       Dept.DNAME, 
       Dept.LOC"
   FromList="DEPT Dept"
   BindingStyle="OracleName"
   CustomQuery="false"
   ComponentClass="oramag.model.DeptViewImpl"
   ComponentInterface="oramag.model.common.DeptView"
   ClientProxyName="oramag.model.client.DeptViewClient"
   FetchMode="FETCH_AS_NEEDED"
   PageIterMode="Partial"
   UseGlueCode="false" >
   <DesignTime>
      <Attr Name="_codeGenFlag2" Value="Access|Coll|VarAccess" />
   </DesignTime>
   <EntityUsage
      Name="Dept"
      Entity="oramag.model.Dept"
      JoinType="INNER JOIN" >
   </EntityUsage>
   <ViewAttribute
      Name="Deptno"
      IsNotNull="true"
      EntityAttrName="Deptno"
      EntityUsage="Dept"
      AliasName="DEPTNO" >
   </ViewAttribute>
   <ViewAttribute
      Name="Dname"
      EntityAttrName="Dname"
      EntityUsage="Dept"
      AliasName="DNAME" >
   </ViewAttribute>
   <ViewAttribute
      Name="Loc"
      EntityAttrName="Loc"
      EntityUsage="Dept"
      AliasName="LOC" >
   </ViewAttribute>
   <ViewLinkAccessor
      Name="EmpView"
      ViewLink="oramag.model.WorksInDeptLink"
      Type="oracle.jbo.RowIterator"
      IsUpdateable="false" >
   </ViewLinkAccessor>
   <ClientInterface >
      <Method
         Name="setLowHighSalaryRangeForDetailEmployeesAccessorViewObject" >
         <Return
            Type="void" >
         </Return>
         <Parameter
            Name="lowSalary"
            Type="oracle.jbo.domain.Number" >
         </Parameter>
         <Parameter
            Name="highSalary"
            Type="oracle.jbo.domain.Number" >
         </Parameter>
      </Method>
   </ClientInterface>
</ViewObject>
