<?xml version='1.0' encoding='windows-1252' ?>
<!DOCTYPE Entity SYSTEM "jbo_03_01.dtd">

<Entity
   xmlns="http://xmlns.oracle.com/bc4j"
   Name="Emp"
   Version="11.1.1.50.92"
   DBObjectType="table"
   DBObjectName="EMP"
   AliasName="Emp"
   BindingStyle="OracleName"
   UseGlueCode="false"
   RowClass="oramag.model.EmpImpl" >
   <DesignTime>
      <Attr Name="_codeGenFlag2" Value="Access" />
      <AttrArray Name="_publishEvents">
      </AttrArray>
      <Attr Name="_isCodegen" Value="true" />
   </DesignTime>
   <Attribute
      Name="Empno"
      IsNotNull="true"
      Precision="4"
      Scale="0"
      ColumnName="EMPNO"
      Type="oracle.jbo.domain.Number"
      ColumnType="NUMBER"
      SQLType="NUMERIC"
      TableName="EMP"
      PrimaryKey="true" >
      <DesignTime>
         <Attr Name="_DisplaySize" Value="22" />
      </DesignTime>
   </Attribute>
   <Attribute
      Name="Ename"
      Precision="10"
      ColumnName="ENAME"
      Type="java.lang.String"
      ColumnType="VARCHAR2"
      SQLType="VARCHAR"
      TableName="EMP" >
      <DesignTime>
         <Attr Name="_DisplaySize" Value="10" />
      </DesignTime>
   </Attribute>
   <Attribute
      Name="Job"
      Precision="9"
      ColumnName="JOB"
      Type="java.lang.String"
      ColumnType="VARCHAR2"
      SQLType="VARCHAR"
      TableName="EMP" >
      <DesignTime>
         <Attr Name="_DisplaySize" Value="9" />
      </DesignTime>
   </Attribute>
   <Attribute
      Name="Mgr"
      Precision="4"
      Scale="0"
      ColumnName="MGR"
      Type="oracle.jbo.domain.Number"
      ColumnType="NUMBER"
      SQLType="NUMERIC"
      TableName="EMP" >
      <DesignTime>
         <Attr Name="_DisplaySize" Value="22" />
      </DesignTime>
   </Attribute>
   <Attribute
      Name="Hiredate"
      ColumnName="HIREDATE"
      Type="oracle.jbo.domain.Date"
      ColumnType="DATE"
      SQLType="DATE"
      TableName="EMP" >
      <DesignTime>
         <Attr Name="_DisplaySize" Value="7" />
      </DesignTime>
   </Attribute>
   <Attribute
      Name="Sal"
      Precision="7"
      Scale="2"
      ColumnName="SAL"
      Type="oracle.jbo.domain.Number"
      ColumnType="NUMBER"
      SQLType="NUMERIC"
      TableName="EMP" >
      <DesignTime>
         <Attr Name="_DisplaySize" Value="22" />
      </DesignTime>
   </Attribute>
   <Attribute
      Name="Comm"
      Precision="7"
      Scale="2"
      ColumnName="COMM"
      Type="oracle.jbo.domain.Number"
      ColumnType="NUMBER"
      SQLType="NUMERIC"
      TableName="EMP" >
      <DesignTime>
         <Attr Name="_DisplaySize" Value="22" />
      </DesignTime>
   </Attribute>
   <Attribute
      Name="Deptno"
      Precision="2"
      Scale="0"
      ColumnName="DEPTNO"
      Type="oracle.jbo.domain.Number"
      ColumnType="NUMBER"
      SQLType="NUMERIC"
      TableName="EMP" >
      <DesignTime>
         <Attr Name="_DisplaySize" Value="22" />
      </DesignTime>
   </Attribute>
   <AccessorAttribute
      Name="Dept"
      Association="oramag.model.WorksInDeptAssoc"
      AssociationEnd="oramag.model.WorksInDeptAssoc.Dept"
      AssociationOtherEnd="oramag.model.WorksInDeptAssoc.Emp"
      Type="oramag.model.DeptImpl" >
   </AccessorAttribute>
   <Key
      Name="EmployeePk"
      PrimaryKey="true" >
      <AttrArray Name="Attributes">
         <Item Value="oramag.model.Emp.Empno" />
      </AttrArray>
      <DesignTime>
         <Attr Name="_DBObjectName" Value="EMPLOYEE_PK" />
      </DesignTime>
   </Key>
   <Key
      Name="SysC008760" >
      <AttrArray Name="Attributes">
         <Item Value="oramag.model.Emp.Empno" />
      </AttrArray>
      <DesignTime>
         <Attr Name="_DBObjectName" Value="SYS_C008760" />
         <Attr Name="_checkCondition" Value="&#34;EMPNO&#34; IS NOT NULL" />
         <Attr Name="_isCheck" Value="true" />
      </DesignTime>
   </Key>
   <Key
      Name="WorksInDept" >
      <AttrArray Name="Attributes">
         <Item Value="oramag.model.Emp.Deptno" />
      </AttrArray>
      <DesignTime>
         <Attr Name="_referencedKey" Value="DEPT_PK" />
         <Attr Name="_isForeign" Value="true" />
         <Attr Name="_DBObjectName" Value="WORKS_IN_DEPT" />
      </DesignTime>
   </Key>
</Entity>
