<?xml version='1.0' encoding='windows-1252' ?>
<!DOCTYPE ViewObject SYSTEM "jbo_03_01.dtd">

<ViewObject
   xmlns="http://xmlns.oracle.com/bc4j"
   Name="EmpView"
   Version="11.1.1.50.92"
   SelectList="Emp.EMPNO, 
       Emp.ENAME, 
       Emp.JOB, 
       Emp.MGR, 
       Emp.HIREDATE, 
       Emp.SAL, 
       Emp.COMM, 
       Emp.DEPTNO"
   FromList="EMP Emp"
   Where="SAL BETWEEN :LowSalary and :HighSalary"
   BindingStyle="OracleName"
   CustomQuery="false"
   ComponentClass="oramag.model.EmpViewImpl"
   FetchMode="FETCH_AS_NEEDED"
   PageIterMode="Partial"
   UseGlueCode="false" >
   <DesignTime>
      <Attr Name="_codeGenFlag2" Value="Access|Coll|VarAccess" />
   </DesignTime>
   <Variable
      Name="LowSalary"
      Kind="where"
      Type="oracle.jbo.domain.Number"
      DefaultValue="0" >
   </Variable>
   <Variable
      Name="HighSalary"
      Kind="where"
      Type="oracle.jbo.domain.Number"
      DefaultValue="10000" >
   </Variable>
   <EntityUsage
      Name="Emp"
      Entity="oramag.model.Emp"
      JoinType="INNER JOIN" >
   </EntityUsage>
   <ViewAttribute
      Name="Empno"
      IsNotNull="true"
      EntityAttrName="Empno"
      EntityUsage="Emp"
      AliasName="EMPNO" >
   </ViewAttribute>
   <ViewAttribute
      Name="Ename"
      EntityAttrName="Ename"
      EntityUsage="Emp"
      AliasName="ENAME" >
   </ViewAttribute>
   <ViewAttribute
      Name="Job"
      EntityAttrName="Job"
      EntityUsage="Emp"
      AliasName="JOB" >
   </ViewAttribute>
   <ViewAttribute
      Name="Mgr"
      EntityAttrName="Mgr"
      EntityUsage="Emp"
      AliasName="MGR" >
   </ViewAttribute>
   <ViewAttribute
      Name="Hiredate"
      EntityAttrName="Hiredate"
      EntityUsage="Emp"
      AliasName="HIREDATE" >
   </ViewAttribute>
   <ViewAttribute
      Name="Sal"
      EntityAttrName="Sal"
      EntityUsage="Emp"
      AliasName="SAL" >
   </ViewAttribute>
   <ViewAttribute
      Name="Comm"
      EntityAttrName="Comm"
      EntityUsage="Emp"
      AliasName="COMM" >
   </ViewAttribute>
   <ViewAttribute
      Name="Deptno"
      EntityAttrName="Deptno"
      EntityUsage="Emp"
      AliasName="DEPTNO" >
   </ViewAttribute>
</ViewObject>
