<?xml version='1.0' encoding='windows-1252' ?>
<!DOCTYPE ViewLink SYSTEM "jbo_03_01.dtd">

<ViewLink
   xmlns="http://xmlns.oracle.com/bc4j"
   Name="WorksInDeptLink"
   Version="11.1.1.50.92"
   EntityAssociation="oramag.model.WorksInDeptAssoc" >
   <DesignTime>
      <Attr Name="_isCodegen" Value="true" />
   </DesignTime>
   <ViewLinkDefEnd
      Name="DeptView1"
      Cardinality="1"
      Owner="oramag.model.DeptView"
      Source="true" >
      <AttrArray Name="Attributes">
         <Item Value="oramag.model.DeptView.Deptno" />
      </AttrArray>
      <DesignTime>
         <Attr Name="_finderName" Value="DeptView1" />
         <Attr Name="_isUpdateable" Value="true" />
      </DesignTime>
   </ViewLinkDefEnd>
   <ViewLinkDefEnd
      Name="EmpView"
      Cardinality="-1"
      Owner="oramag.model.EmpView" >
      <AttrArray Name="Attributes">
         <Item Value="oramag.model.EmpView.Deptno" />
      </AttrArray>
      <DesignTime>
         <Attr Name="_finderName" Value="EmpView" />
         <Attr Name="_isUpdateable" Value="true" />
      </DesignTime>
   </ViewLinkDefEnd>
</ViewLink>
