<?xml version='1.0' encoding='windows-1252' ?>
<!DOCTYPE AppModule SYSTEM "jbo_03_01.dtd">

<AppModule
   Name="MetadataModule"
   ComponentClass="model.MetadataModuleImpl" >
   <Properties>
      <Property Name ="ShouldReleaseStateless" Value ="Yes" />
   </Properties>
   <DesignTime>
      <Attr Name="_isCodegen" Value="true" />
      <Attr Name="_version" Value="10.1.2.17.96" />
      <Attr Name="_deployType" Value="0" />
      <Attr Name="_ejbAppModule" Value="false" />
   </DesignTime>
   <ViewUsage
      Name="CurrentDBDate"
      ViewObjectName="model.MetaObjectQuery" >
   </ViewUsage>
</AppModule>
