<?xml version = '1.0' encoding = 'windows-1252' standalone = 'yes'?>
<jazn-data xmlns:xsi="http://www.w3.org/2001/XMLSchema-instance" xsi:noNamespaceSchemaLocation="http://xmlns.oracle.com/oracleas/schema/jazn-data-10_0.xsd" filepath="" OC4J_INSTANCE_ID="">
    <jazn-realm>
        <realm>
            <name>jazn.com</name>
            <users>
                <user>
                    <name>DataBase_User_6KxQiDvsRFwclhmarLRNaEDvGDcu8pkz</name>
                    <credentials>{903}6KxQiDvsRFwclhmarLRNaEDvGDcu8pkz</credentials>
                </user>
                <user>
                    <name>DataBase_User_DFQr9-fvj3g8vZqCn-qE3w8KKyoQtHZO</name>
                    <credentials>{903}DFQr9+fvj3g8vZqCn+qE3w8KKyoQtHZO</credentials>
                </user>
                <user>
                    <name>DataBase_User_Vcj7KxcaUO6jo5TtI5eL-ySJtMLCID0r</name>
                    <credentials>{903}Vcj7KxcaUO6jo5TtI5eL+ySJtMLCID0r</credentials>
                </user>
                <user>
                    <name>DataBase_User_7Ly3x9IOtOPK7Vr-bqF85ol-Vlc-iCap</name>
                    <credentials>{903}7Ly3x9IOtOPK7Vr+bqF85ol+Vlc+iCap</credentials>
                </user>
                <user>
                    <name>DataBase_User_N-Jc-bB4DeEv8cXgQ34kfYE2joNArYlv</name>
                    <credentials>{903}N+Jc+bB4DeEv8cXgQ34kfYE2joNArYlv</credentials>
                </user>
                <user>
                    <name>DataBase_User_9e0XTmHARPqDfwQKKtXBzoLl-F063c43</name>
                    <credentials>{903}9e0XTmHARPqDfwQKKtXBzoLl+F063c43</credentials>
                </user>
                <user>
                    <name>DataBase_User_5kglQZOg_o65nsj7T6i36p0ucRXJSgay</name>
                    <credentials>{903}5kglQZOg/o65nsj7T6i36p0ucRXJSgay</credentials>
                </user>
                <user>
                    <name>DataBase_User_7C8zq6BHgnqIFPwg1OzFN6UfftFtqwJl</name>
                    <credentials>{903}7C8zq6BHgnqIFPwg1OzFN6UfftFtqwJl</credentials>
                </user>
                <user>
                    <name>DataBase_User_epnggITdYCaG1tclNj01IlzHsXLK6jOw</name>
                    <credentials>{903}epnggITdYCaG1tclNj01IlzHsXLK6jOw</credentials>
                </user>
                <user>
                    <name>DataBase_User_2eL3H4IDHjpsOS3A24JwSpiOUOItxVoC</name>
                    <credentials>{903}2eL3H4IDHjpsOS3A24JwSpiOUOItxVoC</credentials>
                </user>
                <user>
                    <name>DataBase_User_WzKt8etc7bbtPgAv-k0CpaoPpUYAhmH-</name>
                    <credentials>{903}WzKt8etc7bbtPgAv+k0CpaoPpUYAhmH+</credentials>
                </user>
                <user>
                    <name>DataBase_User_VjnNnvECSqsydB76Zpx6MSfsUXltOCkW</name>
                    <credentials>{903}VjnNnvECSqsydB76Zpx6MSfsUXltOCkW</credentials>
                </user>
                <user>
                    <name>DataBase_User_dFaJLfwEoFDjPywM8xotnk9eHHp_a0dR</name>
                    <credentials>{903}dFaJLfwEoFDjPywM8xotnk9eHHp/a0dR</credentials>
                </user>
                <user>
                    <name>DataBase_User__a8Cy8FFMjbRCihYCQzSczdKBtZvgSU4</name>
                    <credentials>{903}/a8Cy8FFMjbRCihYCQzSczdKBtZvgSU4</credentials>
                </user>
                <user>
                    <name>DataBase_User_eP9J1E72HEobIjMAuwSnPkBCNakYnXpH</name>
                    <credentials>{903}eP9J1E72HEobIjMAuwSnPkBCNakYnXpH</credentials>
                </user>
                <user>
                    <name>DataBase_User_Eclif-e0H-sVNO_-BBhunbnbZdCy1Pg8</name>
                    <credentials>{903}Eclif+e0H+sVNO/+BBhunbnbZdCy1Pg8</credentials>
                </user>
                <user>
                    <name>DataBase_User_qSqbil_swCoJmcVvzSC6ohCtsWWUNUoY</name>
                    <credentials>{903}qSqbil/swCoJmcVvzSC6ohCtsWWUNUoY</credentials>
                </user>
                <user>
                    <name>DataBase_User_zCv4MdT-a3fkKuwY5YIMzcJ-tL-XJAqv</name>
                    <credentials>{903}zCv4MdT+a3fkKuwY5YIMzcJ+tL+XJAqv</credentials>
                </user>
            </users>
            <roles/>
        </realm>
    </jazn-realm>
</jazn-data>
