<?xml version = '1.0' encoding = 'windows-1252' standalone = 'yes'?>
<!DOCTYPE jazn-data PUBLIC "JAZN-XML Data" "http://xmlns.oracle.com/ias/dtds/jazn-data.dtd">
<jazn-data>
  <jazn-realm>
    <realm>
      <name>jazn.com</name>
      <users>
                <user>
                    <name>DataBase_User_qdF06qGv_aXh-7RGQdyP8m0zswSTZoGM</name>
                    <credentials>{903}qdF06qGv/aXh+7RGQdyP8m0zswSTZoGM</credentials>
                </user>
                <user>
                    <name>DataBase_User_56zD3k9uZvmjl0j26bpsL5hT01g9WQoe</name>
                    <credentials>{903}56zD3k9uZvmjl0j26bpsL5hT01g9WQoe</credentials>
                </user>
                <user>
                    <name>DataBase_User_7DYM8aiJEgOJr0Wl5XlJu0a1W9-HsjmL</name>
                    <credentials>{903}7DYM8aiJEgOJr0Wl5XlJu0a1W9+HsjmL</credentials>
                </user>
                <user>
                    <name>DataBase_User_STOFP3-zwOMc55LcyIzBVmuy2RT-wgss</name>
                    <credentials>{903}STOFP3+zwOMc55LcyIzBVmuy2RT+wgss</credentials>
                </user>
                <user>
                    <name>DataBase_User_HVs_DxPOIWwBG7VvqUq9NQS9rbqMTCPR</name>
                    <credentials>{903}HVs/DxPOIWwBG7VvqUq9NQS9rbqMTCPR</credentials>
                </user>
                <user>
                    <name>DataBase_User_3gti_TvFXfE3HJptgtcnRKFKG5XMthI4</name>
                    <credentials>{903}3gti/TvFXfE3HJptgtcnRKFKG5XMthI4</credentials>
                </user>
                <user>
                    <name>DataBase_User_boiabeGpufCN7q3x4KRvXl4_3leeKp09</name>
                    <credentials>{903}boiabeGpufCN7q3x4KRvXl4/3leeKp09</credentials>
                </user>
                <user>
                    <name>DataBase_User_2F3CNGmKbadplWpK0_oJsqfUcV0Myg2g</name>
                    <credentials>{903}2F3CNGmKbadplWpK0/oJsqfUcV0Myg2g</credentials>
                </user>
                <user>
                    <name>DataBase_User_aVIY5-fe6q_0VFUgLouQSUrHTPc3nAvo</name>
                    <credentials>{903}aVIY5+fe6q/0VFUgLouQSUrHTPc3nAvo</credentials>
                </user>
                <user>
                    <name>DataBase_User_SZeZ4M3qR4ffkUkIxmudHB19ILNHw7m5</name>
                    <credentials>{903}SZeZ4M3qR4ffkUkIxmudHB19ILNHw7m5</credentials>
                </user>
                <user>
                    <name>DataBase_User_Qsg7GoGVf5SvrbMCYIW_a9UchHpeLyWE</name>
                    <credentials>{903}Qsg7GoGVf5SvrbMCYIW/a9UchHpeLyWE</credentials>
                </user>
                <user>
                    <name>DataBase_User_5MW09ERjtKxv6igZ4nk6Q7JTEWa6my0l</name>
                    <credentials>{903}5MW09ERjtKxv6igZ4nk6Q7JTEWa6my0l</credentials>
                </user>
                <user>
                    <name>DataBase_User_GuHPLUEu3I1TNjQ2eq8JuiExZpDKeY_A</name>
                    <credentials>{903}GuHPLUEu3I1TNjQ2eq8JuiExZpDKeY/A</credentials>
                </user>
                <user>
                    <name>DataBase_User_vPvPDbVhyFn2giOVLKanbn-JB4KXaldY</name>
                    <credentials>{903}vPvPDbVhyFn2giOVLKanbn+JB4KXaldY</credentials>
                </user>
                <user>
                    <name>DataBase_User_ztoMaAF_glJjbGlV-qpuf1PKBNy41Vgt</name>
                    <credentials>{903}ztoMaAF/glJjbGlV+qpuf1PKBNy41Vgt</credentials>
                </user>
            </users>
      <roles/>
    </realm>
  </jazn-realm>
</jazn-data>
