<?xml version = '1.0' encoding = 'windows-1252' standalone = 'yes'?>
<jazn-data xmlns:xsi="http://www.w3.org/2001/XMLSchema-instance" xsi:noNamespaceSchemaLocation="http://xmlns.oracle.com/oracleas/schema/jazn-data-10_0.xsd" filepath="" OC4J_INSTANCE_ID="">
  <jazn-realm>
    <realm>
      <name>jazn.com</name>
      <users>
        <user>
          <name>DataBase_User_hWvTRnULxlRgC0RsRQpNuWt35LrjLdP6</name>
          <credentials>{903}hWvTRnULxlRgC0RsRQpNuWt35LrjLdP6</credentials>
        </user>
        <user>
          <name>DataBase_User_j5MUJaPEj-YxnSLbbADnnWH3M8vpBCEk</name>
          <credentials>{903}j5MUJaPEj+YxnSLbbADnnWH3M8vpBCEk</credentials>
        </user>
        <user>
          <name>DataBase_User_7jhLKwISyzoUNF8RV_eaeGHaL_0TEtNf6KaLnSnnS4g=</name>
          <credentials>{903}7jhLKwISyzoUNF8RV/eaeGHaL/0TEtNf6KaLnSnnS4g=</credentials>
        </user>
        <user>
          <name>DataBase_User_6em0HDHShaupzwohBRULp4SbNc6SWYy6oifEzgoped0=</name>
          <credentials>{903}6em0HDHShaupzwohBRULp4SbNc6SWYy6oifEzgoped0=</credentials>
        </user>
        <user>
          <name>DataBase_User_MRmXwwcpzGQhTGWoQMC6UQxTbGYMQuAF</name>
          <credentials>{903}MRmXwwcpzGQhTGWoQMC6UQxTbGYMQuAF</credentials>
        </user>
        <user>
          <name>DataBase_User_zGs1OM6nds7UHXvPTCs3IIspuaBujQGz</name>
          <credentials>{903}zGs1OM6nds7UHXvPTCs3IIspuaBujQGz</credentials>
        </user>
        <user>
          <name>DataBase_User_0Esi-NGPUqS4PUKkOSeKQIRuszSupP9z</name>
          <credentials>{903}0Esi+NGPUqS4PUKkOSeKQIRuszSupP9z</credentials>
        </user>
        <user>
          <name>DataBase_User_eNSCSAZUTpVXEGVAbuBQKnM5r7_JyxXP</name>
          <credentials>{903}eNSCSAZUTpVXEGVAbuBQKnM5r7/JyxXP</credentials>
        </user>
        <user>
          <name>DataBase_User_AthopT3UuVOUUM_5Yohxi3bJTIMgHqTu</name>
          <credentials>{903}AthopT3UuVOUUM/5Yohxi3bJTIMgHqTu</credentials>
        </user>
        <user>
          <name>DataBase_User_SJkCk8OuZS5ZGvpyX6JLIA4-pmTgrEUd</name>
          <credentials>{903}SJkCk8OuZS5ZGvpyX6JLIA4+pmTgrEUd</credentials>
        </user>
        <user>
          <name>DataBase_User_RSKL1HEOGyGhUe-QJWM4vZvzLqSUcjx-</name>
          <credentials>{903}RSKL1HEOGyGhUe+QJWM4vZvzLqSUcjx+</credentials>
        </user>
        <user>
          <name>DataBase_User_MTsIKdl_mDdRIy_o8mA7fRXHqNHl4KVv</name>
          <credentials>{903}MTsIKdl/mDdRIy/o8mA7fRXHqNHl4KVv</credentials>
        </user>
        <user>
          <name>DataBase_User_z-yF4oy_V1DoCqKlYk9xdSmHxb7zxOjt</name>
          <credentials>{903}z+yF4oy/V1DoCqKlYk9xdSmHxb7zxOjt</credentials>
        </user>
        <user>
          <name>DataBase_User_L5CleA4-5eGmK--gWvbBPUFm9oDPg7N0</name>
          <credentials>{903}L5CleA4+5eGmK++gWvbBPUFm9oDPg7N0</credentials>
        </user>
        <user>
          <name>DataBase_User_BmSY9DJvQ8ZzWv9bEWr-a9xIooPE4jmD</name>
          <credentials>{903}BmSY9DJvQ8ZzWv9bEWr+a9xIooPE4jmD</credentials>
        </user>
        <user>
          <name>DataBase_User_cyep1g-Aw7zNFtBniZHwGuCcVM83i2af</name>
          <credentials>{903}cyep1g+Aw7zNFtBniZHwGuCcVM83i2af</credentials>
        </user>
        <user>
          <name>DataBase_User_9xhjnGyxsxUOR9pqWRnJ_PuHZKLzsKtm</name>
          <credentials>{903}9xhjnGyxsxUOR9pqWRnJ/PuHZKLzsKtm</credentials>
        </user>
        <user>
          <name>DataBase_User_lNQ0mX5w4ik7cJb-DH5MrXJPGoo4Dx7j</name>
          <credentials>{903}lNQ0mX5w4ik7cJb+DH5MrXJPGoo4Dx7j</credentials>
        </user>
      </users>
      <roles/>
    </realm>
  </jazn-realm>
</jazn-data>
