<?xml version = '1.0' encoding = 'windows-1252'?>
<data-sources xmlns:xsi="http://www.w3.org/2001/XMLSchema-instance" xsi:schemaLocation="http://xmlns.oracle.com/oracleas/schema http://xmlns.oracle.com/oracleas/schema/data-sources-10_1.xsd" version="10.1" xmlns="http://xmlns.oracle.com/oracleas/schema">
  <connection-pool name="jdev-connection-pool-EBSCore">
    <connection-factory factory-class="oracle.jdbc.pool.OracleDataSource" user="apps" password="->DataBase_User_hWvTRnULxlRgC0RsRQpNuWt35LrjLdP6" url="jdbc:oracle:thin:@pdlnx-perf20.us.oracle.com:1521:VIS"/>
  </connection-pool>
  <managed-data-source name="jdev-connection-managed-EBSCore" jndi-name="jdbc/EBSCoreDS" connection-pool-name="jdev-connection-pool-EBSCore"/>
  <native-data-source name="jdev-connection-native-EBSCore" jndi-name="jdbc/EBSCoreCoreDS" url="jdbc:oracle:thin:@pdlnx-perf20.us.oracle.com:1521:VIS" user="apps" password="->DataBase_User_j5MUJaPEj-YxnSLbbADnnWH3M8vpBCEk" data-source-class="oracle.jdbc.pool.OracleDataSource"/>
  <connection-pool name="jdev-connection-pool-ap664sdb">
    <connection-factory factory-class="oracle.jdbc.pool.OracleDataSource" user="apps" password="->DataBase_User_7jhLKwISyzoUNF8RV_eaeGHaL_0TEtNf6KaLnSnnS4g=" url="jdbc:oracle:thin:@ap664sdb.us.oracle.com:4120:fwk12dev"/>
  </connection-pool>
  <managed-data-source name="jdev-connection-managed-ap664sdb" jndi-name="jdbc/ap664sdbDS" connection-pool-name="jdev-connection-pool-ap664sdb"/>
  <native-data-source name="jdev-connection-native-ap664sdb" jndi-name="jdbc/ap664sdbCoreDS" url="jdbc:oracle:thin:@ap664sdb.us.oracle.com:4120:fwk12dev" user="apps" password="->DataBase_User_6em0HDHShaupzwohBRULp4SbNc6SWYy6oifEzgoped0=" data-source-class="oracle.jdbc.pool.OracleDataSource"/>
  <connection-pool name="jdev-connection-pool-SRDemo">
    <connection-factory factory-class="oracle.jdbc.pool.OracleDataSource" user="srdemo" password="->DataBase_User_MRmXwwcpzGQhTGWoQMC6UQxTbGYMQuAF" url="jdbc:oracle:thin:@localhost:1521:ORCL"/>
  </connection-pool>
  <managed-data-source name="jdev-connection-managed-SRDemo" jndi-name="jdbc/SRDemoDS" connection-pool-name="jdev-connection-pool-SRDemo"/>
  <native-data-source name="jdev-connection-native-SRDemo" jndi-name="jdbc/SRDemoCoreDS" url="jdbc:oracle:thin:@localhost:1521:ORCL" user="srdemo" password="->DataBase_User_zGs1OM6nds7UHXvPTCs3IIspuaBujQGz" data-source-class="oracle.jdbc.pool.OracleDataSource"/>
  <connection-pool name="jdev-connection-pool-staff">
    <connection-factory factory-class="oracle.jdbc.pool.OracleDataSource" user="staff" password="->DataBase_User_0Esi-NGPUqS4PUKkOSeKQIRuszSupP9z" url="jdbc:oracle:thin:@localhost:1521:ORCL"/>
  </connection-pool>
  <managed-data-source name="jdev-connection-managed-staff" jndi-name="jdbc/staffDS" connection-pool-name="jdev-connection-pool-staff"/>
  <native-data-source name="jdev-connection-native-staff" jndi-name="jdbc/staffCoreDS" url="jdbc:oracle:thin:@localhost:1521:ORCL" user="staff" password="->DataBase_User_eNSCSAZUTpVXEGVAbuBQKnM5r7_JyxXP" data-source-class="oracle.jdbc.pool.OracleDataSource"/>
  <connection-pool name="jdev-connection-pool-oe">
    <connection-factory factory-class="oracle.jdbc.pool.OracleDataSource" user="oe" password="->DataBase_User_AthopT3UuVOUUM_5Yohxi3bJTIMgHqTu" url="jdbc:oracle:thin:@localhost:1521:ORCL"/>
  </connection-pool>
  <managed-data-source name="jdev-connection-managed-oe" jndi-name="jdbc/oeDS" connection-pool-name="jdev-connection-pool-oe"/>
  <native-data-source name="jdev-connection-native-oe" jndi-name="jdbc/oeCoreDS" url="jdbc:oracle:thin:@localhost:1521:ORCL" user="oe" password="->DataBase_User_SJkCk8OuZS5ZGvpyX6JLIA4-pmTgrEUd" data-source-class="oracle.jdbc.pool.OracleDataSource"/>
  <connection-pool name="jdev-connection-pool-hr">
    <connection-factory factory-class="oracle.jdbc.pool.OracleDataSource" user="hr" password="->DataBase_User_RSKL1HEOGyGhUe-QJWM4vZvzLqSUcjx-" url="jdbc:oracle:thin:@localhost:1521:ORCL"/>
  </connection-pool>
  <managed-data-source name="jdev-connection-managed-hr" jndi-name="jdbc/hrDS" connection-pool-name="jdev-connection-pool-hr"/>
  <native-data-source name="jdev-connection-native-hr" jndi-name="jdbc/hrCoreDS" url="jdbc:oracle:thin:@localhost:1521:ORCL" user="hr" password="->DataBase_User_MTsIKdl_mDdRIy_o8mA7fRXHqNHl4KVv" data-source-class="oracle.jdbc.pool.OracleDataSource"/>
  <connection-pool name="jdev-connection-pool-bug">
    <connection-factory factory-class="oracle.jdbc.pool.OracleDataSource" user="bug" password="->DataBase_User_z-yF4oy_V1DoCqKlYk9xdSmHxb7zxOjt" url="jdbc:oracle:thin:@localhost:1521:ORCL"/>
  </connection-pool>
  <managed-data-source name="jdev-connection-managed-bug" jndi-name="jdbc/bugDS" connection-pool-name="jdev-connection-pool-bug"/>
  <native-data-source name="jdev-connection-native-bug" jndi-name="jdbc/bugCoreDS" url="jdbc:oracle:thin:@localhost:1521:ORCL" user="bug" password="->DataBase_User_L5CleA4-5eGmK--gWvbBPUFm9oDPg7N0" data-source-class="oracle.jdbc.pool.OracleDataSource"/>
  <connection-pool name="jdev-connection-pool-scott">
    <connection-factory factory-class="oracle.jdbc.pool.OracleDataSource" user="scott" password="->DataBase_User_BmSY9DJvQ8ZzWv9bEWr-a9xIooPE4jmD" url="jdbc:oracle:thin:@localhost:1521:ORCL"/>
  </connection-pool>
  <managed-data-source name="jdev-connection-managed-scott" jndi-name="jdbc/scottDS" connection-pool-name="jdev-connection-pool-scott"/>
  <native-data-source name="jdev-connection-native-scott" jndi-name="jdbc/scottCoreDS" url="jdbc:oracle:thin:@localhost:1521:ORCL" user="scott" password="->DataBase_User_cyep1g-Aw7zNFtBniZHwGuCcVM83i2af" data-source-class="oracle.jdbc.pool.OracleDataSource"/>
  <connection-pool name="jdev-connection-pool-toyota">
    <connection-factory factory-class="oracle.jdbc.pool.OracleDataSource" user="toyota" password="->DataBase_User_9xhjnGyxsxUOR9pqWRnJ_PuHZKLzsKtm" url="jdbc:oracle:thin:@localhost:1521:ORCL"/>
  </connection-pool>
  <managed-data-source name="jdev-connection-managed-toyota" jndi-name="jdbc/toyotaDS" connection-pool-name="jdev-connection-pool-toyota"/>
  <native-data-source name="jdev-connection-native-toyota" jndi-name="jdbc/toyotaCoreDS" url="jdbc:oracle:thin:@localhost:1521:ORCL" user="toyota" password="->DataBase_User_lNQ0mX5w4ik7cJb-DH5MrXJPGoo4Dx7j" data-source-class="oracle.jdbc.pool.OracleDataSource"/>
</data-sources>
