<?xml version="1.0" encoding="windows-1252" ?>
<adfc-config xmlns="http://xmlns.oracle.com/adf/controller" version="1.2">
  <task-flow-definition id="home">
    <template-reference>
      <document>/WEB-INF/tf-fragment-template.xml</document>
      <id>tf-fragment-template</id>
    </template-reference>
    <default-activity>Home</default-activity>
    <view id="Home">
      <page>/pages/Home.jsff</page>
    </view>
    <use-page-fragments/>
  </task-flow-definition>
</adfc-config>
