<?xml version = '1.0' encoding = 'windows-1252' standalone = 'yes'?>
<jazn-data xmlns:xsi="http://www.w3.org/2001/XMLSchema-instance" xsi:noNamespaceSchemaLocation="http://xmlns.oracle.com/oracleas/schema/jazn-data-10_0.xsd" filepath="" OC4J_INSTANCE_ID="">
  <jazn-realm>
    <realm>
      <name>jazn.com</name>
      <users>
        <user>
          <name>DataBase_User_UeaCcFLalt5W5_CI-UOHxZ9pnsrF9QWx</name>
          <credentials>{903}UeaCcFLalt5W5/CI+UOHxZ9pnsrF9QWx</credentials>
        </user>
        <user>
          <name>DataBase_User_fmjV7uFcCWXBEpUPNaDSm2mS5zj3Ffqn</name>
          <credentials>{903}fmjV7uFcCWXBEpUPNaDSm2mS5zj3Ffqn</credentials>
        </user>
        <user>
          <name>DataBase_User_VxY2KrscSYNXOylarQn9_ASpFTC91S-d</name>
          <credentials>{903}VxY2KrscSYNXOylarQn9/ASpFTC91S+d</credentials>
        </user>
        <user>
          <name>DataBase_User_AIe9PHTaOT3uOJjmvGWZcvkHh506yb3C</name>
          <credentials>{903}AIe9PHTaOT3uOJjmvGWZcvkHh506yb3C</credentials>
        </user>
        <user>
          <name>DataBase_User_APyOdIPQKFlYr32goPm4nol1VDBFCtaL</name>
          <credentials>{903}APyOdIPQKFlYr32goPm4nol1VDBFCtaL</credentials>
        </user>
        <user>
          <name>DataBase_User_TmmHVG7sEUAi-YzV7Wluvgws8iAZaM0s</name>
          <credentials>{903}TmmHVG7sEUAi+YzV7Wluvgws8iAZaM0s</credentials>
        </user>
        <user>
          <name>DataBase_User_lw_4fE0NDIcFFCNNbRhHlbjgfyet11hv</name>
          <credentials>{903}lw/4fE0NDIcFFCNNbRhHlbjgfyet11hv</credentials>
        </user>
        <user>
          <name>DataBase_User_tKvOqWqkC8S9YXgzQ9ifmOFIkZb8cuII</name>
          <credentials>{903}tKvOqWqkC8S9YXgzQ9ifmOFIkZb8cuII</credentials>
        </user>
        <user>
          <name>DataBase_User_VZkHBJeroiYLkGZY3-YyFclacq-8Ztmz</name>
          <credentials>{903}VZkHBJeroiYLkGZY3+YyFclacq+8Ztmz</credentials>
        </user>
        <user>
          <name>DataBase_User_70Mk27AfknzvSU9F9bWXeQ6duNKfLtTa</name>
          <credentials>{903}70Mk27AfknzvSU9F9bWXeQ6duNKfLtTa</credentials>
        </user>
        <user>
          <name>DataBase_User_zk0bqP_bAIwHnbarJj7EghqgvgvPiRGwK8-Cnn9F_hs=</name>
          <credentials>{903}zk0bqP/bAIwHnbarJj7EghqgvgvPiRGwK8+Cnn9F/hs=</credentials>
        </user>
        <user>
          <name>DataBase_User_dQ7AoANwm23Fgeu1HRdRrptp_O9WxqDeQngfHt9Xj_4=</name>
          <credentials>{903}dQ7AoANwm23Fgeu1HRdRrptp/O9WxqDeQngfHt9Xj/4=</credentials>
        </user>
        <user>
          <name>DataBase_User_AzEmmK5qnJaGruApzyl9xBDrs_Ypb5Fq</name>
          <credentials>{903}AzEmmK5qnJaGruApzyl9xBDrs/Ypb5Fq</credentials>
        </user>
        <user>
          <name>DataBase_User_qAOMizS6O-nfkGw8Y8s_m-GzmdXNbueG</name>
          <credentials>{903}qAOMizS6O+nfkGw8Y8s/m+GzmdXNbueG</credentials>
        </user>
        <user>
          <name>DataBase_User_-b_aiLbHiJrCqxRdRrOwcJOg-ZMZiuz8</name>
          <credentials>{903}+b/aiLbHiJrCqxRdRrOwcJOg+ZMZiuz8</credentials>
        </user>
        <user>
          <name>DataBase_User_ku6PzGoytKn1oI7gHyrTrLxOdpqtTlM5</name>
          <credentials>{903}ku6PzGoytKn1oI7gHyrTrLxOdpqtTlM5</credentials>
        </user>
        <user>
          <name>DataBase_User__ovtz0dV3J7tDEzzeXHWOCeGS58aFDI6</name>
          <credentials>{903}/ovtz0dV3J7tDEzzeXHWOCeGS58aFDI6</credentials>
        </user>
        <user>
          <name>DataBase_User_T2wzz6MIRYEx9lKfZ5o2T82toBpw1Zez</name>
          <credentials>{903}T2wzz6MIRYEx9lKfZ5o2T82toBpw1Zez</credentials>
        </user>
      </users>
      <roles/>
    </realm>
  </jazn-realm>
</jazn-data>
