<?xml version = '1.0' encoding = 'windows-1252' standalone = 'yes'?>
<jazn-data xmlns:xsi="http://www.w3.org/2001/XMLSchema-instance" xsi:noNamespaceSchemaLocation="http://xmlns.oracle.com/oracleas/schema/jazn-data-10_0.xsd" filepath="" OC4J_INSTANCE_ID="">
    <jazn-realm>
        <realm>
            <name>jazn.com</name>
            <users>
                <user>
                    <name>DataBase_User_JCg0mmb9bEHoa_78L0gUuMEIJkOInKnF</name>
                    <credentials>{903}JCg0mmb9bEHoa/78L0gUuMEIJkOInKnF</credentials>
                </user>
                <user>
                    <name>DataBase_User_U6dNiIBCMGpuVJp_lOtbmwYoSINoi38T</name>
                    <credentials>{903}U6dNiIBCMGpuVJp/lOtbmwYoSINoi38T</credentials>
                </user>
                <user>
                    <name>DataBase_User_tMzHjbT1ktDMn3W4IvtwPYUesf9C9PYo</name>
                    <credentials>{903}tMzHjbT1ktDMn3W4IvtwPYUesf9C9PYo</credentials>
                </user>
                <user>
                    <name>DataBase_User_BMcH3GoUUfBQ6ObnZmd9LwwVcrV-7H57</name>
                    <credentials>{903}BMcH3GoUUfBQ6ObnZmd9LwwVcrV+7H57</credentials>
                </user>
                <user>
                    <name>DataBase_User_ljJQi2u0z8ZGnZDFkiGlfK-wBVR4GrK2</name>
                    <credentials>{903}ljJQi2u0z8ZGnZDFkiGlfK+wBVR4GrK2</credentials>
                </user>
                <user>
                    <name>DataBase_User_tJCGELakqMEpA2MHoURAqboKl07QPolK</name>
                    <credentials>{903}tJCGELakqMEpA2MHoURAqboKl07QPolK</credentials>
                </user>
                <user>
                    <name>DataBase_User_NlR-D2Pn2EHx3uPI5kodxkpm7IoorNY9</name>
                    <credentials>{903}NlR+D2Pn2EHx3uPI5kodxkpm7IoorNY9</credentials>
                </user>
                <user>
                    <name>DataBase_User_inTm2O-umH9ZHTEGr_INZxMkgpVlupKX</name>
                    <credentials>{903}inTm2O+umH9ZHTEGr/INZxMkgpVlupKX</credentials>
                </user>
                <user>
                    <name>DataBase_User_v7x34Hep8Ezy_mRjrvevo36tDWqZIcyf</name>
                    <credentials>{903}v7x34Hep8Ezy/mRjrvevo36tDWqZIcyf</credentials>
                </user>
                <user>
                    <name>DataBase_User_jw_RG0supdvMAJkDV1IjYlq2N5EmXvV2</name>
                    <credentials>{903}jw/RG0supdvMAJkDV1IjYlq2N5EmXvV2</credentials>
                </user>
                <user>
                    <name>DataBase_User_2Go6yvIoDMXIzJeT9lgHFw40Q5yxet3R</name>
                    <credentials>{903}2Go6yvIoDMXIzJeT9lgHFw40Q5yxet3R</credentials>
                </user>
                <user>
                    <name>DataBase_User_77SnGsK078IuIcI_5cNz-ZEMARgQt1Lr</name>
                    <credentials>{903}77SnGsK078IuIcI/5cNz+ZEMARgQt1Lr</credentials>
                </user>
                <user>
                    <name>DataBase_User_CELrjb7sYkIrS-vdBZdf2q13jDgHKB1J</name>
                    <credentials>{903}CELrjb7sYkIrS+vdBZdf2q13jDgHKB1J</credentials>
                </user>
                <user>
                    <name>DataBase_User_bGqKJR1Fv9OGErPJPKHQAUYYV9omlWsh</name>
                    <credentials>{903}bGqKJR1Fv9OGErPJPKHQAUYYV9omlWsh</credentials>
                </user>
            </users>
            <roles/>
        </realm>
    </jazn-realm>
</jazn-data>
