<?xml version="1.0" encoding="windows-1252" ?>
<!DOCTYPE ViewObject SYSTEM "jbo_03_01.dtd">
<!---->
<ViewObject
  xmlns="http://xmlns.oracle.com/bc4j"
  Name="EmployeesView"
  Version="11.1.2.60.17"
  SelectList="Employees.EMPLOYEE_ID, 
       Employees.FIRST_NAME, 
       Employees.LAST_NAME, 
       Employees.EMAIL, 
       Employees.PHONE_NUMBER, 
       Employees.HIRE_DATE, 
       Employees.JOB_ID, 
       Employees.SALARY, 
       Employees.COMMISSION_PCT, 
       Employees.MANAGER_ID, 
       Employees.DEPARTMENT_ID"
  FromList="EMPLOYEES Employees"
  BindingStyle="OracleName"
  CustomQuery="false"
  PageIterMode="Full"
  UseGlueCode="false"
  ComponentClass="davelaar.demo.model.queries.EmployeesViewImpl">
  <DesignTime>
    <Attr Name="_codeGenFlag2" Value="Coll|VarAccess"/>
  </DesignTime>
  <Variable
    Name="BEmployeeId"
    Kind="viewcriteria"
    Type="java.lang.String"/>
  <Variable
    Name="BLastName"
    Kind="viewcriteria"
    Type="java.lang.String"/>
  <ViewAccessor
    Name="JobsView1"
    ViewObjectName="davelaar.demo.model.queries.JobsView"
    RowLevelBinds="true"/>
  <ViewAccessor
    Name="DepartmentsView1"
    ViewObjectName="davelaar.demo.model.queries.DepartmentsView"
    RowLevelBinds="true"/>
  <ListBinding
    Name="LOV_JobId"
    ListVOName="JobsView1"
    ListRangeSize="-1"
    NullValueFlag="none"
    MRUCount="0">
    <AttrArray Name="AttrNames">
      <Item Value="JobId"/>
    </AttrArray>
    <AttrArray Name="ListAttrNames">
      <Item Value="JobId"/>
    </AttrArray>
    <AttrArray Name="ListDisplayAttrNames">
      <Item Value="JobId"/>
    </AttrArray>
    <DisplayCriteria/>
  </ListBinding>
  <ListBinding
    Name="LOV_DepartmentId"
    ListVOName="DepartmentsView1"
    ListRangeSize="-1"
    NullValueFlag="start"
    NullValueId="${adfBundle['oracle.javatools.resourcebundle.SystemBundle']['NULL_VALUE_RESID']}"
    MRUCount="0">
    <AttrArray Name="AttrNames">
      <Item Value="DepartmentId"/>
    </AttrArray>
    <AttrArray Name="ListAttrNames">
      <Item Value="DepartmentId"/>
    </AttrArray>
    <AttrArray Name="ListDisplayAttrNames">
      <Item Value="DepartmentName"/>
    </AttrArray>
    <DisplayCriteria/>
  </ListBinding>
  <EntityUsage
    Name="Employees"
    Entity="davelaar.demo.model.entities.Employees"/>
  <ViewAttribute
    Name="EmployeeId"
    IsNotNull="true"
    PrecisionRule="true"
    EntityAttrName="EmployeeId"
    EntityUsage="Employees"
    AliasName="EMPLOYEE_ID"/>
  <ViewAttribute
    Name="FirstName"
    PrecisionRule="true"
    EntityAttrName="FirstName"
    EntityUsage="Employees"
    AliasName="FIRST_NAME"/>
  <ViewAttribute
    Name="LastName"
    IsNotNull="true"
    PrecisionRule="true"
    EntityAttrName="LastName"
    EntityUsage="Employees"
    AliasName="LAST_NAME"/>
  <ViewAttribute
    Name="Email"
    IsUnique="true"
    IsNotNull="true"
    PrecisionRule="true"
    EntityAttrName="Email"
    EntityUsage="Employees"
    AliasName="EMAIL"/>
  <ViewAttribute
    Name="PhoneNumber"
    PrecisionRule="true"
    EntityAttrName="PhoneNumber"
    EntityUsage="Employees"
    AliasName="PHONE_NUMBER"/>
  <ViewAttribute
    Name="HireDate"
    IsNotNull="true"
    PrecisionRule="true"
    EntityAttrName="HireDate"
    EntityUsage="Employees"
    AliasName="HIRE_DATE"/>
  <ViewAttribute
    Name="JobId"
    IsNotNull="true"
    PrecisionRule="true"
    EntityAttrName="JobId"
    EntityUsage="Employees"
    AliasName="JOB_ID"
    LOVName="LOV_JobId">
    <Properties>
      <SchemaBasedProperties>
        <CONTROLTYPE
          Value="choice"/>
      </SchemaBasedProperties>
    </Properties>
  </ViewAttribute>
  <ViewAttribute
    Name="Salary"
    PrecisionRule="true"
    EntityAttrName="Salary"
    EntityUsage="Employees"
    AliasName="SALARY"/>
  <ViewAttribute
    Name="CommissionPct"
    PrecisionRule="true"
    EntityAttrName="CommissionPct"
    EntityUsage="Employees"
    AliasName="COMMISSION_PCT"/>
  <ViewAttribute
    Name="ManagerId"
    PrecisionRule="true"
    EntityAttrName="ManagerId"
    EntityUsage="Employees"
    AliasName="MANAGER_ID"/>
  <ViewAttribute
    Name="DepartmentId"
    PrecisionRule="true"
    EntityAttrName="DepartmentId"
    EntityUsage="Employees"
    AliasName="DEPARTMENT_ID"
    LOVName="LOV_DepartmentId">
    <Properties>
      <SchemaBasedProperties>
        <CONTROLTYPE
          Value="choice"/>
      </SchemaBasedProperties>
    </Properties>
  </ViewAttribute>
  <ViewCriteria
    Name="SearchByEmployeeId"
    ViewObjectName="davelaar.demo.model.queries.EmployeesView"
    Conjunction="AND">
    <Properties>
      <CustomProperties>
        <Property
          Name="displayOperators"
          Value="InAdvancedMode"/>
        <Property
          Name="autoExecute"
          Value="false"/>
        <Property
          Name="allowConjunctionOverride"
          Value="true"/>
        <Property
          Name="showInList"
          Value="true"/>
        <Property
          Name="mode"
          Value="Basic"/>
      </CustomProperties>
    </Properties>
    <ViewCriteriaRow
      Name="EmployeesViewCriteria_row_0"
      UpperColumns="1">
      <ViewCriteriaItem
        Name="EmployeeId"
        ViewAttribute="EmployeeId"
        Operator="="
        Conjunction="OR"
        Value=":BEmployeeId"
        Required="Optional"
        GenerateIsNullClauseForBindVars="false"
        IsBindVarValue="true"/>
    </ViewCriteriaRow>
  </ViewCriteria>
  <ViewCriteria
    Name="SearchByLastName"
    ViewObjectName="davelaar.demo.model.queries.EmployeesView"
    Conjunction="AND">
    <Properties>
      <CustomProperties>
        <Property
          Name="displayOperators"
          Value="InAdvancedMode"/>
        <Property
          Name="autoExecute"
          Value="false"/>
        <Property
          Name="allowConjunctionOverride"
          Value="true"/>
        <Property
          Name="showInList"
          Value="true"/>
        <Property
          Name="mode"
          Value="Basic"/>
      </CustomProperties>
    </Properties>
    <ViewCriteriaRow
      Name="EmployeesViewCriteria_row_0"
      UpperColumns="1">
      <ViewCriteriaItem
        Name="LastName"
        ViewAttribute="LastName"
        Operator="STARTSWITH"
        Conjunction="AND"
        Value=":BLastName"
        IsBindVarValue="true"
        Required="Optional"/>
    </ViewCriteriaRow>
  </ViewCriteria>
  <ViewLinkAccessor
    Name="DepartmentsView"
    ViewLink="davelaar.demo.model.queries.links.DeptMgrFkLink"
    Type="oracle.jbo.RowIterator"
    IsUpdateable="false"/>
  <ViewLinkAccessor
    Name="EmployeesView"
    ViewLink="davelaar.demo.model.queries.links.EmpManagerFkLink"
    Type="oracle.jbo.RowIterator"
    IsUpdateable="false"/>
</ViewObject>
