<?xml version = '1.0' encoding = 'windows-1252' standalone = 'yes'?>
<jazn-data xmlns:xsi="http://www.w3.org/2001/XMLSchema-instance" xsi:noNamespaceSchemaLocation="http://xmlns.oracle.com/oracleas/schema/jazn-data-10_0.xsd" filepath="" OC4J_INSTANCE_ID="">
  <jazn-realm>
    <realm>
      <name>jazn.com</name>
      <users>
        <user>
          <name>DataBase_User_avtc67HhGLxifndblWZZ-y4aeWYsywG3</name>
          <credentials>{903}avtc67HhGLxifndblWZZ+y4aeWYsywG3</credentials>
        </user>
        <user>
          <name>DataBase_User_tWGG13wHgP886kpH-bA0fU-q1veUOOdA</name>
          <credentials>{903}tWGG13wHgP886kpH+bA0fU+q1veUOOdA</credentials>
        </user>
        <user>
          <name>DataBase_User_IX0W5qSeZ3CfMPE1Dykp9wlb6Ajsz-Pv</name>
          <credentials>{903}IX0W5qSeZ3CfMPE1Dykp9wlb6Ajsz+Pv</credentials>
        </user>
        <user>
          <name>DataBase_User_XZlqFG3dKfmcYzHtsocenWl2yYwVmC1J</name>
          <credentials>{903}XZlqFG3dKfmcYzHtsocenWl2yYwVmC1J</credentials>
        </user>
        <user>
          <name>DataBase_User_J_LYV2TIfl5z_hJ4gGbFILWoqVD2qPgQ</name>
          <credentials>{903}J/LYV2TIfl5z/hJ4gGbFILWoqVD2qPgQ</credentials>
        </user>
        <user>
          <name>DataBase_User_NI-zX6cBbxIwRsAyZ26BJ47vksGQopXf</name>
          <credentials>{903}NI+zX6cBbxIwRsAyZ26BJ47vksGQopXf</credentials>
        </user>
        <user>
          <name>DataBase_User_MqBzpR-8UKQZRAOvhOFeh9ltjOImS82A</name>
          <credentials>{903}MqBzpR+8UKQZRAOvhOFeh9ltjOImS82A</credentials>
        </user>
        <user>
          <name>DataBase_User_xZ3FDyZ2UUZ7UkV46l81JSUuHu_Ug0jt</name>
          <credentials>{903}xZ3FDyZ2UUZ7UkV46l81JSUuHu/Ug0jt</credentials>
        </user>
        <user>
          <name>DataBase_User_XL6lWtrupV6akyAk3iNe32uXJZaJR0Ue</name>
          <credentials>{903}XL6lWtrupV6akyAk3iNe32uXJZaJR0Ue</credentials>
        </user>
        <user>
          <name>DataBase_User_lgnhNKq_5Ubb436_nmd3u5AaczGpwNqu</name>
          <credentials>{903}lgnhNKq/5Ubb436/nmd3u5AaczGpwNqu</credentials>
        </user>
        <user>
          <name>DataBase_User_jBMXymDTM0T0VFVCk7TUOgcNiML3u0wy</name>
          <credentials>{903}jBMXymDTM0T0VFVCk7TUOgcNiML3u0wy</credentials>
        </user>
        <user>
          <name>DataBase_User_XJ3wT0pK1lsX9lbSwb8H72RMrAbnAN5a</name>
          <credentials>{903}XJ3wT0pK1lsX9lbSwb8H72RMrAbnAN5a</credentials>
        </user>
        <user>
          <name>DataBase_User_lUE3CDtd-IpuYrxqKK9UOIuyTIDgD5Ax</name>
          <credentials>{903}lUE3CDtd+IpuYrxqKK9UOIuyTIDgD5Ax</credentials>
        </user>
        <user>
          <name>DataBase_User_3uAWU7-HT1xor37MvLAbQa3KWYdB9m32</name>
          <credentials>{903}3uAWU7+HT1xor37MvLAbQa3KWYdB9m32</credentials>
        </user>
        <user>
          <name>DataBase_User_XPbZBvPJabA5DktfPpD00KKDrmvsloaj</name>
          <credentials>{903}XPbZBvPJabA5DktfPpD00KKDrmvsloaj</credentials>
        </user>
        <user>
          <name>DataBase_User_YxgW2ky4SsYJetVaIr0U8GbmxL8Qv9qj</name>
          <credentials>{903}YxgW2ky4SsYJetVaIr0U8GbmxL8Qv9qj</credentials>
        </user>
        <user>
          <name>DataBase_User_ewvzzeTvZXDU_Mx3COCZ8G6-R2W-MoL2</name>
          <credentials>{903}ewvzzeTvZXDU/Mx3COCZ8G6+R2W+MoL2</credentials>
        </user>
        <user>
          <name>DataBase_User_o401JOmus08-IQyihVPpKhDlGNdQvqsU</name>
          <credentials>{903}o401JOmus08+IQyihVPpKhDlGNdQvqsU</credentials>
        </user>
        <user>
          <name>DataBase_User_JoqC5KBpfF5dCnUq_H7yzNsIU3IvnqGC</name>
          <credentials>{903}JoqC5KBpfF5dCnUq/H7yzNsIU3IvnqGC</credentials>
        </user>
        <user>
          <name>DataBase_User_JgXB_jcUbZqIyQw5JShtVw_DngOV64aM</name>
          <credentials>{903}JgXB/jcUbZqIyQw5JShtVw/DngOV64aM</credentials>
        </user>
      </users>
      <roles/>
    </realm>
  </jazn-realm>
</jazn-data>
