<?xml version='1.0' encoding='windows-1252' ?>
<!DOCTYPE ViewObject SYSTEM "jbo_03_01.dtd">

<ViewObject
   Name="Employees"
   OrderBy="ename"
   BindingStyle="OracleName"
   CustomQuery="true"
   ComponentClass="demo.model.EmployeesImpl"
   FetchMode="FETCH_AS_NEEDED"
   UseGlueCode="false" >
   <DesignTime>
      <Attr Name="_isExpertMode" Value="true" />
      <Attr Name="_version" Value="10.1.3.36.73" />
      <Attr Name="_objectSuperClassName" Value="demo.model.fwkext.CustomViewObjectImpl" />
      <Attr Name="_codeGenFlag2" Value="Access|Coll|VarAccess" />
   </DesignTime>
   <Variable
      Name="TheDeptno"
      Kind="where"
      Type="oracle.jbo.domain.Number" >
      <Properties>
         <Property Name ="VOAttributeExpression" Value ="Globals.DepartmentNumber" />
      </Properties>
   </Variable>
   <SQLQuery><![CDATA[
select empno, ename from emp
where :TheDeptno is null or 
deptno = :TheDeptno
   ]]></SQLQuery>
   <ViewAttribute
      Name="Empno"
      IsUpdateable="false"
      IsPersistent="false"
      IsNotNull="true"
      Precision="4"
      Scale="0"
      Type="oracle.jbo.domain.Number"
      ColumnType="NUMBER"
      AliasName="EMPNO"
      Expression="EMPNO"
      SQLType="NUMERIC" >
      <DesignTime>
         <Attr Name="_DisplaySize" Value="22" />
      </DesignTime>
   </ViewAttribute>
   <ViewAttribute
      Name="Ename"
      IsUpdateable="false"
      IsPersistent="false"
      Precision="10"
      Type="java.lang.String"
      ColumnType="VARCHAR2"
      AliasName="ENAME"
      Expression="ENAME"
      SQLType="VARCHAR" >
      <DesignTime>
         <Attr Name="_DisplaySize" Value="10" />
      </DesignTime>
   </ViewAttribute>
</ViewObject>
