<?xml version="1.0" encoding="windows-1252" ?>
<!DOCTYPE Association SYSTEM "jbo_03_01.dtd">
<!---->
<Association
  xmlns="http://xmlns.oracle.com/bc4j"
  Name="CountrRegFkAssoc"
  Version="11.1.1.61.92"
  InheritPersonalization="true">
  <DesignTime>
    <Attr Name="_isCodegen" Value="true"/>
  </DesignTime>
  <AssociationEnd
    Name="Regions"
    Cardinality="1"
    Source="true"
    Owner="oracle.demo.model.entities.Regions">
    <DesignTime>
      <Attr Name="_aggregation" Value="0"/>
      <Attr Name="_finderName" Value="Regions"/>
      <Attr Name="_foreignKey"
        Value="oracle.demo.model.entities.Regions.RegIdPk"/>
      <Attr Name="_isUpdateable" Value="true"/>
    </DesignTime>
    <AttrArray Name="Attributes">
      <Item Value="oracle.demo.model.entities.Regions.RegionId"/>
    </AttrArray>
  </AssociationEnd>
  <AssociationEnd
    Name="Countries"
    Cardinality="-1"
    Owner="oracle.demo.model.entities.Countries">
    <DesignTime>
      <Attr Name="_aggregation" Value="0"/>
      <Attr Name="_finderName" Value="Countries"/>
      <Attr Name="_foreignKey"
        Value="oracle.demo.model.entities.Countries.CountrRegFk"/>
      <Attr Name="_isUpdateable" Value="true"/>
    </DesignTime>
    <AttrArray Name="Attributes">
      <Item Value="oracle.demo.model.entities.Countries.RegionId"/>
    </AttrArray>
  </AssociationEnd>
</Association>
