<?xml version="1.0" encoding="windows-1252" ?>
<!DOCTYPE Entity SYSTEM "jbo_03_01.dtd">
<!---->
<Entity
  xmlns="http://xmlns.oracle.com/bc4j"
  Name="Locations"
  Version="11.1.1.61.92"
  InheritPersonalization="true"
  DBObjectType="table"
  DBObjectName="LOCATIONS"
  AliasName="Locations"
  BindingStyle="OracleName"
  UseGlueCode="false">
  <DesignTime>
    <Attr Name="_codeGenFlag2" Value="Access"/>
    <AttrArray Name="_publishEvents"/>
  </DesignTime>
  <Attribute
    Name="LocationId"
    IsNotNull="true"
    Precision="4"
    Scale="0"
    ColumnName="LOCATION_ID"
    SQLType="NUMERIC"
    Type="oracle.jbo.domain.Number"
    ColumnType="NUMBER"
    TableName="LOCATIONS"
    PrimaryKey="true">
    <DesignTime>
      <Attr Name="_DisplaySize" Value="5"/>
    </DesignTime>
  </Attribute>
  <Attribute
    Name="StreetAddress"
    Precision="40"
    ColumnName="STREET_ADDRESS"
    SQLType="VARCHAR"
    Type="java.lang.String"
    ColumnType="VARCHAR2"
    TableName="LOCATIONS">
    <DesignTime>
      <Attr Name="_DisplaySize" Value="40"/>
    </DesignTime>
  </Attribute>
  <Attribute
    Name="PostalCode"
    Precision="12"
    ColumnName="POSTAL_CODE"
    SQLType="VARCHAR"
    Type="java.lang.String"
    ColumnType="VARCHAR2"
    TableName="LOCATIONS">
    <DesignTime>
      <Attr Name="_DisplaySize" Value="12"/>
    </DesignTime>
  </Attribute>
  <Attribute
    Name="City"
    IsNotNull="true"
    Precision="30"
    ColumnName="CITY"
    SQLType="VARCHAR"
    Type="java.lang.String"
    ColumnType="VARCHAR2"
    TableName="LOCATIONS">
    <DesignTime>
      <Attr Name="_DisplaySize" Value="30"/>
    </DesignTime>
  </Attribute>
  <Attribute
    Name="StateProvince"
    Precision="25"
    ColumnName="STATE_PROVINCE"
    SQLType="VARCHAR"
    Type="java.lang.String"
    ColumnType="VARCHAR2"
    TableName="LOCATIONS">
    <DesignTime>
      <Attr Name="_DisplaySize" Value="25"/>
    </DesignTime>
  </Attribute>
  <Attribute
    Name="CountryId"
    Precision="2"
    ColumnName="COUNTRY_ID"
    SQLType="CHAR"
    Type="java.lang.String"
    ColumnType="CHAR"
    TableName="LOCATIONS"
    RetrievedOnUpdate="true"
    RetrievedOnInsert="true">
    <DesignTime>
      <Attr Name="_DisplaySize" Value="2"/>
    </DesignTime>
  </Attribute>
  <AccessorAttribute
    Name="Countries"
    Association="oracle.demo.model.entities.LocCIdFkAssoc"
    AssociationEnd="oracle.demo.model.entities.LocCIdFkAssoc.Countries"
    AssociationOtherEnd="oracle.demo.model.entities.LocCIdFkAssoc.Locations"
    Type="oracle.jbo.server.EntityImpl"
    IsUpdateable="true"/>
  <Key
    Name="LocCityNn">
    <DesignTime>
      <Attr Name="_DBObjectName" Value="LOC_CITY_NN"/>
      <Attr Name="_checkCondition" Value='"CITY" IS NOT NULL'/>
      <Attr Name="_isCheck" Value="true"/>
    </DesignTime>
    <AttrArray Name="Attributes">
      <Item Value="oracle.demo.model.entities.Locations.City"/>
    </AttrArray>
  </Key>
  <Key
    Name="LocIdPk"
    PrimaryKey="true">
    <DesignTime>
      <Attr Name="_DBObjectName" Value="LOC_ID_PK"/>
    </DesignTime>
    <AttrArray Name="Attributes">
      <Item Value="oracle.demo.model.entities.Locations.LocationId"/>
    </AttrArray>
  </Key>
  <Key
    Name="LocCIdFk">
    <DesignTime>
      <Attr Name="_referencedKey" Value="COUNTRY_C_ID_PK"/>
      <Attr Name="_isForeign" Value="true"/>
      <Attr Name="_DBObjectName" Value="LOC_C_ID_FK"/>
    </DesignTime>
    <AttrArray Name="Attributes">
      <Item Value="oracle.demo.model.entities.Locations.CountryId"/>
    </AttrArray>
  </Key>
</Entity>
