<?xml version = '1.0' encoding = 'windows-1252' standalone = 'yes'?>
<jazn-data xmlns:xsi="http://www.w3.org/2001/XMLSchema-instance" xsi:noNamespaceSchemaLocation="http://xmlns.oracle.com/oracleas/schema/jazn-data-10_0.xsd" filepath="" OC4J_INSTANCE_ID="">
    <jazn-realm>
        <realm>
            <name>jazn.com</name>
            <users>
                <user>
                    <name>DataBase_User_qfnIC7lFpfv_kDQgkdqF70VrodKReH-D</name>
                    <credentials>{903}qfnIC7lFpfv/kDQgkdqF70VrodKReH+D</credentials>
                </user>
                <user>
                    <name>DataBase_User_7RRtS1itPX33Z5A0qHsfSuqDsFPRxmbA</name>
                    <credentials>{903}7RRtS1itPX33Z5A0qHsfSuqDsFPRxmbA</credentials>
                </user>
                <user>
                    <name>DataBase_User_N6qqxOIAXOeloPaA4S72pSYe_x7OHOyb</name>
                    <credentials>{903}N6qqxOIAXOeloPaA4S72pSYe/x7OHOyb</credentials>
                </user>
                <user>
                    <name>DataBase_User_ZCsqejEW706NNfCDgVAZmd-MlRdoDIPc</name>
                    <credentials>{903}ZCsqejEW706NNfCDgVAZmd+MlRdoDIPc</credentials>
                </user>
                <user>
                    <name>DataBase_User_GjLbS5O5jQgiCXO7aEs3UYq4xdhDCpLq</name>
                    <credentials>{903}GjLbS5O5jQgiCXO7aEs3UYq4xdhDCpLq</credentials>
                </user>
                <user>
                    <name>DataBase_User_MfCKb34guEnpLErOX4NVr4azopU3U2Qt</name>
                    <credentials>{903}MfCKb34guEnpLErOX4NVr4azopU3U2Qt</credentials>
                </user>
                <user>
                    <name>DataBase_User_cDReaWUUVIljzSaPE3jv4FL1PvvYN4RP</name>
                    <credentials>{903}cDReaWUUVIljzSaPE3jv4FL1PvvYN4RP</credentials>
                </user>
                <user>
                    <name>DataBase_User_HsNEfxCcGVqI1xoclmU9zFYIBpvkLIYb</name>
                    <credentials>{903}HsNEfxCcGVqI1xoclmU9zFYIBpvkLIYb</credentials>
                </user>
                <user>
                    <name>DataBase_User_67ZwH_EurtUfFRMWC_NVYGCp90fSG1j-</name>
                    <credentials>{903}67ZwH/EurtUfFRMWC/NVYGCp90fSG1j+</credentials>
                </user>
                <user>
                    <name>DataBase_User_e-t3wpXJuc6X-3X1OtrWO60Zu0Jicp0d</name>
                    <credentials>{903}e+t3wpXJuc6X+3X1OtrWO60Zu0Jicp0d</credentials>
                </user>
                <user>
                    <name>DataBase_User_DE3qiqoOVhzRtVkLpmOsrMtfIg4Fv3ku</name>
                    <credentials>{903}DE3qiqoOVhzRtVkLpmOsrMtfIg4Fv3ku</credentials>
                </user>
                <user>
                    <name>DataBase_User_tIuu-63SWhu1kJu1t56PcgylbQ12DYN3</name>
                    <credentials>{903}tIuu+63SWhu1kJu1t56PcgylbQ12DYN3</credentials>
                </user>
                <user>
                    <name>DataBase_User_7wVSqFUPxZst-eHizJE6UlSsSAfxqwul</name>
                    <credentials>{903}7wVSqFUPxZst+eHizJE6UlSsSAfxqwul</credentials>
                </user>
                <user>
                    <name>DataBase_User_LEtpRolHrDpmwyqVNEmEms9FXNtXSKOG</name>
                    <credentials>{903}LEtpRolHrDpmwyqVNEmEms9FXNtXSKOG</credentials>
                </user>
                <user>
                    <name>DataBase_User_019sbAIvjfZfMBrnCY_tqDsBApkVEFS_</name>
                    <credentials>{903}019sbAIvjfZfMBrnCY/tqDsBApkVEFS/</credentials>
                </user>
                <user>
                    <name>DataBase_User_Xn0cTWugAHuFU-xsy82TbnkQFwC8Ezm8</name>
                    <credentials>{903}Xn0cTWugAHuFU+xsy82TbnkQFwC8Ezm8</credentials>
                </user>
                <user>
                    <name>DataBase_User_yjlDv6Jfl0K7KE4FFm2kioBDqZFT37oe</name>
                    <credentials>{903}yjlDv6Jfl0K7KE4FFm2kioBDqZFT37oe</credentials>
                </user>
                <user>
                    <name>DataBase_User_wgcWT7lZ7-HWbb4-tSu0itrGhXqVq_0E</name>
                    <credentials>{903}wgcWT7lZ7+HWbb4+tSu0itrGhXqVq/0E</credentials>
                </user>
            </users>
            <roles/>
        </realm>
    </jazn-realm>
</jazn-data>
