<?xml version='1.0' encoding='windows-1252' ?>
<!DOCTYPE ViewObject SYSTEM "jbo_03_01.dtd">

<ViewObject
   Name="CountryList"
   BindingStyle="OracleName"
   CustomQuery="true"
   ComponentClass="oracle.srdemo.model.frameworkExt.SRPropertiesFileViewObjectImpl"
   FetchMode="FETCH_AS_NEEDED"
   UseGlueCode="false" >
   <DesignTime>
      <Attr Name="_version" Value="10.1.3.41.57" />
      <Attr Name="_objectSuperClassName" Value="oracle.srdemo.model.frameworkExt.SRPropertiesFileViewObjectImpl" />
      <Attr Name="_codeGenFlag2" Value="Access|VarAccess" />
   </DesignTime>
   <ViewAttribute
      Name="CountryCode"
      IsUpdateable="false"
      IsPersistent="false"
      Precision="255"
      Type="java.lang.String"
      ColumnType="VARCHAR2"
      AliasName="VIEW_ATTR"
      SQLType="VARCHAR" >
   </ViewAttribute>
   <ViewAttribute
      Name="Description"
      IsUpdateable="false"
      IsSelected="false"
      IsPersistent="false"
      Type="java.lang.String"
      ColumnType="VARCHAR2"
      AliasName="VIEW_ATTR"
      SQLType="VARCHAR" >
   </ViewAttribute>
   <AttrArray Name="KeyAttributes">
      <Item Value="CountryCode" />
   </AttrArray>
</ViewObject>
