<?xml version = '1.0' encoding = 'windows-1252' standalone = 'yes'?>
<jazn-data xmlns:xsi="http://www.w3.org/2001/XMLSchema-instance" xsi:noNamespaceSchemaLocation="http://xmlns.oracle.com/oracleas/schema/jazn-data-10_0.xsd" filepath="" OC4J_INSTANCE_ID="">
  <jazn-realm>
    <realm>
      <name>jazn.com</name>
      <users>
        <user>
          <name>DataBase_User_ocLk0_YDFxoaOWF4Q7C-QQEXtQ2d_pi1</name>
          <credentials>{903}ocLk0/YDFxoaOWF4Q7C+QQEXtQ2d/pi1</credentials>
        </user>
        <user>
          <name>DataBase_User_6rkuc4u2UtY9YaZ0XjL9BIGNZVxGHey3</name>
          <credentials>{903}6rkuc4u2UtY9YaZ0XjL9BIGNZVxGHey3</credentials>
        </user>
        <user>
          <name>DataBase_User_QIKG-bmRsJImdTJOF22DUPHtg-feVsLm</name>
          <credentials>{903}QIKG+bmRsJImdTJOF22DUPHtg+feVsLm</credentials>
        </user>
        <user>
          <name>DataBase_User_NqKr8fIKvAsQH1XC36V3LCtbdUGQzM5B</name>
          <credentials>{903}NqKr8fIKvAsQH1XC36V3LCtbdUGQzM5B</credentials>
        </user>
        <user>
          <name>DataBase_User_vhLAogK0utySPzTfR9A24hEFcGEc1rsH</name>
          <credentials>{903}vhLAogK0utySPzTfR9A24hEFcGEc1rsH</credentials>
        </user>
        <user>
          <name>DataBase_User_dsfWq47EMPAkPGzNAnN1LaLbJo18fdMO</name>
          <credentials>{903}dsfWq47EMPAkPGzNAnN1LaLbJo18fdMO</credentials>
        </user>
        <user>
          <name>DataBase_User_sOkLQUD2mt1MXRUBbB9CB-FkXhfLVXLd</name>
          <credentials>{903}sOkLQUD2mt1MXRUBbB9CB+FkXhfLVXLd</credentials>
        </user>
        <user>
          <name>DataBase_User_JcDt9ziirL-NCpklbp2M9FGrbXKL4v6N</name>
          <credentials>{903}JcDt9ziirL+NCpklbp2M9FGrbXKL4v6N</credentials>
        </user>
        <user>
          <name>DataBase_User_EgvW-J8mDCPDUZ1wXcXx26e0FS25Ikx7</name>
          <credentials>{903}EgvW+J8mDCPDUZ1wXcXx26e0FS25Ikx7</credentials>
        </user>
        <user>
          <name>DataBase_User_XHAt5AGImUyKqJKCtweQQ_DwIV74WXRW</name>
          <credentials>{903}XHAt5AGImUyKqJKCtweQQ/DwIV74WXRW</credentials>
        </user>
        <user>
          <name>DataBase_User_XTRJ8GrQG4ulcSB3p9vO7jA5azp32h7S9NIP_QjOMTg=</name>
          <credentials>{903}XTRJ8GrQG4ulcSB3p9vO7jA5azp32h7S9NIP/QjOMTg=</credentials>
        </user>
        <user>
          <name>DataBase_User_YVS2-eNKULRNpgsJaS14xJOWsvH6tQZEEVrd0wS03CU=</name>
          <credentials>{903}YVS2+eNKULRNpgsJaS14xJOWsvH6tQZEEVrd0wS03CU=</credentials>
        </user>
      </users>
      <roles/>
    </realm>
  </jazn-realm>
</jazn-data>
