<?xml version = '1.0' encoding = 'windows-1252' standalone = 'yes'?>
<jazn-data xmlns:xsi="http://www.w3.org/2001/XMLSchema-instance" xsi:noNamespaceSchemaLocation="http://xmlns.oracle.com/oracleas/schema/jazn-data-10_0.xsd" filepath="" OC4J_INSTANCE_ID="">
  <jazn-realm>
    <realm>
      <name>jazn.com</name>
      <users>
        <user>
          <name>DataBase_User_4HgMoIR__IdkWVVpBdJJvz7-PJTJOS0n</name>
          <credentials>{903}4HgMoIR//IdkWVVpBdJJvz7+PJTJOS0n</credentials>
        </user>
        <user>
          <name>DataBase_User_AHzHZ8elQ8GB1D1ef8A96h7J8TJcPnyK</name>
          <credentials>{903}AHzHZ8elQ8GB1D1ef8A96h7J8TJcPnyK</credentials>
        </user>
        <user>
          <name>DataBase_User_znk-VTJZnQM8P6MybABzCpG8ws0gD9HBW66otOqbC-g=</name>
          <credentials>{903}znk+VTJZnQM8P6MybABzCpG8ws0gD9HBW66otOqbC+g=</credentials>
        </user>
        <user>
          <name>DataBase_User_sti3oigxYYYNRmhGYF9f_m4ISxK34W8RqihM7isFF2c=</name>
          <credentials>{903}sti3oigxYYYNRmhGYF9f/m4ISxK34W8RqihM7isFF2c=</credentials>
        </user>
        <user>
          <name>DataBase_User_yyCRnX6EgmlhBxCxdebl3e2s65GUyJ2O</name>
          <credentials>{903}yyCRnX6EgmlhBxCxdebl3e2s65GUyJ2O</credentials>
        </user>
        <user>
          <name>DataBase_User_k5LJgsa2Ni5e_prLRfZm9X1HmGhlf-81</name>
          <credentials>{903}k5LJgsa2Ni5e/prLRfZm9X1HmGhlf+81</credentials>
        </user>
        <user>
          <name>DataBase_User_97kgEX7D5kg4fYIPZWSQrIH3hePaONjE</name>
          <credentials>{903}97kgEX7D5kg4fYIPZWSQrIH3hePaONjE</credentials>
        </user>
        <user>
          <name>DataBase_User_jLXCujTnLT_t3oDN9zuhjdsrsY_NunMy</name>
          <credentials>{903}jLXCujTnLT/t3oDN9zuhjdsrsY/NunMy</credentials>
        </user>
        <user>
          <name>DataBase_User_LTLK-mpnKBOfn51LNJWFHAJ2zn6suysc</name>
          <credentials>{903}LTLK+mpnKBOfn51LNJWFHAJ2zn6suysc</credentials>
        </user>
        <user>
          <name>DataBase_User_s1boIh0puGvLXmMT5YY2M9qPoKILZWXm</name>
          <credentials>{903}s1boIh0puGvLXmMT5YY2M9qPoKILZWXm</credentials>
        </user>
        <user>
          <name>DataBase_User_2zAjLRjQICKw5zSXHDzPWTjKFsFJ963f</name>
          <credentials>{903}2zAjLRjQICKw5zSXHDzPWTjKFsFJ963f</credentials>
        </user>
        <user>
          <name>DataBase_User_DdzYdB3BEYMpvEnewo9fZbLCcDTbOtCM</name>
          <credentials>{903}DdzYdB3BEYMpvEnewo9fZbLCcDTbOtCM</credentials>
        </user>
      </users>
      <roles/>
    </realm>
  </jazn-realm>
</jazn-data>
