<?xml version = '1.0' encoding = 'windows-1252' standalone = 'yes'?>
<jazn-data xmlns:xsi="http://www.w3.org/2001/XMLSchema-instance" xsi:noNamespaceSchemaLocation="http://xmlns.oracle.com/oracleas/schema/jazn-data-10_0.xsd" filepath="" OC4J_INSTANCE_ID="">
  <jazn-realm>
    <realm>
      <name>jazn.com</name>
      <users>
        <user>
          <name>DataBase_User_D7n8iHoMhEPhbM_CJJfL-_p7T7y4WJPk</name>
          <credentials>{903}D7n8iHoMhEPhbM/CJJfL+/p7T7y4WJPk</credentials>
        </user>
        <user>
          <name>DataBase_User_1ag2Syp6ucA4H6lOJc5poA-MhzIuJLrK</name>
          <credentials>{903}1ag2Syp6ucA4H6lOJc5poA+MhzIuJLrK</credentials>
        </user>
        <user>
          <name>DataBase_User_ui9gConUH7YYu9YuWshjUGhs7u62XEZs</name>
          <credentials>{903}ui9gConUH7YYu9YuWshjUGhs7u62XEZs</credentials>
        </user>
        <user>
          <name>DataBase_User_poyd0XlUYu-B73e36jc7oVI4J2G0qYPY</name>
          <credentials>{903}poyd0XlUYu+B73e36jc7oVI4J2G0qYPY</credentials>
        </user>
        <user>
          <name>DataBase_User_fhK9aR4ocWtsooxuPefpZW7CXQEKQY_f</name>
          <credentials>{903}fhK9aR4ocWtsooxuPefpZW7CXQEKQY/f</credentials>
        </user>
        <user>
          <name>DataBase_User_6f-eb33AAevcmoHOe8510uJT0mkWen0k</name>
          <credentials>{903}6f+eb33AAevcmoHOe8510uJT0mkWen0k</credentials>
        </user>
        <user>
          <name>DataBase_User_MlX0AwwWOf1KcviEwqsK_2ED-0Tw7RoZ</name>
          <credentials>{903}MlX0AwwWOf1KcviEwqsK/2ED+0Tw7RoZ</credentials>
        </user>
        <user>
          <name>DataBase_User_wtoJpUC65Ebdz1lzpmN0gYQcYUeDek1d</name>
          <credentials>{903}wtoJpUC65Ebdz1lzpmN0gYQcYUeDek1d</credentials>
        </user>
        <user>
          <name>DataBase_User_OdFk5Jwl8XmHi2MIn9mUouFB9n39KnQA</name>
          <credentials>{903}OdFk5Jwl8XmHi2MIn9mUouFB9n39KnQA</credentials>
        </user>
        <user>
          <name>DataBase_User_iuf3sB1JyTNpJEOBxgpvl3udmXdMtXYb</name>
          <credentials>{903}iuf3sB1JyTNpJEOBxgpvl3udmXdMtXYb</credentials>
        </user>
      </users>
      <roles/>
    </realm>
  </jazn-realm>
</jazn-data>
