<?xml version="1.0" encoding="windows-1252" ?>
<adfc-config xmlns="http://xmlns.oracle.com/adf/controller" version="1.2">
  <view id="SetUserMapValue">
    <page>/SetUserMapValue.jspx</page>
  </view>
  <view id="PageWithLOVBasedOnUserMap">
    <page>/PageWithLOVBasedOnUserMap.jspx</page>
  </view>
  <control-flow-rule>
    <from-activity-id>SetUserMapValue</from-activity-id>
    <control-flow-case>
      <from-outcome>Go</from-outcome>
      <to-activity-id>PageWithLOVBasedOnUserMap</to-activity-id>
    </control-flow-case>
  </control-flow-rule>
  <control-flow-rule>
    <from-activity-id>PageWithLOVBasedOnUserMap</from-activity-id>
    <control-flow-case>
      <from-outcome>Back</from-outcome>
      <to-activity-id>SetUserMapValue</to-activity-id>
    </control-flow-case>
  </control-flow-rule>
  <managed-bean>
    <managed-bean-name>SetUserMapValue</managed-bean-name>
    <managed-bean-class>test.view.backing.SetUserMapValue</managed-bean-class>
    <managed-bean-scope>request</managed-bean-scope>
  </managed-bean>
</adfc-config>
