<?xml version='1.0' encoding='windows-1252' ?>
<!DOCTYPE JboPackage SYSTEM "jbo_03_01.dtd">

<JboPackage
   Name="model"
   SeparateXMLFiles="true"
   PackageName="example.model" >
   <DesignTime>
      <Attr Name="_version" Value="10.1.2.17.96" />
      <Attr Name="_ejbPackage" Value="false" />
   </DesignTime>
   <Containee
      Name="Dept"
      FullName="example.model.Dept"
      ObjectType="Entity" >
   </Containee>
   <Containee
      Name="Emp"
      FullName="example.model.Emp"
      ObjectType="Entity" >
   </Containee>
   <Containee
      Name="WorksInDeptAssoc"
      FullName="example.model.WorksInDeptAssoc"
      ObjectType="Association" >
   </Containee>
   <Containee
      Name="DeptView"
      FullName="example.model.DeptView"
      ObjectType="ViewObject" >
   </Containee>
   <Containee
      Name="EmpView"
      FullName="example.model.EmpView"
      ObjectType="ViewObject" >
   </Containee>
   <Containee
      Name="WorksInDeptLink"
      FullName="example.model.WorksInDeptLink"
      ObjectType="ViewLink" >
   </Containee>
   <Containee
      Name="ExampleModule"
      FullName="example.model.ExampleModule"
      ObjectType="AppModule" >
   </Containee>
</JboPackage>
