<?xml version='1.0' encoding='windows-1252' ?>
<!DOCTYPE AppModule SYSTEM "jbo_03_01.dtd">

<AppModule
   Name="AppModule"
   ComponentClass="bug.model.AppModuleImpl" >
   <DesignTime>
      <Attr Name="_isCodegen" Value="true" />
      <Attr Name="_version" Value="10.1.3.41.57" />
      <Attr Name="_deployType" Value="0" />
   </DesignTime>
   <ViewUsage
      Name="EmployeesView1"
      ViewObjectName="bug.model.EmployeesView" >
   </ViewUsage>
   <ViewUsage
      Name="EmployeesView2"
      ViewObjectName="bug.model.EmployeesView" >
   </ViewUsage>
   <ViewLinkUsage
      Name="EmpManagerFkLink1"
      ViewLinkObjectName="bug.model.EmpManagerFkLink"
      SrcViewUsageName="bug.model.AppModule.EmployeesView1"
      DstViewUsageName="bug.model.AppModule.EmployeesView2" >
      <DesignTime>
         <Attr Name="_isCodegen" Value="true" />
         <Attr Name="_version" Value="10.1.3.41.57" />
      </DesignTime>
   </ViewLinkUsage>
</AppModule>
