<?xml version='1.0' encoding='windows-1252' ?>
<!DOCTYPE ViewLink SYSTEM "jbo_03_01.dtd">

<ViewLink
   Name="EmpManagerFkLink"
   EntityAssociation="bug.model.EmpManagerFkAssoc" >
   <DesignTime>
      <Attr Name="_isCodegen" Value="true" />
      <Attr Name="_version" Value="10.1.3.41.57" />
   </DesignTime>
   <ViewLinkDefEnd
      Name="ManagerIdEmployeesView"
      Cardinality="1"
      Owner="bug.model.EmployeesView"
      Source="true" >
      <AttrArray Name="Attributes">
         <Item Value="bug.model.EmployeesView.EmployeeId" />
      </AttrArray>
      <DesignTime>
         <Attr Name="_isUpdateable" Value="true" />
      </DesignTime>
   </ViewLinkDefEnd>
   <ViewLinkDefEnd
      Name="EmployeesView"
      Cardinality="-1"
      Owner="bug.model.EmployeesView" >
      <AttrArray Name="Attributes">
         <Item Value="bug.model.EmployeesView.ManagerId" />
      </AttrArray>
      <DesignTime>
         <Attr Name="_finderName" Value="EmployeesView" />
         <Attr Name="_isUpdateable" Value="true" />
      </DesignTime>
   </ViewLinkDefEnd>
</ViewLink>
