<?xml version='1.0' encoding='windows-1252' ?>
<!DOCTYPE JboPackage SYSTEM "jbo_03_01.dtd">

<JboPackage
   Name="model"
   SeparateXMLFiles="true"
   PackageName="bug.model" >
   <DesignTime>
      <Attr Name="_ejbPackage" Value="false" />
      <Attr Name="_version" Value="10.1.3.41.57" />
   </DesignTime>
   <Containee
      Name="AppModule"
      FullName="bug.model.AppModule"
      ObjectType="AppModule" >
   </Containee>
   <Containee
      Name="Employees"
      FullName="bug.model.Employees"
      ObjectType="Entity" >
   </Containee>
   <Containee
      Name="EmployeesView"
      FullName="bug.model.EmployeesView"
      ObjectType="ViewObject" >
   </Containee>
   <Containee
      Name="EmpManagerFkAssoc"
      FullName="bug.model.EmpManagerFkAssoc"
      ObjectType="Association" >
   </Containee>
   <Containee
      Name="EmpManagerFkLink"
      FullName="bug.model.EmpManagerFkLink"
      ObjectType="ViewLink" >
   </Containee>
</JboPackage>
