<?xml version='1.0' encoding='windows-1252' ?>
<!DOCTYPE Association SYSTEM "jbo_03_01.dtd">

<Association
   Name="ParameterFormItemSetFkAssoc" >
   <DesignTime>
      <Attr Name="_isCodegen" Value="true" />
      <Attr Name="_version" Value="10.1.3.36.73" />
   </DesignTime>
   <AssociationEnd
      Name="ParameterDefinition"
      Cardinality="1"
      Source="true"
      Owner="paramform.model.entities.ParameterDefinition" >
      <AttrArray Name="Attributes">
         <Item Value="paramform.model.entities.ParameterDefinition.Id" />
      </AttrArray>
      <DesignTime>
         <Attr Name="_finderName" Value="ParameterDefinition" />
         <Attr Name="_aggregation" Value="0" />
         <Attr Name="_foreignKey" Value="paramform.model.entities.ParameterDefinition.ParameterDefinitionPk" />
         <Attr Name="_minCardinality" Value="1" />
         <Attr Name="_isUpdateable" Value="true" />
      </DesignTime>
   </AssociationEnd>
   <AssociationEnd
      Name="ParameterFormItemSet"
      Cardinality="-1"
      Owner="paramform.model.entities.ParameterFormItemSet" >
      <AttrArray Name="Attributes">
         <Item Value="paramform.model.entities.ParameterFormItemSet.ParameterDefinitionId" />
      </AttrArray>
      <DesignTime>
         <Attr Name="_finderName" Value="ParameterFormItemSet" />
         <Attr Name="_aggregation" Value="0" />
         <Attr Name="_foreignKey" Value="paramform.model.entities.ParameterFormItemSet.ParameterFormItemSetFk" />
         <Attr Name="_isUpdateable" Value="true" />
      </DesignTime>
   </AssociationEnd>
</Association>
