<?xml version="1.0" encoding="UTF-8" ?>
<JavaBean xmlns="http://xmlns.oracle.com/adfm/beanmodel" version="11.1.2.64.36" id="result"
          Package="oracle.adfinsider.localdb.mobile.HR_WS.findCountry"
          BeanClass="oracle.adfinsider.localdb.mobile.HR_WS.findCountry.result" isJavaBased="false">
  <Attribute Name="CountryId" IsUpdateable="0" IsNotNull="false" Type="java.lang.String">
    <Properties>
      <CustomProperties>
        <Property Name="PrimaryKey" Value="false"/>
      </CustomProperties>
    </Properties>
  </Attribute>
  <Attribute Name="CountryName" IsUpdateable="0" IsNotNull="false" Type="java.lang.String">
    <Properties>
      <CustomProperties>
        <Property Name="PrimaryKey" Value="false"/>
      </CustomProperties>
    </Properties>
  </Attribute>
  <Attribute Name="RegionId" IsUpdateable="0" IsNotNull="false" Type="java.math.BigDecimal">
    <Properties>
      <CustomProperties>
        <Property Name="PrimaryKey" Value="false"/>
      </CustomProperties>
    </Properties>
  </Attribute>
  <Attribute Name="_ROWNUM___ATTR_" PrimaryKey="true" IsNotNull="true" Type="java.lang.Integer">
    <Properties>
      <CustomProperties>
        <Property Name="DISPLAYHINT" Value="Hide"/>
        <Property Name="PrimaryKey" Value="true"/>
        <Property Name="IsVisible" Value="false"/>
        <Property Name="IsQueriable" Value="false"/>
        <Property Name="updateable" Value="false"/>
      </CustomProperties>
    </Properties>
  </Attribute>
</JavaBean>
