<?xml version='1.0' encoding='windows-1252' ?>
<!DOCTYPE Association SYSTEM "jbo_03_01.dtd">

<Association
   Name="DeptMgrFkAssoc" >
   <DesignTime>
      <Attr Name="_isCodegen" Value="true" />
      <Attr Name="_version" Value="10.1.2.17.96" />
   </DesignTime>
   <AssociationEnd
      Name="DepartmentManager"
      Cardinality="1"
      Source="true"
      Owner="model.Employees"
      LockTopContainer="false" >
      <AttrArray Name="Attributes">
         <Item Value="model.Employees.EmployeeId" />
      </AttrArray>
      <DesignTime>
         <Attr Name="_aggregation" Value="0" />
         <Attr Name="_isUpdateable" Value="true" />
         <Attr Name="_finderName" Value="DepartmentManager" />
         <Attr Name="_foreignKey" Value="model.Employees.EmpEmpIdPk" />
      </DesignTime>
   </AssociationEnd>
   <AssociationEnd
      Name="DepartmentsManaged"
      Cardinality="-1"
      Owner="model.Departments" >
      <AttrArray Name="Attributes">
         <Item Value="model.Departments.ManagerId" />
      </AttrArray>
      <DesignTime>
         <Attr Name="_aggregation" Value="0" />
         <Attr Name="_isUpdateable" Value="true" />
         <Attr Name="_finderName" Value="DepartmentsManaged" />
         <Attr Name="_foreignKey" Value="model.Departments.DeptMgrFk" />
      </DesignTime>
   </AssociationEnd>
</Association>
