<?xml version='1.0' encoding='windows-1252' ?>
<!DOCTYPE ViewObject SYSTEM "jbo_03_01.dtd">

<ViewObject
   Name="EmployeesView"
   SelectList="Employees.EMPLOYEE_ID, 
       Employees.FIRST_NAME, 
       Employees.LAST_NAME, 
       Employees.EMAIL"
   FromList="EMPLOYEES Employees"
   BindingStyle="Oracle"
   CustomQuery="false"
   ComponentClass="model.EmployeesViewImpl"
   MsgBundleClass="oracle.jbo.common.JboResourceBundle"
   UseGlueCode="false" >
   <DesignTime>
      <Attr Name="_version" Value="10.1.2.17.96" />
      <Attr Name="_codeGenFlag2" Value="Access|Coll" />
      <Attr Name="_isExpertMode" Value="false" />
   </DesignTime>
   <EntityUsage
      Name="Employees"
      Entity="model.Employees" >
      <DesignTime>
         <Attr Name="_EntireObjectTable" Value="false" />
         <Attr Name="_queryClause" Value="false" />
      </DesignTime>
   </EntityUsage>
   <ViewAttribute
      Name="EmployeeId"
      IsNotNull="true"
      PrecisionRule="true"
      EntityAttrName="EmployeeId"
      EntityUsage="Employees"
      AliasName="EMPLOYEE_ID" >
   </ViewAttribute>
   <ViewAttribute
      Name="FirstName"
      PrecisionRule="true"
      EntityAttrName="FirstName"
      EntityUsage="Employees"
      AliasName="FIRST_NAME" >
   </ViewAttribute>
   <ViewAttribute
      Name="LastName"
      IsNotNull="true"
      PrecisionRule="true"
      EntityAttrName="LastName"
      EntityUsage="Employees"
      AliasName="LAST_NAME" >
   </ViewAttribute>
   <ViewAttribute
      Name="Email"
      IsUnique="true"
      IsNotNull="true"
      PrecisionRule="true"
      EntityAttrName="Email"
      EntityUsage="Employees"
      AliasName="EMAIL" >
   </ViewAttribute>
</ViewObject>
