<?xml version='1.0' encoding='windows-1252' ?>
<!DOCTYPE Association SYSTEM "jbo_03_01.dtd">

<Association
   Name="EmpManagerFkAssoc" >
   <DesignTime>
      <Attr Name="_isCodegen" Value="true" />
      <Attr Name="_version" Value="10.1.2.17.96" />
   </DesignTime>
   <AssociationEnd
      Name="ManagerIdEmployees"
      Cardinality="1"
      Source="true"
      Owner="model.Employees" >
      <AttrArray Name="Attributes">
         <Item Value="model.Employees.EmployeeId" />
      </AttrArray>
      <DesignTime>
         <Attr Name="_aggregation" Value="0" />
         <Attr Name="_isUpdateable" Value="true" />
         <Attr Name="_finderName" Value="ManagerIdEmployees" />
         <Attr Name="_foreignKey" Value="model.Employees.EmpEmpIdPk" />
      </DesignTime>
   </AssociationEnd>
   <AssociationEnd
      Name="Employees"
      Cardinality="-1"
      Owner="model.Employees" >
      <AttrArray Name="Attributes">
         <Item Value="model.Employees.ManagerId" />
      </AttrArray>
      <DesignTime>
         <Attr Name="_aggregation" Value="0" />
         <Attr Name="_isUpdateable" Value="true" />
         <Attr Name="_finderName" Value="Employees" />
         <Attr Name="_foreignKey" Value="model.Employees.EmpManagerFk" />
      </DesignTime>
   </AssociationEnd>
</Association>
