<?xml version='1.0' encoding='windows-1252' ?>
<!DOCTYPE Association SYSTEM "jbo_03_01.dtd">

<Association
   Name="JhistEmpFkAssoc" >
   <DesignTime>
      <Attr Name="_isCodegen" Value="true" />
      <Attr Name="_version" Value="10.1.2.17.96" />
   </DesignTime>
   <AssociationEnd
      Name="Employees"
      Cardinality="1"
      Source="true"
      Owner="model.Employees"
      DeleteContainee="true"
      LockTopContainer="false" >
      <AttrArray Name="Attributes">
         <Item Value="model.Employees.EmployeeId" />
      </AttrArray>
      <DesignTime>
         <Attr Name="_minCardinality" Value="1" />
         <Attr Name="_aggregation" Value="0" />
         <Attr Name="_isUpdateable" Value="true" />
         <Attr Name="_finderName" Value="Employees" />
         <Attr Name="_foreignKey" Value="model.Employees.EmpEmpIdPk" />
      </DesignTime>
   </AssociationEnd>
   <AssociationEnd
      Name="JobHistory"
      Cardinality="-1"
      Owner="model.JobHistory"
      HasOwner="true" >
      <AttrArray Name="Attributes">
         <Item Value="model.JobHistory.EmployeeId" />
      </AttrArray>
      <DesignTime>
         <Attr Name="_aggregation" Value="0" />
         <Attr Name="_isUpdateable" Value="true" />
         <Attr Name="_finderName" Value="JobHistory" />
         <Attr Name="_foreignKey" Value="model.JobHistory.JhistEmpFk" />
      </DesignTime>
   </AssociationEnd>
</Association>
