<?xml version='1.0' encoding='windows-1252' ?>
<!DOCTYPE Entity SYSTEM "jbo_03_01.dtd">

<Entity
   Name="JobHistory"
   DBObjectType="table"
   DBObjectName="JOB_HISTORY"
   AliasName="JobHistory"
   BindingStyle="Oracle"
   UseGlueCode="false"
   RowClass="model.JobHistoryImpl" >
   <DesignTime>
      <Attr Name="_isCodegen" Value="true" />
      <Attr Name="_version" Value="10.1.2.17.96" />
      <Attr Name="_codeGenFlag2" Value="Access" />
      <AttrArray Name="_publishEvents">
      </AttrArray>
   </DesignTime>
   <Attribute
      Name="EmployeeId"
      IsNotNull="true"
      Precision="6"
      Scale="0"
      ColumnName="EMPLOYEE_ID"
      Type="oracle.jbo.domain.Number"
      ColumnType="NUMBER"
      SQLType="NUMERIC"
      TableName="JOB_HISTORY"
      PrimaryKey="true" >
      <DesignTime>
         <Attr Name="_DisplaySize" Value="22" />
      </DesignTime>
   </Attribute>
   <Attribute
      Name="StartDate"
      IsNotNull="true"
      ColumnName="START_DATE"
      Type="oracle.jbo.domain.Date"
      ColumnType="DATE"
      SQLType="DATE"
      TableName="JOB_HISTORY"
      PrimaryKey="true" >
      <DesignTime>
         <Attr Name="_DisplaySize" Value="7" />
      </DesignTime>
   </Attribute>
   <Attribute
      Name="EndDate"
      IsNotNull="true"
      ColumnName="END_DATE"
      Type="oracle.jbo.domain.Date"
      ColumnType="DATE"
      SQLType="DATE"
      TableName="JOB_HISTORY" >
      <DesignTime>
         <Attr Name="_DisplaySize" Value="7" />
      </DesignTime>
   </Attribute>
   <Attribute
      Name="JobId"
      IsNotNull="true"
      Precision="10"
      ColumnName="JOB_ID"
      Type="java.lang.String"
      ColumnType="VARCHAR2"
      SQLType="VARCHAR"
      TableName="JOB_HISTORY" >
      <DesignTime>
         <Attr Name="_DisplaySize" Value="10" />
      </DesignTime>
   </Attribute>
   <Attribute
      Name="DepartmentId"
      Precision="4"
      Scale="0"
      ColumnName="DEPARTMENT_ID"
      Type="oracle.jbo.domain.Number"
      ColumnType="NUMBER"
      SQLType="NUMERIC"
      TableName="JOB_HISTORY" >
      <DesignTime>
         <Attr Name="_DisplaySize" Value="22" />
      </DesignTime>
   </Attribute>
   <AccessorAttribute
      Name="Employees"
      Association="model.JhistEmpFkAssoc"
      AssociationEnd="model.JhistEmpFkAssoc.Employees"
      AssociationOtherEnd="model.JhistEmpFkAssoc.JobHistory"
      Type="model.EmployeesImpl" >
   </AccessorAttribute>
   <AccessorAttribute
      Name="Departments"
      Association="model.JhistDeptFkAssoc"
      AssociationEnd="model.JhistDeptFkAssoc.Departments"
      AssociationOtherEnd="model.JhistDeptFkAssoc.JobHistory"
      Type="model.DepartmentsImpl" >
   </AccessorAttribute>
   <Key
      Name="JhistDateInterval" >
      <AttrArray Name="Attributes">
         <Item Value="model.JobHistory.EndDate" />
         <Item Value="model.JobHistory.StartDate" />
      </AttrArray>
      <DesignTime>
         <Attr Name="_DBObjectName" Value="JHIST_DATE_INTERVAL" />
         <Attr Name="_checkCondition" Value="end_date &#62; start_date" />
         <Attr Name="_isCheck" Value="true" />
      </DesignTime>
   </Key>
   <Key
      Name="JhistEmpIdStDatePk" >
      <AttrArray Name="Attributes">
         <Item Value="model.JobHistory.EmployeeId" />
         <Item Value="model.JobHistory.StartDate" />
      </AttrArray>
      <DesignTime>
         <Attr Name="_DBObjectName" Value="JHIST_EMP_ID_ST_DATE_PK" />
         <Attr Name="_isPrimary" Value="true" />
      </DesignTime>
   </Key>
   <Key
      Name="JhistEmployeeNn" >
      <AttrArray Name="Attributes">
         <Item Value="model.JobHistory.EmployeeId" />
      </AttrArray>
      <DesignTime>
         <Attr Name="_DBObjectName" Value="JHIST_EMPLOYEE_NN" />
         <Attr Name="_checkCondition" Value="&#34;EMPLOYEE_ID&#34; IS NOT NULL" />
         <Attr Name="_isCheck" Value="true" />
      </DesignTime>
   </Key>
   <Key
      Name="JhistEndDateNn" >
      <AttrArray Name="Attributes">
         <Item Value="model.JobHistory.EndDate" />
      </AttrArray>
      <DesignTime>
         <Attr Name="_DBObjectName" Value="JHIST_END_DATE_NN" />
         <Attr Name="_checkCondition" Value="&#34;END_DATE&#34; IS NOT NULL" />
         <Attr Name="_isCheck" Value="true" />
      </DesignTime>
   </Key>
   <Key
      Name="JhistJobNn" >
      <AttrArray Name="Attributes">
         <Item Value="model.JobHistory.JobId" />
      </AttrArray>
      <DesignTime>
         <Attr Name="_DBObjectName" Value="JHIST_JOB_NN" />
         <Attr Name="_checkCondition" Value="&#34;JOB_ID&#34; IS NOT NULL" />
         <Attr Name="_isCheck" Value="true" />
      </DesignTime>
   </Key>
   <Key
      Name="JhistStartDateNn" >
      <AttrArray Name="Attributes">
         <Item Value="model.JobHistory.StartDate" />
      </AttrArray>
      <DesignTime>
         <Attr Name="_DBObjectName" Value="JHIST_START_DATE_NN" />
         <Attr Name="_checkCondition" Value="&#34;START_DATE&#34; IS NOT NULL" />
         <Attr Name="_isCheck" Value="true" />
      </DesignTime>
   </Key>
   <Key
      Name="JhistDeptFk" >
      <AttrArray Name="Attributes">
         <Item Value="model.JobHistory.DepartmentId" />
      </AttrArray>
      <DesignTime>
         <Attr Name="_DBObjectName" Value="JHIST_DEPT_FK" />
         <Attr Name="_referencedKey" Value="DEPT_ID_PK" />
         <Attr Name="_isForeign" Value="true" />
      </DesignTime>
   </Key>
   <Key
      Name="JhistEmpFk" >
      <AttrArray Name="Attributes">
         <Item Value="model.JobHistory.EmployeeId" />
      </AttrArray>
      <DesignTime>
         <Attr Name="_DBObjectName" Value="JHIST_EMP_FK" />
         <Attr Name="_referencedKey" Value="EMP_EMP_ID_PK" />
         <Attr Name="_isForeign" Value="true" />
      </DesignTime>
   </Key>
   <Key
      Name="JhistJobFk" >
      <AttrArray Name="Attributes">
         <Item Value="model.JobHistory.JobId" />
      </AttrArray>
      <DesignTime>
         <Attr Name="_DBObjectName" Value="JHIST_JOB_FK" />
         <Attr Name="_referencedKey" Value="JOB_ID_PK" />
         <Attr Name="_isForeign" Value="true" />
      </DesignTime>
   </Key>
</Entity>
