<?xml version="1.0" encoding="windows-1252" ?>
<!DOCTYPE ViewLink SYSTEM "jbo_03_01.dtd">
<!---->
<ViewLink
  xmlns="http://xmlns.oracle.com/bc4j"
  Name="DeptLocFkLink"
  Version="11.1.1.59.23"
  EntityAssociation="davelaar.demo.model.entities.assocs.DeptLocFkAssoc">
  <DesignTime>
    <Attr Name="_isCodegen" Value="true"/>
  </DesignTime>
  <ViewLinkDefEnd
    Name="LocationsView"
    Cardinality="1"
    Owner="davelaar.demo.model.queries.LocationsView"
    Source="true">
    <DesignTime>
      <Attr Name="_finderName" Value="LocationsView"/>
      <Attr Name="_isUpdateable" Value="true"/>
    </DesignTime>
    <AttrArray Name="Attributes">
      <Item Value="davelaar.demo.model.queries.LocationsView.LocationId"/>
    </AttrArray>
  </ViewLinkDefEnd>
  <ViewLinkDefEnd
    Name="DepartmentsView"
    Cardinality="-1"
    Owner="davelaar.demo.model.queries.DepartmentsView">
    <DesignTime>
      <Attr Name="_finderName" Value="DepartmentsView"/>
      <Attr Name="_isUpdateable" Value="true"/>
    </DesignTime>
    <AttrArray Name="Attributes">
      <Item Value="davelaar.demo.model.queries.DepartmentsView.LocationId"/>
    </AttrArray>
  </ViewLinkDefEnd>
</ViewLink>
