<?xml version="1.0" encoding="windows-1252"?>
<!DOCTYPE faces-config PUBLIC
  "-//Sun Microsystems, Inc.//DTD JavaServer Faces Config 1.1//EN"
  "http://java.sun.com/dtd/web-facesconfig_1_1.dtd">
<faces-config xmlns="http://java.sun.com/JSF/Configuration">
  <lifecycle/>
  <application>
    <default-render-kit-id>org.apache.myfaces.trinidad.core</default-render-kit-id>
  </application>
  <navigation-rule>
    <from-view-id>/login.jsp</from-view-id>
    <navigation-case>
      <from-outcome>main</from-outcome>
      <to-view-id>/main.jsp</to-view-id>
    </navigation-case>
  </navigation-rule>
  <managed-bean>
    <managed-bean-name>Main</managed-bean-name>
    <managed-bean-class>viewcontrollerjsf.backing.Main</managed-bean-class>
    <managed-bean-scope>request</managed-bean-scope>
  </managed-bean>
</faces-config>