<?xml version='1.0' encoding='windows-1252' ?>
<!DOCTYPE Entity SYSTEM "jbo_03_01.dtd">

<Entity
   Name="Emp"
   DBObjectType="table"
   DBObjectName="EMP"
   AliasName="Emp"
   BindingStyle="OracleName"
   UseGlueCode="false"
   RowClass="sample.EmpImpl"
   MsgBundleClass="sample.common.EmpImplMsgBundle" >
   <DesignTime>
      <Attr Name="_isCodegen" Value="true" />
      <Attr Name="_version" Value="10.1.3.40.66" />
      <AttrArray Name="_publishEvents">
      </AttrArray>
      <Attr Name="_codeGenFlag2" Value="Access|Msg" />
   </DesignTime>
   <Attribute
      Name="Empno"
      IsUpdateable="false"
      DefaultValue="@0"
      ColumnName="EMPNO"
      Domain="oracle.jbo.domain.DBSequence"
      Type="oracle.jbo.domain.DBSequence"
      ColumnType="NUMBER"
      SQLType="NUMERIC"
      TableName="EMP"
      PrimaryKey="true"
      RetrievedOnInsert="true" >
      <DesignTime>
         <Attr Name="_DisplaySize" Value="22" />
      </DesignTime>
   </Attribute>
   <Attribute
      Name="Ename"
      IsNotNull="true"
      Precision="10"
      ColumnName="ENAME"
      Type="java.lang.String"
      ColumnType="VARCHAR2"
      SQLType="VARCHAR"
      TableName="EMP" >
      <DesignTime>
         <Attr Name="_DisplaySize" Value="10" />
      </DesignTime>
      <MethodValidationBean
         xmlns="http://xmlns.oracle.com/adfm/validation"
         ResId="Ename_Rule_0"
         MethodName="validateEname" >
      </MethodValidationBean>
   </Attribute>
   <Attribute
      Name="Job"
      IsNotNull="true"
      Precision="9"
      ColumnName="JOB"
      Type="java.lang.String"
      ColumnType="VARCHAR2"
      SQLType="VARCHAR"
      TableName="EMP" >
      <DesignTime>
         <Attr Name="_DisplaySize" Value="9" />
      </DesignTime>
   </Attribute>
   <Attribute
      Name="Mgr"
      IsNotNull="true"
      Precision="4"
      Scale="0"
      ColumnName="MGR"
      Type="oracle.jbo.domain.Number"
      ColumnType="NUMBER"
      SQLType="NUMERIC"
      TableName="EMP" >
      <DesignTime>
         <Attr Name="_DisplaySize" Value="22" />
      </DesignTime>
   </Attribute>
   <Attribute
      Name="Hiredate"
      IsNotNull="true"
      ColumnName="HIREDATE"
      Type="oracle.jbo.domain.Date"
      ColumnType="DATE"
      SQLType="DATE"
      TableName="EMP" >
      <DesignTime>
         <Attr Name="_DisplaySize" Value="7" />
      </DesignTime>
   </Attribute>
   <Attribute
      Name="Sal"
      IsNotNull="true"
      Precision="7"
      Scale="2"
      ColumnName="SAL"
      Type="oracle.jbo.domain.Number"
      ColumnType="NUMBER"
      SQLType="NUMERIC"
      TableName="EMP" >
      <DesignTime>
         <Attr Name="_DisplaySize" Value="22" />
      </DesignTime>
   </Attribute>
   <Attribute
      Name="Comm"
      IsNotNull="true"
      Precision="7"
      Scale="2"
      ColumnName="COMM"
      Type="oracle.jbo.domain.Number"
      ColumnType="NUMBER"
      SQLType="NUMERIC"
      TableName="EMP" >
      <DesignTime>
         <Attr Name="_DisplaySize" Value="22" />
      </DesignTime>
   </Attribute>
   <Attribute
      Name="Deptno"
      IsNotNull="true"
      Precision="2"
      Scale="0"
      ColumnName="DEPTNO"
      Type="oracle.jbo.domain.Number"
      ColumnType="NUMBER"
      SQLType="NUMERIC"
      TableName="EMP" >
      <DesignTime>
         <Attr Name="_DisplaySize" Value="22" />
      </DesignTime>
   </Attribute>
   <AccessorAttribute
      Name="Dept"
      Association="sample.WorksInDeptAssoc"
      AssociationEnd="sample.WorksInDeptAssoc.Dept"
      AssociationOtherEnd="sample.WorksInDeptAssoc.Emp"
      Type="sample.DeptImpl" >
   </AccessorAttribute>
   <Key
      Name="EmpCommCheck" >
      <AttrArray Name="Attributes">
         <Item Value="sample.Emp.Comm" />
      </AttrArray>
      <DesignTime>
         <Attr Name="_checkCondition" Value="&#34;COMM&#34; IS NOT NULL" />
         <Attr Name="_isCheck" Value="true" />
         <Attr Name="_isNotNull" Value="true" />
         <Attr Name="_DBObjectName" Value="EMP_COMM_CHECK" />
      </DesignTime>
   </Key>
   <Key
      Name="EmpDeptnoCheck" >
      <AttrArray Name="Attributes">
         <Item Value="sample.Emp.Deptno" />
      </AttrArray>
      <DesignTime>
         <Attr Name="_checkCondition" Value="&#34;DEPTNO&#34; IS NOT NULL" />
         <Attr Name="_isCheck" Value="true" />
         <Attr Name="_isNotNull" Value="true" />
         <Attr Name="_DBObjectName" Value="EMP_DEPTNO_CHECK" />
      </DesignTime>
   </Key>
   <Key
      Name="EmpEnameCheck" >
      <AttrArray Name="Attributes">
         <Item Value="sample.Emp.Ename" />
      </AttrArray>
      <DesignTime>
         <Attr Name="_checkCondition" Value="&#34;ENAME&#34; IS NOT NULL" />
         <Attr Name="_isCheck" Value="true" />
         <Attr Name="_isNotNull" Value="true" />
         <Attr Name="_DBObjectName" Value="EMP_ENAME_CHECK" />
      </DesignTime>
   </Key>
   <Key
      Name="EmpHiredateCheck" >
      <AttrArray Name="Attributes">
         <Item Value="sample.Emp.Hiredate" />
      </AttrArray>
      <DesignTime>
         <Attr Name="_checkCondition" Value="&#34;HIREDATE&#34; IS NOT NULL" />
         <Attr Name="_isCheck" Value="true" />
         <Attr Name="_isNotNull" Value="true" />
         <Attr Name="_DBObjectName" Value="EMP_HIREDATE_CHECK" />
      </DesignTime>
   </Key>
   <Key
      Name="EmpJobCheck" >
      <AttrArray Name="Attributes">
         <Item Value="sample.Emp.Job" />
      </AttrArray>
      <DesignTime>
         <Attr Name="_checkCondition" Value="&#34;JOB&#34; IS NOT NULL" />
         <Attr Name="_isCheck" Value="true" />
         <Attr Name="_isNotNull" Value="true" />
         <Attr Name="_DBObjectName" Value="EMP_JOB_CHECK" />
      </DesignTime>
   </Key>
   <Key
      Name="EmpMgrCheck" >
      <AttrArray Name="Attributes">
         <Item Value="sample.Emp.Mgr" />
      </AttrArray>
      <DesignTime>
         <Attr Name="_checkCondition" Value="&#34;MGR&#34; IS NOT NULL" />
         <Attr Name="_isCheck" Value="true" />
         <Attr Name="_isNotNull" Value="true" />
         <Attr Name="_DBObjectName" Value="EMP_MGR_CHECK" />
      </DesignTime>
   </Key>
   <Key
      Name="EmpSalCheck" >
      <AttrArray Name="Attributes">
         <Item Value="sample.Emp.Sal" />
      </AttrArray>
      <DesignTime>
         <Attr Name="_checkCondition" Value="&#34;SAL&#34; IS NOT NULL" />
         <Attr Name="_isCheck" Value="true" />
         <Attr Name="_isNotNull" Value="true" />
         <Attr Name="_DBObjectName" Value="EMP_SAL_CHECK" />
      </DesignTime>
   </Key>
   <Key
      Name="EmployeePk" >
      <AttrArray Name="Attributes">
         <Item Value="sample.Emp.Empno" />
      </AttrArray>
      <DesignTime>
         <Attr Name="_isPrimary" Value="true" />
         <Attr Name="_DBObjectName" Value="EMPLOYEE_PK" />
      </DesignTime>
   </Key>
   <Key
      Name="SysC0010548" >
      <AttrArray Name="Attributes">
         <Item Value="sample.Emp.Empno" />
      </AttrArray>
      <DesignTime>
         <Attr Name="_checkCondition" Value="&#34;EMPNO&#34; IS NOT NULL" />
         <Attr Name="_isCheck" Value="true" />
         <Attr Name="_DBObjectName" Value="SYS_C0010548" />
      </DesignTime>
   </Key>
   <Key
      Name="SysC0010627" >
      <AttrArray Name="Attributes">
         <Item Value="sample.Emp.Empno" />
      </AttrArray>
      <DesignTime>
         <Attr Name="_checkCondition" Value="&#34;EMPNO&#34; IS NOT NULL" />
         <Attr Name="_isCheck" Value="true" />
         <Attr Name="_DBObjectName" Value="SYS_C0010627" />
      </DesignTime>
   </Key>
   <Key
      Name="WorksInDept" >
      <AttrArray Name="Attributes">
         <Item Value="sample.Emp.Deptno" />
      </AttrArray>
      <DesignTime>
         <Attr Name="_referencedKey" Value="DEPT_PK" />
         <Attr Name="_isForeign" Value="true" />
         <Attr Name="_DBObjectName" Value="WORKS_IN_DEPT" />
      </DesignTime>
   </Key>
</Entity>
