<?xml version = '1.0' encoding = 'windows-1252' standalone = 'yes'?>
<jazn-data xmlns:xsi="http://www.w3.org/2001/XMLSchema-instance" xsi:noNamespaceSchemaLocation="http://xmlns.oracle.com/oracleas/schema/jazn-data-10_0.xsd" filepath="" OC4J_INSTANCE_ID="">
  <jazn-realm>
    <realm>
      <name>jazn.com</name>
      <users>
        <user>
          <name>DataBase_User_eOoZx6NOHiLOsFh2DvHeMu5FyxVqsdtJ</name>
          <credentials>{903}eOoZx6NOHiLOsFh2DvHeMu5FyxVqsdtJ</credentials>
        </user>
        <user>
          <name>DataBase_User_zJ8Q9KlBGDkQqCPL3-kpqqXa9E1a6ByP</name>
          <credentials>{903}zJ8Q9KlBGDkQqCPL3+kpqqXa9E1a6ByP</credentials>
        </user>
        <user>
          <name>DataBase_User_4kCAzX1nzeuhX0lS9hou3Bi0zBDMilzg</name>
          <credentials>{903}4kCAzX1nzeuhX0lS9hou3Bi0zBDMilzg</credentials>
        </user>
        <user>
          <name>DataBase_User_IzPx_Tcqm5BK4vKusdRrNe4wxofnLMZi</name>
          <credentials>{903}IzPx/Tcqm5BK4vKusdRrNe4wxofnLMZi</credentials>
        </user>
        <user>
          <name>DataBase_User_pUpK8u4eTAHrnaolzDMdHImqgbB369oA</name>
          <credentials>{903}pUpK8u4eTAHrnaolzDMdHImqgbB369oA</credentials>
        </user>
        <user>
          <name>DataBase_User_9kXO3XDLe-DjsX3ONn4kEIsqHH9l1jAP</name>
          <credentials>{903}9kXO3XDLe+DjsX3ONn4kEIsqHH9l1jAP</credentials>
        </user>
        <user>
          <name>DataBase_User_3Mdx9wRowkaSWsg0zHOujV1YjFuAQo4L</name>
          <credentials>{903}3Mdx9wRowkaSWsg0zHOujV1YjFuAQo4L</credentials>
        </user>
        <user>
          <name>DataBase_User_qHVsDmei6-5xuAC6XTGC9O4T4WOjKE7l</name>
          <credentials>{903}qHVsDmei6+5xuAC6XTGC9O4T4WOjKE7l</credentials>
        </user>
        <user>
          <name>DataBase_User_J_1g40AcCCwRycnPHvBYOFziEy-ycZeP</name>
          <credentials>{903}J/1g40AcCCwRycnPHvBYOFziEy+ycZeP</credentials>
        </user>
        <user>
          <name>DataBase_User_9qxo4zJxbolzx-eiCeV0VzHwxrD3UENi</name>
          <credentials>{903}9qxo4zJxbolzx+eiCeV0VzHwxrD3UENi</credentials>
        </user>
        <user>
          <name>DataBase_User_xiLrsDykGZocw93IFD2GE6eQ4mtGsfDK</name>
          <credentials>{903}xiLrsDykGZocw93IFD2GE6eQ4mtGsfDK</credentials>
        </user>
        <user>
          <name>DataBase_User_G4RJKBq5EQd93OViCi_0hxqOvkVzdPzQ</name>
          <credentials>{903}G4RJKBq5EQd93OViCi/0hxqOvkVzdPzQ</credentials>
        </user>
        <user>
          <name>DataBase_User_ewwsaiKT-2DyFNy5Cj18wCr6s7jpwZ8L</name>
          <credentials>{903}ewwsaiKT+2DyFNy5Cj18wCr6s7jpwZ8L</credentials>
        </user>
        <user>
          <name>DataBase_User_uf2N--_3S93ONNhxtQUVaNCq-ftyMH4u</name>
          <credentials>{903}uf2N++/3S93ONNhxtQUVaNCq+ftyMH4u</credentials>
        </user>
        <user>
          <name>DataBase_User_mOgT60XsG7RYZfDJH4QEj6dBGEJ3YY5I</name>
          <credentials>{903}mOgT60XsG7RYZfDJH4QEj6dBGEJ3YY5I</credentials>
        </user>
        <user>
          <name>DataBase_User_0zjAjF68I5DNEMEfHUJ1FjEufThHmPcd</name>
          <credentials>{903}0zjAjF68I5DNEMEfHUJ1FjEufThHmPcd</credentials>
        </user>
        <user>
          <name>DataBase_User_nG7O6jdD9RtCIWV3FbbOCFWv3C4Gpqzc</name>
          <credentials>{903}nG7O6jdD9RtCIWV3FbbOCFWv3C4Gpqzc</credentials>
        </user>
        <user>
          <name>DataBase_User_UPzN7G9siCctIwydKKpRK8Rp5HoHcmR4</name>
          <credentials>{903}UPzN7G9siCctIwydKKpRK8Rp5HoHcmR4</credentials>
        </user>
        <user>
          <name>DataBase_User_kk3dFws0QrI8AsFTJkeqiTxVRpK0GYGm</name>
          <credentials>{903}kk3dFws0QrI8AsFTJkeqiTxVRpK0GYGm</credentials>
        </user>
        <user>
          <name>DataBase_User_x5BUFk1j5owkVIVI8iCEbA3BPcSE2873</name>
          <credentials>{903}x5BUFk1j5owkVIVI8iCEbA3BPcSE2873</credentials>
        </user>
        <user>
          <name>DataBase_User_5S_rhSH36pJclg_e_SsuA5Wr164T4v14</name>
          <credentials>{903}5S/rhSH36pJclg/e/SsuA5Wr164T4v14</credentials>
        </user>
        <user>
          <name>DataBase_User_8U7imPJcm5VN9bu6DLXaEBEXS8LskuNj</name>
          <credentials>{903}8U7imPJcm5VN9bu6DLXaEBEXS8LskuNj</credentials>
        </user>
      </users>
      <roles/>
    </realm>
  </jazn-realm>
</jazn-data>
