<?xml version = '1.0' encoding = 'windows-1252' standalone = 'yes'?>
<jazn-data xmlns:xsi="http://www.w3.org/2001/XMLSchema-instance" xsi:noNamespaceSchemaLocation="http://xmlns.oracle.com/oracleas/schema/jazn-data-10_0.xsd" filepath="" OC4J_INSTANCE_ID="">
  <jazn-realm>
    <realm>
      <name>jazn.com</name>
      <users>
        <user>
          <name>DataBase_User_p9Txmk9hti7vQhj4XTN05ShiqfiSir8Q</name>
          <credentials>{903}p9Txmk9hti7vQhj4XTN05ShiqfiSir8Q</credentials>
        </user>
        <user>
          <name>DataBase_User_gXNHtpQXRg1Y0katz-iwqAh0QrMNvYo1</name>
          <credentials>{903}gXNHtpQXRg1Y0katz+iwqAh0QrMNvYo1</credentials>
        </user>
        <user>
          <name>DataBase_User_WwR6zc33auBvPeY30aJBi49uYWyA-xtrIpC1On_cLBU=</name>
          <credentials>{903}WwR6zc33auBvPeY30aJBi49uYWyA+xtrIpC1On/cLBU=</credentials>
        </user>
        <user>
          <name>DataBase_User_BRJxvqiZZZwMBQHTEgYAW7FLhAA95WEohaPugCa4I7A=</name>
          <credentials>{903}BRJxvqiZZZwMBQHTEgYAW7FLhAA95WEohaPugCa4I7A=</credentials>
        </user>
        <user>
          <name>DataBase_User_sUi2vU-qL1Mozo6qeCm_CZEvVVrvgZ_P</name>
          <credentials>{903}sUi2vU+qL1Mozo6qeCm/CZEvVVrvgZ/P</credentials>
        </user>
        <user>
          <name>DataBase_User_W3sLRs-rhugJpzw7Hp5OwgLmoA8fqcQ5</name>
          <credentials>{903}W3sLRs+rhugJpzw7Hp5OwgLmoA8fqcQ5</credentials>
        </user>
        <user>
          <name>DataBase_User_sfg6u0s-r5uyVcq6ajaPnmIiNqJr2tSy</name>
          <credentials>{903}sfg6u0s+r5uyVcq6ajaPnmIiNqJr2tSy</credentials>
        </user>
        <user>
          <name>DataBase_User_2-sC2HxIAOpvdr5d1C6TJw-6uMVoWZ6J</name>
          <credentials>{903}2+sC2HxIAOpvdr5d1C6TJw+6uMVoWZ6J</credentials>
        </user>
        <user>
          <name>DataBase_User_yqRbSf2nStF-s61nKJVE9vWQ3AHjcV9Q</name>
          <credentials>{903}yqRbSf2nStF+s61nKJVE9vWQ3AHjcV9Q</credentials>
        </user>
        <user>
          <name>DataBase_User_9J3g8eVFSsZC-EMo-6SecKA5i0fzhjvW</name>
          <credentials>{903}9J3g8eVFSsZC+EMo+6SecKA5i0fzhjvW</credentials>
        </user>
        <user>
          <name>DataBase_User_nujLihzxj4avmbYvpAcuQcFUbGwtXaId</name>
          <credentials>{903}nujLihzxj4avmbYvpAcuQcFUbGwtXaId</credentials>
        </user>
        <user>
          <name>DataBase_User_OjbHDtTD_IHTB7BUQW4J_qKJJvjZWeGt</name>
          <credentials>{903}OjbHDtTD/IHTB7BUQW4J/qKJJvjZWeGt</credentials>
        </user>
        <user>
          <name>DataBase_User_ZiDYZOpFI_QkUoT_y0PhhMDd4IQirJj2</name>
          <credentials>{903}ZiDYZOpFI/QkUoT/y0PhhMDd4IQirJj2</credentials>
        </user>
        <user>
          <name>DataBase_User_vRfa8vPI8XU_KUbn1UPvaU8fjegTkv7f</name>
          <credentials>{903}vRfa8vPI8XU/KUbn1UPvaU8fjegTkv7f</credentials>
        </user>
        <user>
          <name>DataBase_User_AkmspUDeveel8BcHESJlx5lHUkqdMrH6</name>
          <credentials>{903}AkmspUDeveel8BcHESJlx5lHUkqdMrH6</credentials>
        </user>
        <user>
          <name>DataBase_User_8aDgg5Q8KUc1EZ-JnrzZisC6NobynMvu</name>
          <credentials>{903}8aDgg5Q8KUc1EZ+JnrzZisC6NobynMvu</credentials>
        </user>
        <user>
          <name>DataBase_User_PBzzaAxy0VZAb7qfucqimQoSjDqp_A8c</name>
          <credentials>{903}PBzzaAxy0VZAb7qfucqimQoSjDqp/A8c</credentials>
        </user>
        <user>
          <name>DataBase_User_i2x_MYsuzjW3qsczbdM38BySgyy26RWu</name>
          <credentials>{903}i2x/MYsuzjW3qsczbdM38BySgyy26RWu</credentials>
        </user>
        <user>
          <name>DataBase_User_Hd0EC11CH-aibHw7eBGdV1NaBP3ywdwO</name>
          <credentials>{903}Hd0EC11CH+aibHw7eBGdV1NaBP3ywdwO</credentials>
        </user>
        <user>
          <name>DataBase_User_7LGhipQI4DmjyYsC_qB5eT1878ydEdZl</name>
          <credentials>{903}7LGhipQI4DmjyYsC/qB5eT1878ydEdZl</credentials>
        </user>
        <user>
          <name>DataBase_User_CdrbAmM7KDk-sUGTaJ8xbMhQsQe5EIRL</name>
          <credentials>{903}CdrbAmM7KDk+sUGTaJ8xbMhQsQe5EIRL</credentials>
        </user>
        <user>
          <name>DataBase_User_nirfHZc0csKeXVSrcp05vzmq4U_6tCZJ</name>
          <credentials>{903}nirfHZc0csKeXVSrcp05vzmq4U/6tCZJ</credentials>
        </user>
        <user>
          <name>DataBase_User_hpQfg7OC8PasGDcOyNZUuewC4pl7u2hf</name>
          <credentials>{903}hpQfg7OC8PasGDcOyNZUuewC4pl7u2hf</credentials>
        </user>
        <user>
          <name>DataBase_User_WbPF_23NzTx_3gC7rOKUyvZCLrpaLOJw</name>
          <credentials>{903}WbPF/23NzTx/3gC7rOKUyvZCLrpaLOJw</credentials>
        </user>
        <user>
          <name>DataBase_User_JHjB5p0NFQ36vNjdWSQeT3OfMQCWmjOS</name>
          <credentials>{903}JHjB5p0NFQ36vNjdWSQeT3OfMQCWmjOS</credentials>
        </user>
        <user>
          <name>DataBase_User_jNmLmINKrcYUYRsB195OZQpeHDHYANPz</name>
          <credentials>{903}jNmLmINKrcYUYRsB195OZQpeHDHYANPz</credentials>
        </user>
        <user>
          <name>DataBase_User_0JxoQugmg5fJ-PGXh4GgTptve51aneNp</name>
          <credentials>{903}0JxoQugmg5fJ+PGXh4GgTptve51aneNp</credentials>
        </user>
        <user>
          <name>DataBase_User_XJomw9hEP8-EFGKwpb3xOovSm7CLtTxn</name>
          <credentials>{903}XJomw9hEP8+EFGKwpb3xOovSm7CLtTxn</credentials>
        </user>
        <user>
          <name>DataBase_User_XGgcAa3phpD5YD1MTACBqmqXXJCjeqsG</name>
          <credentials>{903}XGgcAa3phpD5YD1MTACBqmqXXJCjeqsG</credentials>
        </user>
        <user>
          <name>DataBase_User_55DpQZXC5Ef5B7Ny8qJ-PbEiwnJs0wQ4</name>
          <credentials>{903}55DpQZXC5Ef5B7Ny8qJ+PbEiwnJs0wQ4</credentials>
        </user>
      </users>
      <roles/>
    </realm>
  </jazn-realm>
</jazn-data>
