<?xml version="1.0" encoding="windows-1252" ?>
<!DOCTYPE ViewLink SYSTEM "jbo_03_01.dtd">
<!---->
<ViewLink
  xmlns="http://xmlns.oracle.com/bc4j"
  Name="EmpJobFkLink"
  Version="11.1.1.59.23"
  EntityAssociation="davelaar.demo.model.entities.assocs.EmpJobFkAssoc">
  <DesignTime>
    <Attr Name="_isCodegen" Value="true"/>
  </DesignTime>
  <ViewLinkDefEnd
    Name="JobsView"
    Cardinality="1"
    Owner="davelaar.demo.model.queries.JobsView"
    Source="true">
    <DesignTime>
      <Attr Name="_finderName" Value="JobsView"/>
      <Attr Name="_isUpdateable" Value="true"/>
      <Attr Name="_minCardinality" Value="1"/>
    </DesignTime>
    <AttrArray Name="Attributes">
      <Item Value="davelaar.demo.model.queries.JobsView.JobId"/>
    </AttrArray>
  </ViewLinkDefEnd>
  <ViewLinkDefEnd
    Name="EmployeesView"
    Cardinality="-1"
    Owner="davelaar.demo.model.queries.EmployeesView">
    <DesignTime>
      <Attr Name="_finderName" Value="EmployeesView"/>
      <Attr Name="_isUpdateable" Value="true"/>
    </DesignTime>
    <AttrArray Name="Attributes">
      <Item Value="davelaar.demo.model.queries.EmployeesView.JobId"/>
    </AttrArray>
  </ViewLinkDefEnd>
</ViewLink>
