<?xml version="1.0" encoding="UTF-8" ?>
<pageDefinition xmlns="http://xmlns.oracle.com/adfm/uimodel"
                version="10.1.3.40.66"
                id="CreateNewEmployeePageUsingAMMethodViaEntityPageDef"
                Package="viewcontroller.pageDefs"
                MsgBundleClass="viewcontroller.pageDefs.CreateNewEmployeePageUsingAMMethodViaEntityPageDefMsgBundle">
  <parameters/>
  <executables>
    <variableIterator id="variables">
      <variable Type="java.lang.String" Name="createNewEmployee_Ename"
                IsQueriable="false" IsNotNull="true"/>
      <variable Type="java.lang.String" Name="createNewEmployee_Job"
                IsQueriable="false" IsNotNull="true"/>
      <variable Type="oracle.jbo.domain.Number" Name="createNewEmployee_Mgr"
                IsQueriable="false" IsNotNull="true"/>
      <variable Type="oracle.jbo.domain.Date" Name="createNewEmployee_Hiredate"
                IsQueriable="false" IsNotNull="true"/>
      <variable Type="oracle.jbo.domain.Number" Name="createNewEmployee_Sal"
                IsQueriable="false" IsNotNull="true"/>
      <variable Type="oracle.jbo.domain.Number" Name="createNewEmployee_Comm"
                IsQueriable="false" IsNotNull="true"/>
      <variable Type="oracle.jbo.domain.Number" Name="createNewEmployee_Deptno"
                IsQueriable="false" IsNotNull="true"/>
    </variableIterator>
    <iterator id="DepartmentListIterator" RangeSize="-1" Binds="DepartmentList"
              DataControl="TestModuleDataControl"/>
  </executables>
  <bindings>
    <methodAction id="createNewEmployee" MethodName="createNewEmployee"
                  RequiresUpdateModel="true" Action="999"
                  IsViewObjectMethod="false" DataControl="TestModuleDataControl"
                  InstanceName="TestModuleDataControl.dataProvider">
      <NamedData NDName="Ename" NDType="java.lang.String"
                 NDValue="${bindings.createNewEmployee_Ename}"/>
      <NamedData NDName="Job" NDType="java.lang.String"
                 NDValue="${bindings.createNewEmployee_Job}"/>
      <NamedData NDName="Mgr" NDType="oracle.jbo.domain.Number"
                 NDValue="${bindings.createNewEmployee_Mgr}"/>
      <NamedData NDName="Hiredate" NDType="oracle.jbo.domain.Date"
                 NDValue="${bindings.createNewEmployee_Hiredate}"/>
      <NamedData NDName="Sal" NDType="oracle.jbo.domain.Number"
                 NDValue="${bindings.createNewEmployee_Sal}"/>
      <NamedData NDName="Comm" NDType="oracle.jbo.domain.Number"
                 NDValue="${bindings.createNewEmployee_Comm}"/>
      <NamedData NDName="Deptno" NDType="oracle.jbo.domain.Number"
                 NDValue="${bindings.createNewEmployee_Deptno}"/>
    </methodAction>
    <attributeValues id="Ename" IterBinding="variables">
      <AttrNames>
        <Item Value="createNewEmployee_Ename"/>
      </AttrNames>
    </attributeValues>
    <attributeValues id="Job" IterBinding="variables">
      <AttrNames>
        <Item Value="createNewEmployee_Job"/>
      </AttrNames>
    </attributeValues>
    <attributeValues id="Mgr" IterBinding="variables">
      <AttrNames>
        <Item Value="createNewEmployee_Mgr"/>
      </AttrNames>
    </attributeValues>
    <attributeValues id="Hiredate" IterBinding="variables">
      <AttrNames>
        <Item Value="createNewEmployee_Hiredate"/>
      </AttrNames>
    </attributeValues>
    <attributeValues id="Sal" IterBinding="variables">
      <AttrNames>
        <Item Value="createNewEmployee_Sal"/>
      </AttrNames>
    </attributeValues>
    <attributeValues id="Comm" IterBinding="variables">
      <AttrNames>
        <Item Value="createNewEmployee_Comm"/>
      </AttrNames>
    </attributeValues>
    <list id="Deptno" IterBinding="variables" StaticList="false"
          ListOperMode="0" ListIter="DepartmentListIterator" NullValueFlag="1"
          NullValueId="Deptno_null">
      <AttrNames>
        <Item Value="createNewEmployee_Deptno"/>
      </AttrNames>
      <ListAttrNames>
        <Item Value="Deptno"/>
      </ListAttrNames>
      <ListDisplayAttrNames>
        <Item Value="Dname"/>
      </ListDisplayAttrNames>
    </list>
  </bindings>
</pageDefinition>
