<?xml version="1.0" encoding="windows-1252" ?>
<adfc-config xmlns="http://xmlns.oracle.com/adf/controller" version="1.2">
  <task-flow-definition id="third">
    <default-activity id="__1">three</default-activity>
    <input-parameter-definition id="__2">
      <name id="__3">tabContext</name>
      <value>#{pageFlowScope.tabContext}</value>
      <class>oracle.ui.pattern.dynamicShell.TabContext</class>
      <required/>
    </input-parameter-definition>
    <view id="three">
      <page>/fragments/three.jsff</page>
    </view>
    <use-page-fragments/>
  </task-flow-definition>
</adfc-config>
