<?xml version="1.0" encoding="windows-1252"?>
<!DOCTYPE faces-config PUBLIC
  "-//Sun Microsystems, Inc.//DTD JavaServer Faces Config 1.1//EN"
  "http://java.sun.com/dtd/web-facesconfig_1_1.dtd">
<faces-config xmlns="http://java.sun.com/JSF/Configuration">
  <lifecycle>
    <phase-listener>viewcontroller.CustomADFPhaseListener</phase-listener>
  </lifecycle>
  <application>
    <default-render-kit-id>oracle.adf.core</default-render-kit-id>
    <locale-config>
      <default-locale>en</default-locale>
      <supported-locale>en</supported-locale>
      <supported-locale>it</supported-locale>
    </locale-config>
  </application>
  <navigation-rule>
    <from-view-id>/TestHomePage.jspx</from-view-id>
    <navigation-case>
      <from-outcome>createNewEmp</from-outcome>
      <to-view-id>/CreateNewEmployeePage.jspx</to-view-id>
    </navigation-case>
    <navigation-case>
      <from-outcome>createViaMethod</from-outcome>
      <to-view-id>/CreateNewEmployeePageUsingAMMethodViaEntity.jspx</to-view-id>
    </navigation-case>
  </navigation-rule>
  <navigation-rule>
    <from-view-id>/CreateNewEmployeePage.jspx</from-view-id>
    <navigation-case>
      <from-outcome>back</from-outcome>
      <to-view-id>/TestHomePage.jspx</to-view-id>
    </navigation-case>
  </navigation-rule>
  <navigation-rule>
    <from-view-id>/CreateNewEmployeePageUsingAMMethodViaEntity.jspx</from-view-id>
    <navigation-case>
      <from-outcome>back</from-outcome>
      <to-view-id>/TestHomePage.jspx</to-view-id>
    </navigation-case>
  </navigation-rule>
  <managed-bean>
    <managed-bean-name>CreateNewEmployeePageUsingAMMethodViaEntity</managed-bean-name>
    <managed-bean-class>viewcontroller.backing.CreateNewEmployeePageUsingAMMethodViaEntity</managed-bean-class>
    <managed-bean-scope>request</managed-bean-scope>
    <managed-property>
      <property-name>bindings</property-name>
      <value>#{bindings}</value>
    </managed-property>
  </managed-bean>
  <managed-bean>
    <managed-bean-name>Helper</managed-bean-name>
    <managed-bean-class>viewcontroller.util.ListBindingHelper</managed-bean-class>
    <managed-bean-scope>application</managed-bean-scope>
  </managed-bean>
  <managed-bean>
    <managed-bean-name>CreateNewEmployeePage</managed-bean-name>
    <managed-bean-class>viewcontroller.backing.CreateNewEmployeePage</managed-bean-class>
    <managed-bean-scope>request</managed-bean-scope>
    <managed-property>
      <property-name>bindings</property-name>
      <value>#{bindings}</value>
    </managed-property>
  </managed-bean>
</faces-config>