<?xml version="1.0" encoding="UTF-8" ?>
<JavaBean xmlns="http://xmlns.oracle.com/adfm/beanmodel" version="11.1.2.64.36" id="item_Operations"
          Package="HR_WS.Types.findCountry.findCriteria.filter.group"
          BeanClass="HR_WS.Types.findCountry.findCriteria.filter.group.item_Operations" isJavaBased="false">
  <BuiltinOperation id="First"/>
  <BuiltinOperation id="Next"/>
  <BuiltinOperation id="Previous"/>
  <BuiltinOperation id="Last"/>
  <BuiltinOperation id="setCurrentRowWithKey"/>
  <BuiltinOperation id="setCurrentRowWithKeyValue"/>
  <BuiltinOperation id="Create"/>
  <BuiltinOperation id="Delete"/>
</JavaBean>
