<?xml version="1.0" encoding="UTF-8" ?>
<JavaBean xmlns="http://xmlns.oracle.com/adfm/beanmodel" version="11.1.2.64.36" id="item"
          Package="HR_WS.Types.findCountry.findCriteria.filter.group"
          BeanClass="HR_WS.Types.findCountry.findCriteria.filter.group.item" isJavaBased="false">
  <Attribute Name="conjunction" IsNotNull="false" Type="java.lang.String">
    <Properties>
      <CustomProperties>
        <Property Name="PrimaryKey" Value="false"/>
      </CustomProperties>
    </Properties>
  </Attribute>
  <Attribute Name="upperCaseCompare" IsNotNull="true" Type="java.lang.Boolean">
    <Properties>
      <CustomProperties>
        <Property Name="PrimaryKey" Value="false"/>
      </CustomProperties>
    </Properties>
  </Attribute>
  <Attribute Name="attribute" IsNotNull="true" Type="java.lang.String">
    <Properties>
      <CustomProperties>
        <Property Name="PrimaryKey" Value="false"/>
      </CustomProperties>
    </Properties>
  </Attribute>
  <Attribute Name="operator" IsNotNull="true" Type="java.lang.String">
    <Properties>
      <CustomProperties>
        <Property Name="PrimaryKey" Value="false"/>
      </CustomProperties>
    </Properties>
  </Attribute>
  <Attribute Name="_ROWNUM___ATTR_" PrimaryKey="true" IsNotNull="true" Type="java.lang.Integer">
    <Properties>
      <CustomProperties>
        <Property Name="DISPLAYHINT" Value="Hide"/>
        <Property Name="PrimaryKey" Value="true"/>
        <Property Name="IsVisible" Value="false"/>
        <Property Name="IsQueriable" Value="false"/>
        <Property Name="updateable" Value="false"/>
      </CustomProperties>
    </Properties>
  </Attribute>
  <AccessorAttribute id="value" IsCollection="true"
                     BeanClass="HR_WS.Types.findCountry.findCriteria.filter.group.item.value"
                     CollectionBeanClass="HR_WS.Types.findCountry.findCriteria.filter.group.item_Operations"/>
  <AccessorAttribute id="nested" IsCollection="false" BeanClass="HR_WS.Types.findCountry.findCriteria.filter"/>
</JavaBean>
