<?xml version="1.0" encoding="windows-1252" ?>
<adfc-config xmlns="http://xmlns.oracle.com/adf/controller" version="1.2">
  <task-flow-definition id="jobs">
    <template-reference>
      <document>/WEB-INF/tf-fragment-template.xml</document>
      <id>tf-fragment-template</id>
    </template-reference>
    <default-activity>SearchJobs</default-activity>
    <input-parameter-definition id="__1">
      <name>readOnlyMode</name>
      <value>#{pageFlowScope.readOnlyMode}</value>
      <class>java.lang.Boolean</class>
    </input-parameter-definition>
    <view id="SearchJobs">
      <page>/pages/SearchJobs.jsff</page>
    </view>
    <view id="EditJob">
      <page>/pages/EditJob.jsff</page>
    </view>
    <control-flow-rule id="__6">
      <from-activity-id>SearchJobs</from-activity-id>
      <control-flow-case id="__7">
        <from-outcome>edit</from-outcome>
        <to-activity-id>EditJob</to-activity-id>
      </control-flow-case>
    </control-flow-rule>
    <control-flow-rule id="__18">
      <from-activity-id>EditJob</from-activity-id>
      <control-flow-case id="__2">
        <from-outcome>cancel</from-outcome>
        <to-activity-id>SearchJobs</to-activity-id>
      </control-flow-case>
    </control-flow-rule>
    <use-page-fragments/>
  </task-flow-definition>
</adfc-config>
