<?xml version = '1.0' encoding = 'windows-1252' standalone = 'yes'?>
<jazn-data xmlns:xsi="http://www.w3.org/2001/XMLSchema-instance" xsi:noNamespaceSchemaLocation="http://xmlns.oracle.com/oracleas/schema/jazn-data-10_0.xsd" filepath="" OC4J_INSTANCE_ID="">
  <jazn-realm>
    <realm>
      <name>jazn.com</name>
      <users>
        <user>
          <name>DataBase_User_ym_hAMCRgwIlO96ocDbSbHJlQowj9-9P</name>
          <credentials>{903}ym/hAMCRgwIlO96ocDbSbHJlQowj9+9P</credentials>
        </user>
        <user>
          <name>DataBase_User_4qFzSwtwVmLhFnd4qDq79qsDy7qa2GGw</name>
          <credentials>{903}4qFzSwtwVmLhFnd4qDq79qsDy7qa2GGw</credentials>
        </user>
        <user>
          <name>DataBase_User_zJS8PRX6GdgMVvTO3i2-5socG-PbYX5u</name>
          <credentials>{903}zJS8PRX6GdgMVvTO3i2+5socG+PbYX5u</credentials>
        </user>
        <user>
          <name>DataBase_User_1XffbsBtIfJq7aAcZJlb-rJmK9K0Ji22</name>
          <credentials>{903}1XffbsBtIfJq7aAcZJlb+rJmK9K0Ji22</credentials>
        </user>
        <user>
          <name>DataBase_User_Ek3oG2O7fG6_P5zQ7u8LM-xV3NUVjNME</name>
          <credentials>{903}Ek3oG2O7fG6/P5zQ7u8LM+xV3NUVjNME</credentials>
        </user>
        <user>
          <name>DataBase_User_N1-SujzCuJdErK5cA5m2oOrV2UHXxCO8</name>
          <credentials>{903}N1+SujzCuJdErK5cA5m2oOrV2UHXxCO8</credentials>
        </user>
        <user>
          <name>DataBase_User_kgA0JPUcNvenlS3MIVa7pul9c5PeZot9</name>
          <credentials>{903}kgA0JPUcNvenlS3MIVa7pul9c5PeZot9</credentials>
        </user>
        <user>
          <name>DataBase_User_GI7-K1HWqfMfymRFWhwxbWYRpqEkXar1</name>
          <credentials>{903}GI7+K1HWqfMfymRFWhwxbWYRpqEkXar1</credentials>
        </user>
        <user>
          <name>DataBase_User_fMPHvSCEa41J25oAPAuJ7I5MnkFlTOYL</name>
          <credentials>{903}fMPHvSCEa41J25oAPAuJ7I5MnkFlTOYL</credentials>
        </user>
        <user>
          <name>DataBase_User_BOnA5tUKkJial6r4KozjRx8JO-nZoTha</name>
          <credentials>{903}BOnA5tUKkJial6r4KozjRx8JO+nZoTha</credentials>
        </user>
      </users>
      <roles/>
    </realm>
  </jazn-realm>
</jazn-data>
