<?xml version='1.0' encoding='windows-1252' ?>
<!DOCTYPE ViewObject SYSTEM "jbo_03_01.dtd">

<ViewObject
   Name="DeptView"
   SelectList="Dept.DEPTNO, 
       Dept.DNAME, 
       Dept.LOC"
   FromList="DEPT Dept"
   BindingStyle="Oracle"
   CustomQuery="false"
   ComponentClass="demo.model.DeptViewImpl"
   MsgBundleClass="oracle.jbo.common.JboResourceBundle"
   FetchMode="FETCH_AS_NEEDED"
   FetchSize="10"
   UseGlueCode="false" >
   <DesignTime>
      <Attr Name="_version" Value="10.1.2.17.96" />
      <Attr Name="_codeGenFlag2" Value="Access|Coll" />
      <Attr Name="_isExpertMode" Value="false" />
   </DesignTime>
   <EntityUsage
      Name="Dept"
      Entity="demo.model.Dept" >
      <DesignTime>
         <Attr Name="_EntireObjectTable" Value="false" />
         <Attr Name="_queryClause" Value="false" />
      </DesignTime>
   </EntityUsage>
   <ViewAttribute
      Name="Deptno"
      IsNotNull="true"
      PrecisionRule="true"
      EntityAttrName="Deptno"
      EntityUsage="Dept"
      AliasName="DEPTNO" >
   </ViewAttribute>
   <ViewAttribute
      Name="Dname"
      PrecisionRule="true"
      EntityAttrName="Dname"
      EntityUsage="Dept"
      AliasName="DNAME" >
   </ViewAttribute>
   <ViewAttribute
      Name="Loc"
      PrecisionRule="true"
      EntityAttrName="Loc"
      EntityUsage="Dept"
      AliasName="LOC" >
   </ViewAttribute>
</ViewObject>
