<?xml version='1.0' encoding='windows-1252' ?>
<!DOCTYPE AppModule SYSTEM "jbo_03_01.dtd">

<AppModule
   Name="AppModule"
   ComponentClass="sample.AppModuleImpl" >
   <DesignTime>
      <Attr Name="_isCodegen" Value="true" />
      <Attr Name="_version" Value="10.1.3.40.66" />
      <Attr Name="_deployType" Value="0" />
   </DesignTime>
   <ViewUsage
      Name="DeptView1"
      ViewObjectName="sample.DeptView" >
   </ViewUsage>
   <ViewUsage
      Name="EmpView1"
      ViewObjectName="sample.EmpView" >
   </ViewUsage>
   <ViewUsage
      Name="EmpView2"
      ViewObjectName="sample.EmpView" >
   </ViewUsage>
   <ViewLinkUsage
      Name="WorksInDeptLink1"
      ViewLinkObjectName="sample.WorksInDeptLink"
      SrcViewUsageName="sample.AppModule.DeptView1"
      DstViewUsageName="sample.AppModule.EmpView2" >
      <DesignTime>
         <Attr Name="_isCodegen" Value="true" />
         <Attr Name="_version" Value="10.1.3.40.66" />
      </DesignTime>
   </ViewLinkUsage>
</AppModule>
