<?xml version='1.0' encoding='windows-1252' ?>
<!DOCTYPE Entity SYSTEM "jbo_03_01.dtd">

<Entity
   Name="Emp"
   DBObjectType="table"
   DBObjectName="EMP"
   AliasName="Emp"
   BindingStyle="OracleName"
   UseGlueCode="false"
   RowClass="sample.CustomEntityImpl" >
   <DesignTime>
      <Attr Name="_version" Value="10.1.3.40.66" />
      <AttrArray Name="_publishEvents">
      </AttrArray>
      <Attr Name="_superClass" Value="sample.CustomEntityImpl" />
      <Attr Name="_codeGenFlag2" Value="Access" />
   </DesignTime>
   <Attribute
      Name="Empno"
      IsUpdateable="false"
      IsNotNull="true"
      Precision="4"
      Scale="0"
      ColumnName="EMPNO"
      Type="oracle.jbo.domain.Number"
      ColumnType="NUMBER"
      SQLType="NUMERIC"
      TableName="EMP"
      PrimaryKey="true" >
      <Properties>
         <Property Name ="SequenceName" Value ="EMP_TABLE_SEQ" />
      </Properties>
      <DesignTime>
         <Attr Name="_DisplaySize" Value="22" />
      </DesignTime>
   </Attribute>
   <Attribute
      Name="Ename"
      IsNotNull="true"
      Precision="10"
      ColumnName="ENAME"
      Type="java.lang.String"
      ColumnType="VARCHAR2"
      SQLType="VARCHAR"
      TableName="EMP" >
      <DesignTime>
         <Attr Name="_DisplaySize" Value="10" />
      </DesignTime>
   </Attribute>
   <Attribute
      Name="Job"
      Precision="9"
      ColumnName="JOB"
      Type="java.lang.String"
      ColumnType="VARCHAR2"
      SQLType="VARCHAR"
      TableName="EMP" >
      <DesignTime>
         <Attr Name="_DisplaySize" Value="9" />
      </DesignTime>
   </Attribute>
   <Attribute
      Name="Mgr"
      Precision="4"
      Scale="0"
      ColumnName="MGR"
      Type="oracle.jbo.domain.Number"
      ColumnType="NUMBER"
      SQLType="NUMERIC"
      TableName="EMP" >
      <DesignTime>
         <Attr Name="_DisplaySize" Value="22" />
      </DesignTime>
   </Attribute>
   <Attribute
      Name="Hiredate"
      ColumnName="HIREDATE"
      Type="oracle.jbo.domain.Date"
      ColumnType="DATE"
      SQLType="DATE"
      TableName="EMP" >
      <DesignTime>
         <Attr Name="_DisplaySize" Value="7" />
      </DesignTime>
   </Attribute>
   <Attribute
      Name="Sal"
      Precision="7"
      Scale="2"
      ColumnName="SAL"
      Type="oracle.jbo.domain.Number"
      ColumnType="NUMBER"
      SQLType="NUMERIC"
      TableName="EMP" >
      <DesignTime>
         <Attr Name="_DisplaySize" Value="22" />
      </DesignTime>
   </Attribute>
   <Attribute
      Name="Comm"
      Precision="7"
      Scale="2"
      ColumnName="COMM"
      Type="oracle.jbo.domain.Number"
      ColumnType="NUMBER"
      SQLType="NUMERIC"
      TableName="EMP" >
      <DesignTime>
         <Attr Name="_DisplaySize" Value="22" />
      </DesignTime>
   </Attribute>
   <Attribute
      Name="Deptno"
      Precision="2"
      Scale="0"
      ColumnName="DEPTNO"
      Type="oracle.jbo.domain.Number"
      ColumnType="NUMBER"
      SQLType="NUMERIC"
      TableName="EMP" >
      <DesignTime>
         <Attr Name="_DisplaySize" Value="22" />
      </DesignTime>
   </Attribute>
   <AccessorAttribute
      Name="Dept"
      Association="sample.WorksInDeptAssoc"
      AssociationEnd="sample.WorksInDeptAssoc.Dept"
      AssociationOtherEnd="sample.WorksInDeptAssoc.Emp"
      Type="oracle.jbo.server.EntityImpl" >
   </AccessorAttribute>
   <Key
      Name="EmpEnameCheck" >
      <AttrArray Name="Attributes">
         <Item Value="sample.Emp.Ename" />
      </AttrArray>
      <DesignTime>
         <Attr Name="_checkCondition" Value="&#34;ENAME&#34; IS NOT NULL" />
         <Attr Name="_isCheck" Value="true" />
         <Attr Name="_isNotNull" Value="true" />
         <Attr Name="_DBObjectName" Value="EMP_ENAME_CHECK" />
      </DesignTime>
   </Key>
   <Key
      Name="EmployeePk" >
      <AttrArray Name="Attributes">
         <Item Value="sample.Emp.Empno" />
      </AttrArray>
      <DesignTime>
         <Attr Name="_isPrimary" Value="true" />
         <Attr Name="_DBObjectName" Value="EMPLOYEE_PK" />
      </DesignTime>
   </Key>
   <Key
      Name="SysC0010740" >
      <AttrArray Name="Attributes">
         <Item Value="sample.Emp.Empno" />
      </AttrArray>
      <DesignTime>
         <Attr Name="_checkCondition" Value="&#34;EMPNO&#34; IS NOT NULL" />
         <Attr Name="_isCheck" Value="true" />
         <Attr Name="_DBObjectName" Value="SYS_C0010740" />
      </DesignTime>
   </Key>
   <Key
      Name="WorksInDept" >
      <AttrArray Name="Attributes">
         <Item Value="sample.Emp.Deptno" />
      </AttrArray>
      <DesignTime>
         <Attr Name="_referencedKey" Value="DEPT_PK" />
         <Attr Name="_isForeign" Value="true" />
         <Attr Name="_DBObjectName" Value="WORKS_IN_DEPT" />
      </DesignTime>
   </Key>
</Entity>
