<?xml version='1.0' encoding='windows-1252' ?>
<!DOCTYPE JboPackage SYSTEM "jbo_03_01.dtd">

<JboPackage
   Name="sample"
   SeparateXMLFiles="true"
   PackageName="sample" >
   <DesignTime>
      <Attr Name="_ejbPackage" Value="false" />
      <Attr Name="_version" Value="10.1.3.40.66" />
   </DesignTime>
   <Containee
      Name="AppModule"
      FullName="sample.AppModule"
      ObjectType="AppModule" >
   </Containee>
   <Containee
      Name="Dept"
      FullName="sample.Dept"
      ObjectType="Entity" >
   </Containee>
   <Containee
      Name="DeptView"
      FullName="sample.DeptView"
      ObjectType="ViewObject" >
   </Containee>
   <Containee
      Name="Emp"
      FullName="sample.Emp"
      ObjectType="Entity" >
   </Containee>
   <Containee
      Name="EmpView"
      FullName="sample.EmpView"
      ObjectType="ViewObject" >
   </Containee>
   <Containee
      Name="WorksInDeptAssoc"
      FullName="sample.WorksInDeptAssoc"
      ObjectType="Association" >
   </Containee>
   <Containee
      Name="WorksInDeptLink"
      FullName="sample.WorksInDeptLink"
      ObjectType="ViewLink" >
   </Containee>
</JboPackage>
