<?xml version='1.0' encoding='windows-1252' ?>
<!DOCTYPE Association SYSTEM "jbo_03_01.dtd">

<Association
   Name="WorksInDeptAssoc" >
   <DesignTime>
      <Attr Name="_isCodegen" Value="true" />
      <Attr Name="_version" Value="10.1.3.40.66" />
   </DesignTime>
   <AssociationEnd
      Name="Dept"
      Cardinality="1"
      Source="true"
      Owner="sample.Dept" >
      <AttrArray Name="Attributes">
         <Item Value="sample.Dept.Deptno" />
      </AttrArray>
      <DesignTime>
         <Attr Name="_finderName" Value="Dept" />
         <Attr Name="_aggregation" Value="0" />
         <Attr Name="_foreignKey" Value="sample.Dept.DeptPk" />
         <Attr Name="_isUpdateable" Value="true" />
      </DesignTime>
   </AssociationEnd>
   <AssociationEnd
      Name="Emp"
      Cardinality="-1"
      Owner="sample.Emp" >
      <AttrArray Name="Attributes">
         <Item Value="sample.Emp.Deptno" />
      </AttrArray>
      <DesignTime>
         <Attr Name="_finderName" Value="Emp" />
         <Attr Name="_aggregation" Value="0" />
         <Attr Name="_foreignKey" Value="sample.Emp.WorksInDept" />
         <Attr Name="_isUpdateable" Value="true" />
      </DesignTime>
   </AssociationEnd>
</Association>
