<?xml version='1.0' encoding='windows-1252' ?>
<!DOCTYPE ViewLink SYSTEM "jbo_03_01.dtd">

<ViewLink
   Name="ItemsIncludeInForm"
   EntityAssociation="paramform.model.entities.associations.ParameterFormItemSetFk1Assoc" >
   <DesignTime>
      <Attr Name="_isCodegen" Value="true" />
      <Attr Name="_version" Value="10.1.3.36.73" />
   </DesignTime>
   <ViewLinkDefEnd
      Name="ParameterFormDefinitionView"
      Cardinality="1"
      Owner="paramform.model.queries.ParameterFormDefinitionView"
      Source="true" >
      <AttrArray Name="Attributes">
         <Item Value="paramform.model.queries.ParameterFormDefinitionView.Id" />
      </AttrArray>
      <DesignTime>
         <Attr Name="_finderName" Value="ParameterFormDefinitionView" />
         <Attr Name="_minCardinality" Value="1" />
         <Attr Name="_isUpdateable" Value="true" />
      </DesignTime>
   </ViewLinkDefEnd>
   <ViewLinkDefEnd
      Name="ParameterFormItemSetView"
      Cardinality="-1"
      Owner="paramform.model.queries.ParameterFormItemSetView" >
      <AttrArray Name="Attributes">
         <Item Value="paramform.model.queries.ParameterFormItemSetView.ParameterFormDefinitionId" />
      </AttrArray>
      <DesignTime>
         <Attr Name="_finderName" Value="ParameterFormItemSetView" />
         <Attr Name="_accessor" Value="true" />
         <Attr Name="_isUpdateable" Value="true" />
      </DesignTime>
   </ViewLinkDefEnd>
</ViewLink>
