<?xml version = '1.0' encoding = 'windows-1252' standalone = 'yes'?>
<jazn-data xmlns:xsi="http://www.w3.org/2001/XMLSchema-instance" xsi:noNamespaceSchemaLocation="http://xmlns.oracle.com/oracleas/schema/jazn-data-10_0.xsd" filepath="" OC4J_INSTANCE_ID="">
  <jazn-realm>
    <realm>
      <name>jazn.com</name>
      <users>
        <user>
          <name>DataBase_User_yakOBv7Efg2-l26Tn0XimNoyo9nH7WTN</name>
          <credentials>{903}yakOBv7Efg2+l26Tn0XimNoyo9nH7WTN</credentials>
        </user>
        <user>
          <name>DataBase_User_9dq72bbciyPkaqIiwJDeuU0jJdWKSfRP</name>
          <credentials>{903}9dq72bbciyPkaqIiwJDeuU0jJdWKSfRP</credentials>
        </user>
        <user>
          <name>DataBase_User_CyiFrlfpKD_SxQoSztoYqCYeLSSIzVuk</name>
          <credentials>{903}CyiFrlfpKD/SxQoSztoYqCYeLSSIzVuk</credentials>
        </user>
        <user>
          <name>DataBase_User_oIBv2ylm7ElOEvtL1goi5zoAghr7M43n</name>
          <credentials>{903}oIBv2ylm7ElOEvtL1goi5zoAghr7M43n</credentials>
        </user>
        <user>
          <name>DataBase_User_qoG5lvYfPq0lPZgo1WikSdeeV4aip-Eq</name>
          <credentials>{903}qoG5lvYfPq0lPZgo1WikSdeeV4aip+Eq</credentials>
        </user>
        <user>
          <name>DataBase_User_Gz8sW8KbKy69lfnTpaaQtwZikEbY-Ae2</name>
          <credentials>{903}Gz8sW8KbKy69lfnTpaaQtwZikEbY+Ae2</credentials>
        </user>
        <user>
          <name>DataBase_User_Q2AkXHhmg4GyRzF4RgMcTWF97W6DhuwU</name>
          <credentials>{903}Q2AkXHhmg4GyRzF4RgMcTWF97W6DhuwU</credentials>
        </user>
        <user>
          <name>DataBase_User_LAE9H0vrjUNw4sWzr3CkB5tXSaye0lxx</name>
          <credentials>{903}LAE9H0vrjUNw4sWzr3CkB5tXSaye0lxx</credentials>
        </user>
        <user>
          <name>DataBase_User_gGTIlSvIkrFYY8gq3RE8piLwD0orcIbg</name>
          <credentials>{903}gGTIlSvIkrFYY8gq3RE8piLwD0orcIbg</credentials>
        </user>
        <user>
          <name>DataBase_User_SfBfOdII9uLbUZKrzRrDumfhIlCmYiak</name>
          <credentials>{903}SfBfOdII9uLbUZKrzRrDumfhIlCmYiak</credentials>
        </user>
        <user>
          <name>DataBase_User_WAmL0Fm3xGNu-HB08tmze7Qno1YSL-lG</name>
          <credentials>{903}WAmL0Fm3xGNu+HB08tmze7Qno1YSL+lG</credentials>
        </user>
        <user>
          <name>DataBase_User_XEiFSZxNuIyvbb1XXwbQFHag7y8O_xLy</name>
          <credentials>{903}XEiFSZxNuIyvbb1XXwbQFHag7y8O/xLy</credentials>
        </user>
        <user>
          <name>DataBase_User_ah_79ujv9X62hKm_hePKj5ecS5tefWEf</name>
          <credentials>{903}ah/79ujv9X62hKm/hePKj5ecS5tefWEf</credentials>
        </user>
        <user>
          <name>DataBase_User_SkuZwAJpBsXb95YRirJwOajDj6Nw_ew1</name>
          <credentials>{903}SkuZwAJpBsXb95YRirJwOajDj6Nw/ew1</credentials>
        </user>
        <user>
          <name>DataBase_User_ahnyIeNL0l5j_BR418TzvmiQw3hH0acQ</name>
          <credentials>{903}ahnyIeNL0l5j/BR418TzvmiQw3hH0acQ</credentials>
        </user>
        <user>
          <name>DataBase_User_dGItwvQsQ4bSR9xShETG3clTpVSS_uSu</name>
          <credentials>{903}dGItwvQsQ4bSR9xShETG3clTpVSS/uSu</credentials>
        </user>
        <user>
          <name>DataBase_User_EN0Goip1wvdnmpZN34nR45JrCBcXZQ55</name>
          <credentials>{903}EN0Goip1wvdnmpZN34nR45JrCBcXZQ55</credentials>
        </user>
        <user>
          <name>DataBase_User_nWNZGgwAeUvw9VH5v2E2CcGX7HVGQWUu</name>
          <credentials>{903}nWNZGgwAeUvw9VH5v2E2CcGX7HVGQWUu</credentials>
        </user>
        <user>
          <name>DataBase_User_L_I35FIDjR6l1wyBQczpFJLypwGt2L3R</name>
          <credentials>{903}L/I35FIDjR6l1wyBQczpFJLypwGt2L3R</credentials>
        </user>
        <user>
          <name>DataBase_User_JXHq_MpOIWVOmPSzIlCBJ0AziY2youWI</name>
          <credentials>{903}JXHq/MpOIWVOmPSzIlCBJ0AziY2youWI</credentials>
        </user>
        <user>
          <name>DataBase_User_y6lzStBwZfymh8IKoOGsMX6ZFxn7HfLp</name>
          <credentials>{903}y6lzStBwZfymh8IKoOGsMX6ZFxn7HfLp</credentials>
        </user>
        <user>
          <name>DataBase_User_PxE3Fj7GlWE6tvSmS2sFBCsxdIVE-pOt</name>
          <credentials>{903}PxE3Fj7GlWE6tvSmS2sFBCsxdIVE+pOt</credentials>
        </user>
      </users>
      <roles/>
    </realm>
  </jazn-realm>
</jazn-data>
