<?xml version = '1.0' encoding = 'windows-1252' standalone = 'yes'?>
<jazn-data xmlns:xsi="http://www.w3.org/2001/XMLSchema-instance" xsi:noNamespaceSchemaLocation="http://xmlns.oracle.com/oracleas/schema/jazn-data-10_0.xsd" filepath="" OC4J_INSTANCE_ID="">
  <jazn-realm>
    <realm>
      <name>jazn.com</name>
      <users>
        <user>
          <name>DataBase_User_nifi9Rhxw4w5ahLa7lKET5A3zACc1gLE</name>
          <credentials>{903}nifi9Rhxw4w5ahLa7lKET5A3zACc1gLE</credentials>
        </user>
        <user>
          <name>DataBase_User_FbtKap61xBOFDEJkdJpLtwsGc1l2lNMN</name>
          <credentials>{903}FbtKap61xBOFDEJkdJpLtwsGc1l2lNMN</credentials>
        </user>
        <user>
          <name>DataBase_User_oO9ttf1TCJSn4hxiqgXF_XQUPPPB1NabRVzSkI1RxMs=</name>
          <credentials>{903}oO9ttf1TCJSn4hxiqgXF/XQUPPPB1NabRVzSkI1RxMs=</credentials>
        </user>
        <user>
          <name>DataBase_User_vOKaMvFopxY25aWYmzogFURAEAlw6HVVJIKL_wkbIIQ=</name>
          <credentials>{903}vOKaMvFopxY25aWYmzogFURAEAlw6HVVJIKL/wkbIIQ=</credentials>
        </user>
        <user>
          <name>DataBase_User_equkHMwQt9sUbivoRhnbRZ01ut-whHD3</name>
          <credentials>{903}equkHMwQt9sUbivoRhnbRZ01ut+whHD3</credentials>
        </user>
        <user>
          <name>DataBase_User_SgYlkKwS3nd-U_pBKiuGDsdulVaGlLqL</name>
          <credentials>{903}SgYlkKwS3nd+U/pBKiuGDsdulVaGlLqL</credentials>
        </user>
        <user>
          <name>DataBase_User_DCeU6rlmpP05cdAxQWSPP2vByY23-fES</name>
          <credentials>{903}DCeU6rlmpP05cdAxQWSPP2vByY23+fES</credentials>
        </user>
        <user>
          <name>DataBase_User_K988zVxDOUUMRtZPIR4uX8wjdt8-cpRY</name>
          <credentials>{903}K988zVxDOUUMRtZPIR4uX8wjdt8+cpRY</credentials>
        </user>
        <user>
          <name>DataBase_User_gz2TUM_00vo_GgvBnqTwx9lROSiNUqa0</name>
          <credentials>{903}gz2TUM/00vo/GgvBnqTwx9lROSiNUqa0</credentials>
        </user>
        <user>
          <name>DataBase_User_iYkVWeKNPThlIaAQem02NlYDQ9qiaZ0M</name>
          <credentials>{903}iYkVWeKNPThlIaAQem02NlYDQ9qiaZ0M</credentials>
        </user>
        <user>
          <name>DataBase_User_JHAxNXXw-N5rEKQ-lczW9HBoQW9AHF3H</name>
          <credentials>{903}JHAxNXXw+N5rEKQ+lczW9HBoQW9AHF3H</credentials>
        </user>
        <user>
          <name>DataBase_User_f2RL4-HKnI6Dwu8eSwUKi3s6n49nxXBD</name>
          <credentials>{903}f2RL4+HKnI6Dwu8eSwUKi3s6n49nxXBD</credentials>
        </user>
        <user>
          <name>DataBase_User_AxY4jnPI8fETH-nVBDjto2J-Nt7vl4Dy</name>
          <credentials>{903}AxY4jnPI8fETH+nVBDjto2J+Nt7vl4Dy</credentials>
        </user>
        <user>
          <name>DataBase_User_4dD1Cx553r6Vl3yRuGJpJja-Wo4Jyx8E</name>
          <credentials>{903}4dD1Cx553r6Vl3yRuGJpJja+Wo4Jyx8E</credentials>
        </user>
        <user>
          <name>DataBase_User_6p5gwdt8ZBTR0IrFLhQk5mb1f-lanyud</name>
          <credentials>{903}6p5gwdt8ZBTR0IrFLhQk5mb1f+lanyud</credentials>
        </user>
        <user>
          <name>DataBase_User_9xhuaICmt3W3Yik8RKWoRAbCG0p9ngZo</name>
          <credentials>{903}9xhuaICmt3W3Yik8RKWoRAbCG0p9ngZo</credentials>
        </user>
        <user>
          <name>DataBase_User_DeOouHXD4R-AQ-WAhXJzr2XYIAFqpIam</name>
          <credentials>{903}DeOouHXD4R+AQ+WAhXJzr2XYIAFqpIam</credentials>
        </user>
        <user>
          <name>DataBase_User_lkGbmtBRgEtKApCq21MAJKiAFq0zMHu2</name>
          <credentials>{903}lkGbmtBRgEtKApCq21MAJKiAFq0zMHu2</credentials>
        </user>
      </users>
      <roles/>
    </realm>
  </jazn-realm>
</jazn-data>
