<?xml version = '1.0' encoding = 'windows-1252'?>
<data-sources xmlns:xsi="http://www.w3.org/2001/XMLSchema-instance" xsi:schemaLocation="http://xmlns.oracle.com/oracleas/schema http://xmlns.oracle.com/oracleas/schema/data-sources-10_1.xsd" version="10.1" xmlns="http://xmlns.oracle.com/oracleas/schema">
  <connection-pool name="jdev-connection-pool-EBSCore">
    <connection-factory factory-class="oracle.jdbc.pool.OracleDataSource" user="apps" password="->DataBase_User_nifi9Rhxw4w5ahLa7lKET5A3zACc1gLE" url="jdbc:oracle:thin:@pdlnx-perf20.us.oracle.com:1521:VIS"/>
  </connection-pool>
  <managed-data-source name="jdev-connection-managed-EBSCore" jndi-name="jdbc/EBSCoreDS" connection-pool-name="jdev-connection-pool-EBSCore"/>
  <native-data-source name="jdev-connection-native-EBSCore" jndi-name="jdbc/EBSCoreCoreDS" url="jdbc:oracle:thin:@pdlnx-perf20.us.oracle.com:1521:VIS" user="apps" password="->DataBase_User_FbtKap61xBOFDEJkdJpLtwsGc1l2lNMN" data-source-class="oracle.jdbc.pool.OracleDataSource"/>
  <connection-pool name="jdev-connection-pool-ap664sdb">
    <connection-factory factory-class="oracle.jdbc.pool.OracleDataSource" user="apps" password="->DataBase_User_oO9ttf1TCJSn4hxiqgXF_XQUPPPB1NabRVzSkI1RxMs=" url="jdbc:oracle:thin:@ap664sdb.us.oracle.com:4120:fwk12dev"/>
  </connection-pool>
  <managed-data-source name="jdev-connection-managed-ap664sdb" jndi-name="jdbc/ap664sdbDS" connection-pool-name="jdev-connection-pool-ap664sdb"/>
  <native-data-source name="jdev-connection-native-ap664sdb" jndi-name="jdbc/ap664sdbCoreDS" url="jdbc:oracle:thin:@ap664sdb.us.oracle.com:4120:fwk12dev" user="apps" password="->DataBase_User_vOKaMvFopxY25aWYmzogFURAEAlw6HVVJIKL_wkbIIQ=" data-source-class="oracle.jdbc.pool.OracleDataSource"/>
  <connection-pool name="jdev-connection-pool-SRDemo">
    <connection-factory factory-class="oracle.jdbc.pool.OracleDataSource" user="srdemo" password="->DataBase_User_equkHMwQt9sUbivoRhnbRZ01ut-whHD3" url="jdbc:oracle:thin:@localhost:1521:ORCL"/>
  </connection-pool>
  <managed-data-source name="jdev-connection-managed-SRDemo" jndi-name="jdbc/SRDemoDS" connection-pool-name="jdev-connection-pool-SRDemo"/>
  <native-data-source name="jdev-connection-native-SRDemo" jndi-name="jdbc/SRDemoCoreDS" url="jdbc:oracle:thin:@localhost:1521:ORCL" user="srdemo" password="->DataBase_User_SgYlkKwS3nd-U_pBKiuGDsdulVaGlLqL" data-source-class="oracle.jdbc.pool.OracleDataSource"/>
  <connection-pool name="jdev-connection-pool-staff">
    <connection-factory factory-class="oracle.jdbc.pool.OracleDataSource" user="staff" password="->DataBase_User_DCeU6rlmpP05cdAxQWSPP2vByY23-fES" url="jdbc:oracle:thin:@localhost:1521:ORCL"/>
  </connection-pool>
  <managed-data-source name="jdev-connection-managed-staff" jndi-name="jdbc/staffDS" connection-pool-name="jdev-connection-pool-staff"/>
  <native-data-source name="jdev-connection-native-staff" jndi-name="jdbc/staffCoreDS" url="jdbc:oracle:thin:@localhost:1521:ORCL" user="staff" password="->DataBase_User_K988zVxDOUUMRtZPIR4uX8wjdt8-cpRY" data-source-class="oracle.jdbc.pool.OracleDataSource"/>
  <connection-pool name="jdev-connection-pool-oe">
    <connection-factory factory-class="oracle.jdbc.pool.OracleDataSource" user="oe" password="->DataBase_User_gz2TUM_00vo_GgvBnqTwx9lROSiNUqa0" url="jdbc:oracle:thin:@localhost:1521:ORCL"/>
  </connection-pool>
  <managed-data-source name="jdev-connection-managed-oe" jndi-name="jdbc/oeDS" connection-pool-name="jdev-connection-pool-oe"/>
  <native-data-source name="jdev-connection-native-oe" jndi-name="jdbc/oeCoreDS" url="jdbc:oracle:thin:@localhost:1521:ORCL" user="oe" password="->DataBase_User_iYkVWeKNPThlIaAQem02NlYDQ9qiaZ0M" data-source-class="oracle.jdbc.pool.OracleDataSource"/>
  <connection-pool name="jdev-connection-pool-hr">
    <connection-factory factory-class="oracle.jdbc.pool.OracleDataSource" user="hr" password="->DataBase_User_JHAxNXXw-N5rEKQ-lczW9HBoQW9AHF3H" url="jdbc:oracle:thin:@localhost:1521:ORCL"/>
  </connection-pool>
  <managed-data-source name="jdev-connection-managed-hr" jndi-name="jdbc/hrDS" connection-pool-name="jdev-connection-pool-hr"/>
  <native-data-source name="jdev-connection-native-hr" jndi-name="jdbc/hrCoreDS" url="jdbc:oracle:thin:@localhost:1521:ORCL" user="hr" password="->DataBase_User_f2RL4-HKnI6Dwu8eSwUKi3s6n49nxXBD" data-source-class="oracle.jdbc.pool.OracleDataSource"/>
  <connection-pool name="jdev-connection-pool-bug">
    <connection-factory factory-class="oracle.jdbc.pool.OracleDataSource" user="bug" password="->DataBase_User_AxY4jnPI8fETH-nVBDjto2J-Nt7vl4Dy" url="jdbc:oracle:thin:@localhost:1521:ORCL"/>
  </connection-pool>
  <managed-data-source name="jdev-connection-managed-bug" jndi-name="jdbc/bugDS" connection-pool-name="jdev-connection-pool-bug"/>
  <native-data-source name="jdev-connection-native-bug" jndi-name="jdbc/bugCoreDS" url="jdbc:oracle:thin:@localhost:1521:ORCL" user="bug" password="->DataBase_User_4dD1Cx553r6Vl3yRuGJpJja-Wo4Jyx8E" data-source-class="oracle.jdbc.pool.OracleDataSource"/>
  <connection-pool name="jdev-connection-pool-scott">
    <connection-factory factory-class="oracle.jdbc.pool.OracleDataSource" user="scott" password="->DataBase_User_6p5gwdt8ZBTR0IrFLhQk5mb1f-lanyud" url="jdbc:oracle:thin:@localhost:1521:ORCL"/>
  </connection-pool>
  <managed-data-source name="jdev-connection-managed-scott" jndi-name="jdbc/scottDS" connection-pool-name="jdev-connection-pool-scott"/>
  <native-data-source name="jdev-connection-native-scott" jndi-name="jdbc/scottCoreDS" url="jdbc:oracle:thin:@localhost:1521:ORCL" user="scott" password="->DataBase_User_9xhuaICmt3W3Yik8RKWoRAbCG0p9ngZo" data-source-class="oracle.jdbc.pool.OracleDataSource"/>
  <connection-pool name="jdev-connection-pool-toyota">
    <connection-factory factory-class="oracle.jdbc.pool.OracleDataSource" user="toyota" password="->DataBase_User_DeOouHXD4R-AQ-WAhXJzr2XYIAFqpIam" url="jdbc:oracle:thin:@localhost:1521:ORCL"/>
  </connection-pool>
  <managed-data-source name="jdev-connection-managed-toyota" jndi-name="jdbc/toyotaDS" connection-pool-name="jdev-connection-pool-toyota"/>
  <native-data-source name="jdev-connection-native-toyota" jndi-name="jdbc/toyotaCoreDS" url="jdbc:oracle:thin:@localhost:1521:ORCL" user="toyota" password="->DataBase_User_lkGbmtBRgEtKApCq21MAJKiAFq0zMHu2" data-source-class="oracle.jdbc.pool.OracleDataSource"/>
</data-sources>
