<?xml version = '1.0' encoding = 'windows-1252' standalone = 'yes'?>
<jazn-data xmlns:xsi="http://www.w3.org/2001/XMLSchema-instance" xsi:noNamespaceSchemaLocation="http://xmlns.oracle.com/oracleas/schema/jazn-data-10_0.xsd" filepath="" OC4J_INSTANCE_ID="">
    <jazn-realm>
        <realm>
            <name>jazn.com</name>
            <users>
                <user>
                    <name>DataBase_User_E7dDxrmrbSGbd3iOUZgdXhMrWP0Bi_RI</name>
                    <credentials>{903}E7dDxrmrbSGbd3iOUZgdXhMrWP0Bi/RI</credentials>
                </user>
                <user>
                    <name>DataBase_User_jeuRMUkXmde477rxgHaehqNxhXXkKMsP</name>
                    <credentials>{903}jeuRMUkXmde477rxgHaehqNxhXXkKMsP</credentials>
                </user>
                <user>
                    <name>DataBase_User_0lq-3jODhnrQjxaEuF98HgiwYUe9Atv2</name>
                    <credentials>{903}0lq+3jODhnrQjxaEuF98HgiwYUe9Atv2</credentials>
                </user>
                <user>
                    <name>DataBase_User_vYWaYba04yaDJM7p6SMsYU6qbCAFy6q-</name>
                    <credentials>{903}vYWaYba04yaDJM7p6SMsYU6qbCAFy6q+</credentials>
                </user>
                <user>
                    <name>DataBase_User_ocupe-H3PgX4xhajdR8NwOB-WfbzE5bw</name>
                    <credentials>{903}ocupe+H3PgX4xhajdR8NwOB+WfbzE5bw</credentials>
                </user>
                <user>
                    <name>DataBase_User_aqlJaYIun7MFm3v2f11cQJbmdXUKTaU3</name>
                    <credentials>{903}aqlJaYIun7MFm3v2f11cQJbmdXUKTaU3</credentials>
                </user>
                <user>
                    <name>DataBase_User_7el1YUBPPiK_vV1VHiKCCq_3G2vPFQkA</name>
                    <credentials>{903}7el1YUBPPiK/vV1VHiKCCq/3G2vPFQkA</credentials>
                </user>
                <user>
                    <name>DataBase_User_b5klEwwC6YVuOo8fqT3j5hBaO4nUiOrD</name>
                    <credentials>{903}b5klEwwC6YVuOo8fqT3j5hBaO4nUiOrD</credentials>
                </user>
                <user>
                    <name>DataBase_User_4BkoDo4Y2ULiJnRP0cwHrg3zgbwO1l8v</name>
                    <credentials>{903}4BkoDo4Y2ULiJnRP0cwHrg3zgbwO1l8v</credentials>
                </user>
                <user>
                    <name>DataBase_User_ZWrlxbJoCEeYAEZ8MmnQw1NDO40XcUhZ</name>
                    <credentials>{903}ZWrlxbJoCEeYAEZ8MmnQw1NDO40XcUhZ</credentials>
                </user>
                <user>
                    <name>DataBase_User_Zy7rz38YVkfFovQBQELpxN8xc_FngRTd</name>
                    <credentials>{903}Zy7rz38YVkfFovQBQELpxN8xc/FngRTd</credentials>
                </user>
                <user>
                    <name>DataBase_User_Eu-A34tJM08gdvWJZcnQSoU8yMsiooi1</name>
                    <credentials>{903}Eu+A34tJM08gdvWJZcnQSoU8yMsiooi1</credentials>
                </user>
            </users>
            <roles/>
        </realm>
    </jazn-realm>
</jazn-data>
