<?xml version="1.0" encoding="UTF-8" ?>
<JavaBean xmlns="http://xmlns.oracle.com/adfm/beanmodel" version="11.1.2.64.36" id="findAttribute"
          Package="HR_WS.Types.findCountry.findCriteria" BeanClass="HR_WS.Types.findCountry.findCriteria.findAttribute"
          isJavaBased="false">
  <Attribute Name="item" Type="java.lang.String"/>
  <Attribute Name="_ROWNUM___ATTR_" PrimaryKey="true" IsNotNull="true" Type="java.lang.Integer">
    <Properties>
      <CustomProperties>
        <Property Name="DISPLAYHINT" Value="Hide"/>
        <Property Name="PrimaryKey" Value="true"/>
        <Property Name="IsVisible" Value="false"/>
        <Property Name="IsQueriable" Value="false"/>
        <Property Name="updateable" Value="false"/>
      </CustomProperties>
    </Properties>
  </Attribute>
</JavaBean>
