<?xml version="1.0" encoding="UTF-8" ?>
<JavaBean xmlns="http://xmlns.oracle.com/adfm/beanmodel" version="11.1.2.64.36" id="sortOrder_Operations"
          Package="HR_WS.Types.findCountry.findCriteria"
          BeanClass="HR_WS.Types.findCountry.findCriteria.sortOrder_Operations" isJavaBased="false">
  <BuiltinOperation id="First"/>
  <BuiltinOperation id="Next"/>
  <BuiltinOperation id="Previous"/>
  <BuiltinOperation id="Last"/>
  <BuiltinOperation id="setCurrentRowWithKey"/>
  <BuiltinOperation id="setCurrentRowWithKeyValue"/>
  <BuiltinOperation id="Create"/>
  <BuiltinOperation id="Delete"/>
</JavaBean>
