<?xml version = '1.0' encoding = 'windows-1252' standalone = 'yes'?>
<jazn-data xmlns:xsi="http://www.w3.org/2001/XMLSchema-instance" xsi:noNamespaceSchemaLocation="http://xmlns.oracle.com/oracleas/schema/jazn-data-10_0.xsd" filepath="" OC4J_INSTANCE_ID="">
  <jazn-realm>
    <realm>
      <name>jazn.com</name>
      <users>
        <user>
          <name>DataBase_User_fwI7Mrsb5xQaQ1AZr7LziukYsRrb_-ld</name>
          <credentials>{903}fwI7Mrsb5xQaQ1AZr7LziukYsRrb/+ld</credentials>
        </user>
        <user>
          <name>DataBase_User_AEC6msp9fIcYK31olBJCIxaXWrke7Kzu</name>
          <credentials>{903}AEC6msp9fIcYK31olBJCIxaXWrke7Kzu</credentials>
        </user>
        <user>
          <name>DataBase_User_n-51bjRtDep0UTjUDS-6dkTRer0byqlI</name>
          <credentials>{903}n+51bjRtDep0UTjUDS+6dkTRer0byqlI</credentials>
        </user>
        <user>
          <name>DataBase_User_4Nv_XDRDH3_XrwcRqT64yKbKJkklsov_</name>
          <credentials>{903}4Nv/XDRDH3/XrwcRqT64yKbKJkklsov/</credentials>
        </user>
        <user>
          <name>DataBase_User_eLxbXQO_ZNRxOx6bLrHLjMezm0Kr4yD5</name>
          <credentials>{903}eLxbXQO/ZNRxOx6bLrHLjMezm0Kr4yD5</credentials>
        </user>
        <user>
          <name>DataBase_User_AuR0HkWDJDsYG4AHm5ncupiZJZq6p7wO</name>
          <credentials>{903}AuR0HkWDJDsYG4AHm5ncupiZJZq6p7wO</credentials>
        </user>
        <user>
          <name>DataBase_User_DWmNTIvXoS_kMjvII2RCgB-sBGfgM1We</name>
          <credentials>{903}DWmNTIvXoS/kMjvII2RCgB+sBGfgM1We</credentials>
        </user>
        <user>
          <name>DataBase_User_4k75K7cctWzzSyFYm-ApuXW34B09DcV7</name>
          <credentials>{903}4k75K7cctWzzSyFYm+ApuXW34B09DcV7</credentials>
        </user>
        <user>
          <name>DataBase_User_QOa0ShmlPBgwI6OZk6J8HUtoAbpD7Ext</name>
          <credentials>{903}QOa0ShmlPBgwI6OZk6J8HUtoAbpD7Ext</credentials>
        </user>
        <user>
          <name>DataBase_User_N1VN5kZ8BWzmyS5RCWYdA5rsk96AEb68</name>
          <credentials>{903}N1VN5kZ8BWzmyS5RCWYdA5rsk96AEb68</credentials>
        </user>
        <user>
          <name>DataBase_User_uy_kyYNzKdSz-VugK-ojvmXTtPDo0k_C</name>
          <credentials>{903}uy/kyYNzKdSz+VugK+ojvmXTtPDo0k/C</credentials>
        </user>
        <user>
          <name>DataBase_User_2KgWdo7-tN94OwaO1wwvnmngXijnR5fK</name>
          <credentials>{903}2KgWdo7+tN94OwaO1wwvnmngXijnR5fK</credentials>
        </user>
      </users>
      <roles/>
    </realm>
  </jazn-realm>
</jazn-data>
