<?xml version = '1.0' encoding = 'windows-1252' standalone = 'yes'?>
<jazn-data xmlns:xsi="http://www.w3.org/2001/XMLSchema-instance" xsi:noNamespaceSchemaLocation="http://xmlns.oracle.com/oracleas/schema/jazn-data-10_0.xsd" filepath="" OC4J_INSTANCE_ID="">
    <jazn-realm>
        <realm>
            <name>jazn.com</name>
            <users>
                <user>
                    <name>DataBase_User_LGAqMxMN5Kl2b6tR54KVc85Yfbn83AoI</name>
                    <credentials>{903}LGAqMxMN5Kl2b6tR54KVc85Yfbn83AoI</credentials>
                </user>
                <user>
                    <name>DataBase_User_0uqaYUuvBh_J6PYsk_K03KP7KBHAwxbL</name>
                    <credentials>{903}0uqaYUuvBh/J6PYsk/K03KP7KBHAwxbL</credentials>
                </user>
                <user>
                    <name>DataBase_User_x4AUa1eWP289EOlbZI1HzwMilRzQi3qt</name>
                    <credentials>{903}x4AUa1eWP289EOlbZI1HzwMilRzQi3qt</credentials>
                </user>
                <user>
                    <name>DataBase_User_Rl521m0Zxc3wqBA_zpKcUqNc7NVs3WQ1</name>
                    <credentials>{903}Rl521m0Zxc3wqBA/zpKcUqNc7NVs3WQ1</credentials>
                </user>
                <user>
                    <name>DataBase_User_9SikdgzAWpajwei2Lib1YmcvCKcPETWU</name>
                    <credentials>{903}9SikdgzAWpajwei2Lib1YmcvCKcPETWU</credentials>
                </user>
                <user>
                    <name>DataBase_User_hlen1z232beQQImusiT-AEeQyeVrFvaI</name>
                    <credentials>{903}hlen1z232beQQImusiT+AEeQyeVrFvaI</credentials>
                </user>
                <user>
                    <name>DataBase_User_k7Z_XOiiMTWyjrTIHzzwF3a2WWhPtmoT</name>
                    <credentials>{903}k7Z/XOiiMTWyjrTIHzzwF3a2WWhPtmoT</credentials>
                </user>
                <user>
                    <name>DataBase_User_9WDGK39ycd5zKvtQG1hqSe_DQM8mbNa0</name>
                    <credentials>{903}9WDGK39ycd5zKvtQG1hqSe/DQM8mbNa0</credentials>
                </user>
                <user>
                    <name>DataBase_User_dDsBRAdScash3S39JXdpuPlGaJPmyh39</name>
                    <credentials>{903}dDsBRAdScash3S39JXdpuPlGaJPmyh39</credentials>
                </user>
                <user>
                    <name>DataBase_User_aKRN61FC6ieDJF_uvRNj5-33HsugUk4v</name>
                    <credentials>{903}aKRN61FC6ieDJF/uvRNj5+33HsugUk4v</credentials>
                </user>
                <user>
                    <name>DataBase_User_BRBSYyxaOz4hHpybj3Xxtpea_Mr_1N1j</name>
                    <credentials>{903}BRBSYyxaOz4hHpybj3Xxtpea/Mr/1N1j</credentials>
                </user>
                <user>
                    <name>DataBase_User_kyhpnFm4oF31dkiql-ge8AeW5oFAsur2</name>
                    <credentials>{903}kyhpnFm4oF31dkiql+ge8AeW5oFAsur2</credentials>
                </user>
                <user>
                    <name>DataBase_User_hLa5hSenGfPyAr9ZanMYB8n73xweoJS3</name>
                    <credentials>{903}hLa5hSenGfPyAr9ZanMYB8n73xweoJS3</credentials>
                </user>
                <user>
                    <name>DataBase_User_k6VrVcWFDHsYiCTuBKwq0GnBvKhpsTzC</name>
                    <credentials>{903}k6VrVcWFDHsYiCTuBKwq0GnBvKhpsTzC</credentials>
                </user>
                <user>
                    <name>DataBase_User_O2mdTi0DGPKTfRYySGTcINzApR7Sstd9</name>
                    <credentials>{903}O2mdTi0DGPKTfRYySGTcINzApR7Sstd9</credentials>
                </user>
                <user>
                    <name>DataBase_User_Gm5Dqy5FhRSf8-xTfMAY6K_RJXRzaVNX</name>
                    <credentials>{903}Gm5Dqy5FhRSf8+xTfMAY6K/RJXRzaVNX</credentials>
                </user>
                <user>
                    <name>DataBase_User_6A43eAh470WRlvrDUlmihV6BuBkaKcfZ</name>
                    <credentials>{903}6A43eAh470WRlvrDUlmihV6BuBkaKcfZ</credentials>
                </user>
                <user>
                    <name>DataBase_User_Qd6IsN6uaqCAMvINqxbKlUqfE0rVOJJx</name>
                    <credentials>{903}Qd6IsN6uaqCAMvINqxbKlUqfE0rVOJJx</credentials>
                </user>
                <user>
                    <name>DataBase_User_GwVKED4Niu_4hzsMsYaMN6BBLOyJqCjG</name>
                    <credentials>{903}GwVKED4Niu/4hzsMsYaMN6BBLOyJqCjG</credentials>
                </user>
                <user>
                    <name>DataBase_User_TR6bsmka8gyps-JtrmlNCwcjVge2fB46</name>
                    <credentials>{903}TR6bsmka8gyps+JtrmlNCwcjVge2fB46</credentials>
                </user>
            </users>
            <roles/>
        </realm>
    </jazn-realm>
</jazn-data>
