<?xml version = '1.0' encoding = 'windows-1252' standalone = 'yes'?>
<jazn-data xmlns:xsi="http://www.w3.org/2001/XMLSchema-instance" xsi:noNamespaceSchemaLocation="http://xmlns.oracle.com/oracleas/schema/jazn-data-10_0.xsd" filepath="" OC4J_INSTANCE_ID="">
    <jazn-realm>
        <realm>
            <name>jazn.com</name>
            <users>
                <user>
                    <name>DataBase_User_1S_1al3epiwNiXi-ZHtwPvnFizymb39F</name>
                    <credentials>{903}1S/1al3epiwNiXi+ZHtwPvnFizymb39F</credentials>
                </user>
                <user>
                    <name>DataBase_User_jP2AHNNo26y0iZ-cyJGPhwBTJNc2K7Ai</name>
                    <credentials>{903}jP2AHNNo26y0iZ+cyJGPhwBTJNc2K7Ai</credentials>
                </user>
                <user>
                    <name>DataBase_User_onkbNpDvRPdwbTyY7X9E5PZr9G9Tdbg0</name>
                    <credentials>{903}onkbNpDvRPdwbTyY7X9E5PZr9G9Tdbg0</credentials>
                </user>
                <user>
                    <name>DataBase_User_7jAZKy_cAvNIvOn17YZT44tcav9ZCuHY</name>
                    <credentials>{903}7jAZKy/cAvNIvOn17YZT44tcav9ZCuHY</credentials>
                </user>
                <user>
                    <name>DataBase_User_tQBx8C9EgCqkXn1ztYgsLAVv51ApjW-R</name>
                    <credentials>{903}tQBx8C9EgCqkXn1ztYgsLAVv51ApjW+R</credentials>
                </user>
                <user>
                    <name>DataBase_User_wLMTjnPcV0B0mmP3U-eVEkaqlcsWtsDy</name>
                    <credentials>{903}wLMTjnPcV0B0mmP3U+eVEkaqlcsWtsDy</credentials>
                </user>
                <user>
                    <name>DataBase_User_2N1JjdKef-UWcvFUgDD0-UudEaZFt3ze</name>
                    <credentials>{903}2N1JjdKef+UWcvFUgDD0+UudEaZFt3ze</credentials>
                </user>
                <user>
                    <name>DataBase_User_K3_bbGPnnN9gVNrRPcyy9LzAvc2mUQSZ</name>
                    <credentials>{903}K3/bbGPnnN9gVNrRPcyy9LzAvc2mUQSZ</credentials>
                </user>
                <user>
                    <name>DataBase_User_DUEpHYmMUT0HkeWSssjZfq1AsYBRqKrC</name>
                    <credentials>{903}DUEpHYmMUT0HkeWSssjZfq1AsYBRqKrC</credentials>
                </user>
                <user>
                    <name>DataBase_User_gjQs1meUHqq3dKHx-LmA3bfRS8GDgmtK</name>
                    <credentials>{903}gjQs1meUHqq3dKHx+LmA3bfRS8GDgmtK</credentials>
                </user>
                <user>
                    <name>DataBase_User_hZ53dwz45nTLd2HYzRaNNGg02YpLb6gD</name>
                    <credentials>{903}hZ53dwz45nTLd2HYzRaNNGg02YpLb6gD</credentials>
                </user>
                <user>
                    <name>DataBase_User_MAIfrs9Be_wZwt_DCtQ783bXGUmRZjMg</name>
                    <credentials>{903}MAIfrs9Be/wZwt/DCtQ783bXGUmRZjMg</credentials>
                </user>
                <user>
                    <name>DataBase_User_vmD9Z6WetTKheV_igidNsm2ZcXmJor4i</name>
                    <credentials>{903}vmD9Z6WetTKheV/igidNsm2ZcXmJor4i</credentials>
                </user>
                <user>
                    <name>DataBase_User_tOPsIDaHMxo0ZQPIvrxa-ZTyjfyv7vhp</name>
                    <credentials>{903}tOPsIDaHMxo0ZQPIvrxa+ZTyjfyv7vhp</credentials>
                </user>
                <user>
                    <name>DataBase_User_ERVGSRfORTNSD2n5Je_bwcuNcgiJ9tRS</name>
                    <credentials>{903}ERVGSRfORTNSD2n5Je/bwcuNcgiJ9tRS</credentials>
                </user>
                <user>
                    <name>DataBase_User_Qy49kkNJ493Hdrw4sbVSqeQsldJH2Khf</name>
                    <credentials>{903}Qy49kkNJ493Hdrw4sbVSqeQsldJH2Khf</credentials>
                </user>
                <user>
                    <name>DataBase_User_2-ru4k2TnxWPPdJpdo3KS_JqKuDvP3o_</name>
                    <credentials>{903}2+ru4k2TnxWPPdJpdo3KS/JqKuDvP3o/</credentials>
                </user>
                <user>
                    <name>DataBase_User_4oVnoElnFoSZHye9xFBitnGUYCisad00</name>
                    <credentials>{903}4oVnoElnFoSZHye9xFBitnGUYCisad00</credentials>
                </user>
                <user>
                    <name>DataBase_User_V_Mqmj2yz8pHQ2FACal05dw2FvZuUTBl</name>
                    <credentials>{903}V/Mqmj2yz8pHQ2FACal05dw2FvZuUTBl</credentials>
                </user>
                <user>
                    <name>DataBase_User_ghQSh-ncO4884pk5cew0DYl3u53DyUIF</name>
                    <credentials>{903}ghQSh+ncO4884pk5cew0DYl3u53DyUIF</credentials>
                </user>
                <user>
                    <name>DataBase_User_e-xDXMRlyym1wr6TRfl45pvQG1VUxZkTNtyEPyJM-IQ=</name>
                    <credentials>{903}e+xDXMRlyym1wr6TRfl45pvQG1VUxZkTNtyEPyJM+IQ=</credentials>
                </user>
                <user>
                    <name>DataBase_User_dDtEcvfrSRNYAdK5a3wHLAzDgpaI80E23oEvg9Il6v4=</name>
                    <credentials>{903}dDtEcvfrSRNYAdK5a3wHLAzDgpaI80E23oEvg9Il6v4=</credentials>
                </user>
                <user>
                    <name>DataBase_User_lBKkN9N3biUYf0WWooEHZMJiE_h91LQo</name>
                    <credentials>{903}lBKkN9N3biUYf0WWooEHZMJiE/h91LQo</credentials>
                </user>
                <user>
                    <name>DataBase_User_8RNPIiOZJ9eqRoBTAOFX7db4gbyrKcIB</name>
                    <credentials>{903}8RNPIiOZJ9eqRoBTAOFX7db4gbyrKcIB</credentials>
                </user>
                <user>
                    <name>DataBase_User_4cTFoMTpfvkLa125noE7fnRA0ah67wVU</name>
                    <credentials>{903}4cTFoMTpfvkLa125noE7fnRA0ah67wVU</credentials>
                </user>
                <user>
                    <name>DataBase_User_H0IVJC5colFI91PS82MRPefkoGe3-LN_</name>
                    <credentials>{903}H0IVJC5colFI91PS82MRPefkoGe3+LN/</credentials>
                </user>
                <user>
                    <name>DataBase_User_O3HyBAIQoaB8sQG8ysGj1hB3UZM-t55x</name>
                    <credentials>{903}O3HyBAIQoaB8sQG8ysGj1hB3UZM+t55x</credentials>
                </user>
                <user>
                    <name>DataBase_User_9aYkCWz__0iyZwlqe3NlnX7RPtET0IOR</name>
                    <credentials>{903}9aYkCWz//0iyZwlqe3NlnX7RPtET0IOR</credentials>
                </user>
            </users>
            <roles/>
        </realm>
    </jazn-realm>
</jazn-data>
