<?xml version='1.0' encoding='windows-1252' ?>
<!DOCTYPE ViewObject SYSTEM "jbo_03_01.dtd">

<ViewObject
   Name="CurrentEmployee"
   SelectList="Emp.EMPNO, 
       Emp.ENAME, 
       Emp.JOB, 
       Emp.MGR, 
       Emp.HIREDATE, 
       Emp.SAL, 
       Emp.COMM, 
       Emp.DEPTNO"
   FromList="EMP Emp"
   BindingStyle="OracleName"
   CustomQuery="false"
   ComponentClass="demo.model.queries.CurrentEmployeeImpl"
   FetchMode="FETCH_AS_NEEDED"
   UseGlueCode="false" >
   <DesignTime>
      <Attr Name="_version" Value="10.1.3.36.73" />
      <Attr Name="_objectSuperClassName" Value="demo.model.fwkext.CustomViewObjectImpl" />
      <Attr Name="_codeGenFlag2" Value="Access|Coll|VarAccess" />
   </DesignTime>
   <EntityUsage
      Name="Emp"
      Entity="demo.model.entities.Emp" >
      <DesignTime>
         <Attr Name="_queryClause" Value="false" />
      </DesignTime>
   </EntityUsage>
   <ViewAttribute
      Name="Empno"
      IsNotNull="true"
      EntityAttrName="Empno"
      EntityUsage="Emp"
      AliasName="EMPNO" >
   </ViewAttribute>
   <ViewAttribute
      Name="Ename"
      EntityAttrName="Ename"
      EntityUsage="Emp"
      AliasName="ENAME" >
   </ViewAttribute>
   <ViewAttribute
      Name="Job"
      EntityAttrName="Job"
      EntityUsage="Emp"
      AliasName="JOB" >
   </ViewAttribute>
   <ViewAttribute
      Name="Mgr"
      EntityAttrName="Mgr"
      EntityUsage="Emp"
      AliasName="MGR" >
   </ViewAttribute>
   <ViewAttribute
      Name="Hiredate"
      EntityAttrName="Hiredate"
      EntityUsage="Emp"
      AliasName="HIREDATE" >
   </ViewAttribute>
   <ViewAttribute
      Name="Sal"
      EntityAttrName="Sal"
      EntityUsage="Emp"
      AliasName="SAL" >
   </ViewAttribute>
   <ViewAttribute
      Name="Comm"
      EntityAttrName="Comm"
      EntityUsage="Emp"
      AliasName="COMM" >
   </ViewAttribute>
   <ViewAttribute
      Name="Deptno"
      EntityAttrName="Deptno"
      EntityUsage="Emp"
      AliasName="DEPTNO" >
   </ViewAttribute>
   <ViewLinkAccessor
      Name="Details1"
      ViewLink="demo.model.queries.viewlinks.EmpToDetail1"
      Type="oracle.jbo.RowIterator"
      IsUpdateable="false" >
   </ViewLinkAccessor>
   <ViewLinkAccessor
      Name="Details2"
      ViewLink="demo.model.queries.viewlinks.EmpToDetail2"
      Type="oracle.jbo.RowIterator"
      IsUpdateable="false" >
   </ViewLinkAccessor>
   <ViewLinkAccessor
      Name="Details3"
      ViewLink="demo.model.queries.viewlinks.EmpToDetail3"
      Type="oracle.jbo.RowIterator"
      IsUpdateable="false" >
   </ViewLinkAccessor>
   <ViewLinkAccessor
      Name="Details4"
      ViewLink="demo.model.queries.viewlinks.EmpToDetail4"
      Type="oracle.jbo.RowIterator"
      IsUpdateable="false" >
   </ViewLinkAccessor>
   <ViewLinkAccessor
      Name="Details5"
      ViewLink="demo.model.queries.viewlinks.EmpToDetail5"
      Type="oracle.jbo.RowIterator"
      IsUpdateable="false" >
   </ViewLinkAccessor>
   <ViewLinkAccessor
      Name="Details6"
      ViewLink="demo.model.queries.viewlinks.EmpToDetail6"
      Type="oracle.jbo.RowIterator"
      IsUpdateable="false" >
   </ViewLinkAccessor>
</ViewObject>
