<?xml version='1.0' encoding='windows-1252' ?>
<!DOCTYPE ViewObject SYSTEM "jbo_03_01.dtd">

<ViewObject
   Name="EmpDetail3"
   BindingStyle="OracleName"
   CustomQuery="true"
   ComponentClass="demo.model.queries.EmpDetail3Impl"
   FetchMode="FETCH_AS_NEEDED"
   FetchSize="10"
   UseGlueCode="false" >
   <SQLQuery><![CDATA[
select e1.empno as empno, 'Emp Detail Query 3' as info
from emp e1, emp e2, emp e3
   ]]></SQLQuery>
   <DesignTime>
      <Attr Name="_isExpertMode" Value="true" />
      <Attr Name="_version" Value="10.1.3.36.73" />
      <Attr Name="_objectSuperClassName" Value="demo.model.fwkext.CustomViewObjectImpl" />
      <Attr Name="_codeGenFlag2" Value="Access|Coll|VarAccess" />
   </DesignTime>
   <ViewAttribute
      Name="Empno"
      IsUpdateable="false"
      IsPersistent="false"
      IsNotNull="true"
      Precision="4"
      Scale="0"
      Type="oracle.jbo.domain.Number"
      ColumnType="NUMBER"
      AliasName="EMPNO"
      Expression="EMPNO"
      SQLType="NUMERIC" >
      <DesignTime>
         <Attr Name="_DisplaySize" Value="22" />
      </DesignTime>
   </ViewAttribute>
   <ViewAttribute
      Name="Info"
      IsUpdateable="false"
      IsPersistent="false"
      Precision="18"
      Type="java.lang.String"
      ColumnType="CHAR"
      AliasName="INFO"
      Expression="INFO"
      SQLType="VARCHAR" >
      <DesignTime>
         <Attr Name="_DisplaySize" Value="18" />
      </DesignTime>
   </ViewAttribute>
</ViewObject>
