<?xml version = '1.0' encoding = 'windows-1252' standalone = 'yes'?>
<jazn-data xmlns:xsi="http://www.w3.org/2001/XMLSchema-instance" xsi:noNamespaceSchemaLocation="http://xmlns.oracle.com/oracleas/schema/jazn-data-10_0.xsd" filepath="" OC4J_INSTANCE_ID="">
  <jazn-realm>
    <realm>
      <name>jazn.com</name>
      <users>
                <user>
                    <name>DataBase_User_gP22PRGytVWkAZsm3kY_q4CV0q4J6Dcr</name>
                    <credentials>{903}gP22PRGytVWkAZsm3kY/q4CV0q4J6Dcr</credentials>
                </user>
                <user>
                    <name>DataBase_User_Pz9zD7OlvI3vHOtVe6eFAp-4--yMGCyY</name>
                    <credentials>{903}Pz9zD7OlvI3vHOtVe6eFAp+4++yMGCyY</credentials>
                </user>
                <user>
                    <name>DataBase_User_i6qV-pd-5U-anQ4lAXMvtTF5zHFjshYx</name>
                    <credentials>{903}i6qV+pd+5U+anQ4lAXMvtTF5zHFjshYx</credentials>
                </user>
                <user>
                    <name>DataBase_User_rOGFUzCuDSBtmkQtLcbXWl-XI0WC78AO</name>
                    <credentials>{903}rOGFUzCuDSBtmkQtLcbXWl+XI0WC78AO</credentials>
                </user>
                <user>
                    <name>DataBase_User_V8NF5T4kaZkw_K0at72A78lBGP_EyuuD</name>
                    <credentials>{903}V8NF5T4kaZkw/K0at72A78lBGP/EyuuD</credentials>
                </user>
                <user>
                    <name>DataBase_User_Q4ffJQqtCm578okzoi4dfxfWrleVG9IE</name>
                    <credentials>{903}Q4ffJQqtCm578okzoi4dfxfWrleVG9IE</credentials>
                </user>
                <user>
                    <name>DataBase_User_jrPHUHu3sM3_4hjcwaE9A7gI8pxY58oJ</name>
                    <credentials>{903}jrPHUHu3sM3/4hjcwaE9A7gI8pxY58oJ</credentials>
                </user>
                <user>
                    <name>DataBase_User_q_1xKyYqVzfXWguXUqvdk8iEj3NxTbw5</name>
                    <credentials>{903}q/1xKyYqVzfXWguXUqvdk8iEj3NxTbw5</credentials>
                </user>
                <user>
                    <name>DataBase_User_Lfq5tfdPH7I2pdjg9puERU5OSggztfRb</name>
                    <credentials>{903}Lfq5tfdPH7I2pdjg9puERU5OSggztfRb</credentials>
                </user>
                <user>
                    <name>DataBase_User_Ze-k3M7rlZTkL2K3VucP2SAIpKxz6Ytd</name>
                    <credentials>{903}Ze+k3M7rlZTkL2K3VucP2SAIpKxz6Ytd</credentials>
                </user>
                <user>
                    <name>DataBase_User_MylLwib2WTrOhguHcvFsrz-rz_iZU0WC</name>
                    <credentials>{903}MylLwib2WTrOhguHcvFsrz+rz/iZU0WC</credentials>
                </user>
                <user>
                    <name>DataBase_User_K_Yz_B9GomKFBlblei3hV98cGLJWj0fr</name>
                    <credentials>{903}K/Yz/B9GomKFBlblei3hV98cGLJWj0fr</credentials>
                </user>
                <user>
                    <name>DataBase_User_vS1PkiHeNiuHrm-9KZKUUFrIrxDa7yui</name>
                    <credentials>{903}vS1PkiHeNiuHrm+9KZKUUFrIrxDa7yui</credentials>
                </user>
                <user>
                    <name>DataBase_User_aA0LbPk9U1H2pG14xtNLVSyjqlHaCmw-</name>
                    <credentials>{903}aA0LbPk9U1H2pG14xtNLVSyjqlHaCmw+</credentials>
                </user>
                <user>
                    <name>DataBase_User_CN6QRG3VmPyUk8j_x0zheJm5177-JysM</name>
                    <credentials>{903}CN6QRG3VmPyUk8j/x0zheJm5177+JysM</credentials>
                </user>
                <user>
                    <name>DataBase_User_pjgYJL_CWIPvc2lgCetHuFmNjx6kQcfL</name>
                    <credentials>{903}pjgYJL/CWIPvc2lgCetHuFmNjx6kQcfL</credentials>
                </user>
                <user>
                    <name>DataBase_User_F3b4Y81oIQTWXPmDS0WHdqxJZ3LZ_k1R</name>
                    <credentials>{903}F3b4Y81oIQTWXPmDS0WHdqxJZ3LZ/k1R</credentials>
                </user>
                <user>
                    <name>DataBase_User_YJMr6Rc0d3TtDXiPRV74v4plkXf11edj</name>
                    <credentials>{903}YJMr6Rc0d3TtDXiPRV74v4plkXf11edj</credentials>
                </user>
                <user>
                    <name>DataBase_User_n0idyQ7rN_mHSOaq6ArCDFZ1le6kL1SR</name>
                    <credentials>{903}n0idyQ7rN/mHSOaq6ArCDFZ1le6kL1SR</credentials>
                </user>
                <user>
                    <name>DataBase_User_Vtt2K8cRrv3YzxBTNQPGhpBS5_E54E7A</name>
                    <credentials>{903}Vtt2K8cRrv3YzxBTNQPGhpBS5/E54E7A</credentials>
                </user>
            </users>
      <roles/>
    </realm>
  </jazn-realm>
</jazn-data>
