<?xml version = '1.0' encoding = 'windows-1252'?>
<!DOCTYPE data-sources PUBLIC "Orion data-sources" "http://xmlns.oracle.com/ias/dtds/data-sources.dtd">
<data-sources>
  <data-source name="jdev-connection-toystore" class="com.evermind.sql.DriverManagerDataSource" location="jdbc/toystoreCoreDS" xa-location="jdbc/xa/toystoreXADS" ejb-location="jdbc/toystoreDS" pooled-location="jdbc/toystorePooledDS" connection-driver="oracle.jdbc.driver.OracleDriver" username="toystore" password="toystore" url="jdbc:oracle:thin:@localhost:1521:ORCL" inactivity-timeout="30"/>
  <data-source name="jdev-connection-xsql" class="com.evermind.sql.DriverManagerDataSource" location="jdbc/xsqlCoreDS" xa-location="jdbc/xa/xsqlXADS" ejb-location="jdbc/xsqlDS" pooled-location="jdbc/xsqlPooledDS" connection-driver="oracle.jdbc.driver.OracleDriver" username="xsql" password="xsql" url="jdbc:oracle:thin:@localhost:1521:ORCL" inactivity-timeout="30"/>
  <data-source name="jdev-connection-jhs" class="com.evermind.sql.DriverManagerDataSource" location="jdbc/jhsCoreDS" xa-location="jdbc/xa/jhsXADS" ejb-location="jdbc/jhsDS" pooled-location="jdbc/jhsPooledDS" connection-driver="oracle.jdbc.driver.OracleDriver" username="jhs" password="jhs" url="jdbc:oracle:thin:@localhost:1521:ORCL" inactivity-timeout="30"/>
  <data-source name="jdev-connection-toystore_statemgmt" class="com.evermind.sql.DriverManagerDataSource" location="jdbc/toystore_statemgmtCoreDS" xa-location="jdbc/xa/toystore_statemgmtXADS" ejb-location="jdbc/toystore_statemgmtDS" pooled-location="jdbc/toystore_statemgmtPooledDS" connection-driver="oracle.jdbc.driver.OracleDriver" username="toystore_statemgmt" password="toystore" url="jdbc:oracle:thin:@localhost:1521:ORCL" inactivity-timeout="30"/>
  <data-source name="jdev-connection-taskapp" class="com.evermind.sql.DriverManagerDataSource" location="jdbc/taskappCoreDS" xa-location="jdbc/xa/taskappXADS" ejb-location="jdbc/taskappDS" pooled-location="jdbc/taskappPooledDS" connection-driver="oracle.jdbc.driver.OracleDriver" username="task" password="taskapp" url="jdbc:oracle:thin:@jtdb-sun.us.oracle.com:1521:jtorcl" inactivity-timeout="30"/>
  <data-source name="jdev-connection-hr" class="com.evermind.sql.DriverManagerDataSource" location="jdbc/hrCoreDS" xa-location="jdbc/xa/hrXADS" ejb-location="jdbc/hrDS" pooled-location="jdbc/hrPooledDS" connection-driver="oracle.jdbc.driver.OracleDriver" username="hr" password="hr" url="jdbc:oracle:thin:@localhost:1521:ORCL" inactivity-timeout="30"/>
  <data-source name="jdev-connection-bug4120018" class="com.evermind.sql.DriverManagerDataSource" location="jdbc/bug4120018CoreDS" xa-location="jdbc/xa/bug4120018XADS" ejb-location="jdbc/bug4120018DS" pooled-location="jdbc/bug4120018PooledDS" connection-driver="oracle.jdbc.driver.OracleDriver" username="bug4120018" password="x" url="jdbc:oracle:thin:@pdws3.it.oracle.com:1521:ORCL" inactivity-timeout="30"/>
  <data-source name="jdev-connection-scott" class="com.evermind.sql.DriverManagerDataSource" location="jdbc/scottCoreDS" xa-location="jdbc/xa/scottXADS" ejb-location="jdbc/scottDS" pooled-location="jdbc/scottPooledDS" connection-driver="oracle.jdbc.driver.OracleDriver" username="scott" password="tiger" url="jdbc:oracle:thin:@localhost:1521:ORCL" inactivity-timeout="30"/>
  <data-source name="jdev-connection-xdb" class="com.evermind.sql.DriverManagerDataSource" location="jdbc/xdbCoreDS" xa-location="jdbc/xa/xdbXADS" ejb-location="jdbc/xdbDS" pooled-location="jdbc/xdbPooledDS" connection-driver="oracle.jdbc.driver.OracleDriver" username="xdb" password="emmamatteo" url="jdbc:oracle:thin:@localhost:1521:ORCL" inactivity-timeout="30"/>
  <data-source name="jdev-connection-bugdb" class="com.evermind.sql.DriverManagerDataSource" location="jdbc/bugdbCoreDS" xa-location="jdbc/xa/bugdbXADS" ejb-location="jdbc/bugdbDS" pooled-location="jdbc/bugdbPooledDS" connection-driver="oracle.jdbc.driver.OracleDriver" username="ops$smuench" password="mybugs" url="jdbc:oracle:thin:@prodhp1.us.oracle.com:1521:V7BUG" inactivity-timeout="30"/>
  <data-source name="jdev-connection-bug" class="com.evermind.sql.DriverManagerDataSource" location="jdbc/bugCoreDS" xa-location="jdbc/xa/bugXADS" ejb-location="jdbc/bugDS" pooled-location="jdbc/bugPooledDS" connection-driver="oracle.jdbc.driver.OracleDriver" username="bug" password="bug" url="jdbc:oracle:thin:@localhost:1521:ORCL" inactivity-timeout="30"/>
  <data-source name="jdev-connection-tims" class="com.evermind.sql.DriverManagerDataSource" location="jdbc/timsCoreDS" xa-location="jdbc/xa/timsXADS" ejb-location="jdbc/timsDS" pooled-location="jdbc/timsPooledDS" connection-driver="oracle.jdbc.driver.OracleDriver" username="tims" password="tims" url="jdbc:oracle:thin:@localhost:1521:ORCL" inactivity-timeout="30"/>
</data-sources>
