<?xml version = '1.0' encoding = 'windows-1252' standalone = 'yes'?>
<jazn-data xmlns:xsi="http://www.w3.org/2001/XMLSchema-instance" xsi:noNamespaceSchemaLocation="http://xmlns.oracle.com/oracleas/schema/jazn-data-10_0.xsd" filepath="" OC4J_INSTANCE_ID="">
    <jazn-realm>
        <realm>
            <name>jazn.com</name>
            <users>
                <user>
                    <name>DataBase_User_Q7n-bQTqXKkWeoTXP-FCmygjacG85HF4</name>
                    <credentials>{903}Q7n+bQTqXKkWeoTXP+FCmygjacG85HF4</credentials>
                </user>
                <user>
                    <name>DataBase_User_uIpSf_uh3Dl_w_McXazhRheptBLf2_qV</name>
                    <credentials>{903}uIpSf/uh3Dl/w/McXazhRheptBLf2/qV</credentials>
                </user>
                <user>
                    <name>DataBase_User_iS-F6Fxq0kE43psS9de2RVCGwmIvTjLW</name>
                    <credentials>{903}iS+F6Fxq0kE43psS9de2RVCGwmIvTjLW</credentials>
                </user>
                <user>
                    <name>DataBase_User_e41cBPWXcFZuQE1qV7ft2zsYHMWiExf5</name>
                    <credentials>{903}e41cBPWXcFZuQE1qV7ft2zsYHMWiExf5</credentials>
                </user>
                <user>
                    <name>DataBase_User_CCSvejUho-JX8uokOsN3INscVR92Vxhd</name>
                    <credentials>{903}CCSvejUho+JX8uokOsN3INscVR92Vxhd</credentials>
                </user>
                <user>
                    <name>DataBase_User_vjIZCJbbZ6hVMVHrlB3j44ERpEbOvPHe</name>
                    <credentials>{903}vjIZCJbbZ6hVMVHrlB3j44ERpEbOvPHe</credentials>
                </user>
                <user>
                    <name>DataBase_User_VOCxpzBpg5eGyGBhRD-0Ff_TEfFCg_1i</name>
                    <credentials>{903}VOCxpzBpg5eGyGBhRD+0Ff/TEfFCg/1i</credentials>
                </user>
                <user>
                    <name>DataBase_User_TaIZCBIRLwZSeEMYSrwoZ-kccci5TAN9</name>
                    <credentials>{903}TaIZCBIRLwZSeEMYSrwoZ+kccci5TAN9</credentials>
                </user>
                <user>
                    <name>DataBase_User_7rnp7c9zCLrOPnwrkJ5VxO_LSUyqHo_u</name>
                    <credentials>{903}7rnp7c9zCLrOPnwrkJ5VxO/LSUyqHo/u</credentials>
                </user>
                <user>
                    <name>DataBase_User_MY8LqGeRhz7hGBqbfPPYZ61sUK026hB8</name>
                    <credentials>{903}MY8LqGeRhz7hGBqbfPPYZ61sUK026hB8</credentials>
                </user>
                <user>
                    <name>DataBase_User_JphA1DXew-SHvfNxOxem0WgVO9gdygx1</name>
                    <credentials>{903}JphA1DXew+SHvfNxOxem0WgVO9gdygx1</credentials>
                </user>
                <user>
                    <name>DataBase_User_g4rE5gcFeAztfLoFoLC-yg0rq2kcEV-z</name>
                    <credentials>{903}g4rE5gcFeAztfLoFoLC+yg0rq2kcEV+z</credentials>
                </user>
                <user>
                    <name>DataBase_User_i8Vl3OGfO0xTn2ascz7j5au0W9QpwWWs</name>
                    <credentials>{903}i8Vl3OGfO0xTn2ascz7j5au0W9QpwWWs</credentials>
                </user>
                <user>
                    <name>DataBase_User_7W3hd0P_hqCQLP9nWjR_jSeKJXkMU3KQ</name>
                    <credentials>{903}7W3hd0P/hqCQLP9nWjR/jSeKJXkMU3KQ</credentials>
                </user>
            </users>
            <roles/>
        </realm>
    </jazn-realm>
</jazn-data>
