<?xml version = '1.0' encoding = 'windows-1252'?>
<data-sources xmlns:xsi="http://www.w3.org/2001/XMLSchema-instance" xsi:noNamespaceSchemaLocation="http://xmlns.oracle.com/oracleas/schema/data-sources-10_1.xsd" xmlns="http://xmlns.oracle.com/oracleas/schema">
    <connection-pool name="jdev-connection-pool-toystore">
        <connection-factory factory-class="oracle.jdbc.pool.OracleDataSource" user="toystore" password="->DataBase_User_Q7n-bQTqXKkWeoTXP-FCmygjacG85HF4" url="jdbc:oracle:thin:@localhost:1521:ORCL"/>
    </connection-pool>
    <managed-data-source name="jdev-connection-managed-toystore" jndi-name="jdbc/toystoreDS" connection-pool-name="jdev-connection-pool-toystore"/>
    <native-data-source name="jdev-connection-native-toystore" jndi-name="jdbc/toystoreCoreDS" url="jdbc:oracle:thin:@localhost:1521:ORCL" user="toystore" password="->DataBase_User_uIpSf_uh3Dl_w_McXazhRheptBLf2_qV" data-source-class="oracle.jdbc.pool.OracleDataSource"/>
    <connection-pool name="jdev-connection-pool-scott_at_pdws3">
        <connection-factory factory-class="oracle.jdbc.pool.OracleDataSource" user="scott" password="->DataBase_User_iS-F6Fxq0kE43psS9de2RVCGwmIvTjLW" url="jdbc:oracle:thin:@pdws3.it.oracle.com:1521:ORCL"/>
    </connection-pool>
    <managed-data-source name="jdev-connection-managed-scott_at_pdws3" jndi-name="jdbc/scott_at_pdws3DS" connection-pool-name="jdev-connection-pool-scott_at_pdws3"/>
    <native-data-source name="jdev-connection-native-scott_at_pdws3" jndi-name="jdbc/scott_at_pdws3CoreDS" url="jdbc:oracle:thin:@pdws3.it.oracle.com:1521:ORCL" user="scott" password="->DataBase_User_e41cBPWXcFZuQE1qV7ft2zsYHMWiExf5" data-source-class="oracle.jdbc.pool.OracleDataSource"/>
    <connection-pool name="jdev-connection-pool-toystore_statemgmt">
        <connection-factory factory-class="oracle.jdbc.pool.OracleDataSource" user="toystore_statemgmt" password="->DataBase_User_CCSvejUho-JX8uokOsN3INscVR92Vxhd" url="jdbc:oracle:thin:@localhost:1521:ORCL"/>
    </connection-pool>
    <managed-data-source name="jdev-connection-managed-toystore_statemgmt" jndi-name="jdbc/toystore_statemgmtDS" connection-pool-name="jdev-connection-pool-toystore_statemgmt"/>
    <native-data-source name="jdev-connection-native-toystore_statemgmt" jndi-name="jdbc/toystore_statemgmtCoreDS" url="jdbc:oracle:thin:@localhost:1521:ORCL" user="toystore_statemgmt" password="->DataBase_User_vjIZCJbbZ6hVMVHrlB3j44ERpEbOvPHe" data-source-class="oracle.jdbc.pool.OracleDataSource"/>
    <connection-pool name="jdev-connection-pool-hr">
        <connection-factory factory-class="oracle.jdbc.pool.OracleDataSource" user="hr" password="->DataBase_User_VOCxpzBpg5eGyGBhRD-0Ff_TEfFCg_1i" url="jdbc:oracle:thin:@localhost:1521:ORCL"/>
    </connection-pool>
    <managed-data-source name="jdev-connection-managed-hr" jndi-name="jdbc/hrDS" connection-pool-name="jdev-connection-pool-hr"/>
    <native-data-source name="jdev-connection-native-hr" jndi-name="jdbc/hrCoreDS" url="jdbc:oracle:thin:@localhost:1521:ORCL" user="hr" password="->DataBase_User_TaIZCBIRLwZSeEMYSrwoZ-kccci5TAN9" data-source-class="oracle.jdbc.pool.OracleDataSource"/>
    <connection-pool name="jdev-connection-pool-bug">
        <connection-factory factory-class="oracle.jdbc.pool.OracleDataSource" user="bug" password="->DataBase_User_7rnp7c9zCLrOPnwrkJ5VxO_LSUyqHo_u" url="jdbc:oracle:thin:@localhost:1521:ORCL"/>
    </connection-pool>
    <managed-data-source name="jdev-connection-managed-bug" jndi-name="jdbc/bugDS" connection-pool-name="jdev-connection-pool-bug"/>
    <native-data-source name="jdev-connection-native-bug" jndi-name="jdbc/bugCoreDS" url="jdbc:oracle:thin:@localhost:1521:ORCL" user="bug" password="->DataBase_User_MY8LqGeRhz7hGBqbfPPYZ61sUK026hB8" data-source-class="oracle.jdbc.pool.OracleDataSource"/>
    <connection-pool name="jdev-connection-pool-scott_idc">
        <connection-factory factory-class="oracle.jdbc.pool.OracleDataSource" user="scott" password="->DataBase_User_JphA1DXew-SHvfNxOxem0WgVO9gdygx1" url="jdbc:oracle:thin:@formslab-pc.idc.oracle.com:1521:XE"/>
    </connection-pool>
    <managed-data-source name="jdev-connection-managed-scott_idc" jndi-name="jdbc/scott_idcDS" connection-pool-name="jdev-connection-pool-scott_idc"/>
    <native-data-source name="jdev-connection-native-scott_idc" jndi-name="jdbc/scott_idcCoreDS" url="jdbc:oracle:thin:@formslab-pc.idc.oracle.com:1521:XE" user="scott" password="->DataBase_User_g4rE5gcFeAztfLoFoLC-yg0rq2kcEV-z" data-source-class="oracle.jdbc.pool.OracleDataSource"/>
    <connection-pool name="jdev-connection-pool-scott">
        <connection-factory factory-class="oracle.jdbc.pool.OracleDataSource" user="scott" password="->DataBase_User_i8Vl3OGfO0xTn2ascz7j5au0W9QpwWWs" url="jdbc:oracle:thin:@localhost:1521:ORCL"/>
    </connection-pool>
    <managed-data-source name="jdev-connection-managed-scott" jndi-name="jdbc/scottDS" connection-pool-name="jdev-connection-pool-scott"/>
    <native-data-source name="jdev-connection-native-scott" jndi-name="jdbc/scottCoreDS" url="jdbc:oracle:thin:@localhost:1521:ORCL" user="scott" password="->DataBase_User_7W3hd0P_hqCQLP9nWjR_jSeKJXkMU3KQ" data-source-class="oracle.jdbc.pool.OracleDataSource"/>
</data-sources>
