<?xml version='1.0' encoding='windows-1252' ?>
<!DOCTYPE ViewObject SYSTEM "jbo_03_01.dtd">

<ViewObject
   Name="ParameterFormItems"
   BindingStyle="OracleName"
   CustomQuery="true"
   ComponentClass="paramform.model.queries.ParameterFormItemsImpl"
   UseGlueCode="false" >
   <DesignTime>
      <Attr Name="_isExpertMode" Value="true" />
      <Attr Name="_version" Value="10.1.3.36.73" />
      <Attr Name="_codeGenFlag2" Value="Access|Coll|VarAccess" />
   </DesignTime>
   <Variable
      Name="TheFormId"
      Kind="where"
      Type="java.lang.String" >
   </Variable>
   <SQLQuery><![CDATA[
select pd.id as parameter_name,
       pd.description,
       pd.display_type
from parameter_definition pd,
     parameter_form_item_set pfis
where pfis.parameter_form_definition_id = :TheFormId
 and pfis.parameter_definition_id = pd.id
order by parameter_name
   ]]></SQLQuery>
   <ViewAttribute
      Name="ParameterName"
      IsUpdateable="false"
      IsPersistent="false"
      IsNotNull="true"
      Precision="30"
      Type="java.lang.String"
      ColumnType="VARCHAR2"
      AliasName="PARAMETER_NAME"
      Expression="PARAMETER_NAME"
      SQLType="VARCHAR" >
      <DesignTime>
         <Attr Name="_DisplaySize" Value="30" />
      </DesignTime>
   </ViewAttribute>
   <ViewAttribute
      Name="Description"
      IsPersistent="false"
      Precision="80"
      Type="java.lang.String"
      ColumnType="VARCHAR2"
      AliasName="DESCRIPTION"
      Expression="DESCRIPTION"
      SQLType="VARCHAR" >
      <DesignTime>
         <Attr Name="_DisplaySize" Value="80" />
      </DesignTime>
   </ViewAttribute>
   <ViewAttribute
      Name="DisplayType"
      IsUpdateable="false"
      IsPersistent="false"
      Precision="1"
      Type="java.lang.String"
      ColumnType="VARCHAR2"
      AliasName="DISPLAY_TYPE"
      Expression="DISPLAY_TYPE"
      SQLType="VARCHAR" >
      <DesignTime>
         <Attr Name="_DisplaySize" Value="1" />
      </DesignTime>
   </ViewAttribute>
   <ViewAttribute
      Name="UserValue"
      IsSelected="false"
      IsPersistent="false"
      Type="java.lang.String"
      ColumnType="VARCHAR2"
      AliasName="VIEW_ATTR"
      SQLType="VARCHAR" >
   </ViewAttribute>
   <ViewLinkAccessor
      Name="ParameterChoices"
      ViewLink="paramform.model.queries.viewlinks.ChoicesForItems"
      Type="oracle.jbo.RowIterator"
      IsUpdateable="false" >
   </ViewLinkAccessor>
</ViewObject>
