<?xml version='1.0' encoding='windows-1252' ?>
<!DOCTYPE JboPackage SYSTEM "jbo_03_01.dtd">

<JboPackage
   Name="queries"
   SeparateXMLFiles="true"
   PackageName="paramform.model.queries" >
   <DesignTime>
      <Attr Name="_ejbPackage" Value="false" />
      <Attr Name="_version" Value="10.1.3.36.73" />
   </DesignTime>
   <Containee
      Name="ParameterChoicesView"
      FullName="paramform.model.queries.ParameterChoicesView"
      ObjectType="ViewObject" >
   </Containee>
   <Containee
      Name="ParameterDefinitionView"
      FullName="paramform.model.queries.ParameterDefinitionView"
      ObjectType="ViewObject" >
   </Containee>
   <Containee
      Name="ParameterFormDefinitionView"
      FullName="paramform.model.queries.ParameterFormDefinitionView"
      ObjectType="ViewObject" >
   </Containee>
   <Containee
      Name="ParameterFormItems"
      FullName="paramform.model.queries.ParameterFormItems"
      ObjectType="ViewObject" >
   </Containee>
   <Containee
      Name="ParameterFormItemSetView"
      FullName="paramform.model.queries.ParameterFormItemSetView"
      ObjectType="ViewObject" >
   </Containee>
</JboPackage>
