<?xml version = '1.0' encoding = 'windows-1252'?>
<!DOCTYPE struts-config PUBLIC "-//Apache Software Foundation//DTD Struts Configuration 1.1//EN" "http://jakarta.apache.org/struts/dtds/struts-config_1_1.dtd">
<struts-config>
  <form-beans>
    <form-bean name="DataForm" type="oracle.adf.controller.struts.forms.BindingContainerActionForm"/>
  </form-beans>
  <action-mappings>
    <action path="/EmployeeList" className="oracle.adf.controller.struts.actions.DataActionMapping" type="test.view.EmployeeListAction" name="DataForm" parameter="/EmployeeList.jsp">
      <set-property property="modelReference" value="EmployeeListUIModel"/>
      <forward name="SelectEmployeesAndProceed" path="/SelectedEmployees.do"/>
    </action>
    <action path="/SelectedEmployees" className="oracle.adf.controller.struts.actions.DataActionMapping" type="oracle.adf.controller.struts.actions.DataForwardAction" name="DataForm" parameter="/SelectedEmployees.jsp">
      <set-property property="modelReference" value="SelectedEmployeesUIModel"/>
    </action>
  </action-mappings>
  <message-resources parameter="test.view.ApplicationResources"/>
</struts-config>
