<?xml version = '1.0' encoding = 'windows-1252' standalone = 'yes'?>
<jazn-data xmlns:xsi="http://www.w3.org/2001/XMLSchema-instance" xsi:noNamespaceSchemaLocation="http://xmlns.oracle.com/oracleas/schema/jazn-data-10_0.xsd" filepath="" OC4J_INSTANCE_ID="">
  <jazn-realm>
    <realm>
      <name>jazn.com</name>
      <users>
                <user>
                    <name>DataBase_User_a_BBcqt6-9oZ2HLn0wtrFhbIInqAOo_A</name>
                    <credentials>{903}a/BBcqt6+9oZ2HLn0wtrFhbIInqAOo/A</credentials>
                </user>
                <user>
                    <name>DataBase_User_6gZ1hzB71LCJXpoQkkE5Do-6piyQKh9S</name>
                    <credentials>{903}6gZ1hzB71LCJXpoQkkE5Do+6piyQKh9S</credentials>
                </user>
                <user>
                    <name>DataBase_User_yrF_IVewq8eOajVF4gp-mAh8ItjozKcD</name>
                    <credentials>{903}yrF/IVewq8eOajVF4gp+mAh8ItjozKcD</credentials>
                </user>
                <user>
                    <name>DataBase_User_tJXeofFFnOWLmBMzkDnZMIoCe6VTClzV</name>
                    <credentials>{903}tJXeofFFnOWLmBMzkDnZMIoCe6VTClzV</credentials>
                </user>
                <user>
                    <name>DataBase_User_8Mn8BQhQR5odSgPI2PVAamwslIATCR_S</name>
                    <credentials>{903}8Mn8BQhQR5odSgPI2PVAamwslIATCR/S</credentials>
                </user>
                <user>
                    <name>DataBase_User_S-OU7OUNoyj5s4p3pmF5ayO8hvWTMvL7</name>
                    <credentials>{903}S+OU7OUNoyj5s4p3pmF5ayO8hvWTMvL7</credentials>
                </user>
                <user>
                    <name>DataBase_User_svcl_vCnNkmAg8zP4TB3dd8XW6yc0cxX</name>
                    <credentials>{903}svcl/vCnNkmAg8zP4TB3dd8XW6yc0cxX</credentials>
                </user>
                <user>
                    <name>DataBase_User_KIikAoUeg5kLhbbxd8bqIV5L-rGlbDjk</name>
                    <credentials>{903}KIikAoUeg5kLhbbxd8bqIV5L+rGlbDjk</credentials>
                </user>
                <user>
                    <name>DataBase_User_RkY7PZXb5VCM3KIOAL7hdgq8fDjId9jG</name>
                    <credentials>{903}RkY7PZXb5VCM3KIOAL7hdgq8fDjId9jG</credentials>
                </user>
                <user>
                    <name>DataBase_User_AYz_IfsZ3FnHN_Jw1N0GunHSOxEX1xv9</name>
                    <credentials>{903}AYz/IfsZ3FnHN/Jw1N0GunHSOxEX1xv9</credentials>
                </user>
                <user>
                    <name>DataBase_User_x9lD3FtOlWVG_IvgmHjIj4PNOoiOAmsi</name>
                    <credentials>{903}x9lD3FtOlWVG/IvgmHjIj4PNOoiOAmsi</credentials>
                </user>
                <user>
                    <name>DataBase_User_eNOUp1wny90bc4owgMUsRp4U5eBX-lHA</name>
                    <credentials>{903}eNOUp1wny90bc4owgMUsRp4U5eBX+lHA</credentials>
                </user>
                <user>
                    <name>DataBase_User_rbCgzbfPh65XfY6AepGU3ud-UMuaTnrh</name>
                    <credentials>{903}rbCgzbfPh65XfY6AepGU3ud+UMuaTnrh</credentials>
                </user>
                <user>
                    <name>DataBase_User_73m3bXKtx8e6MaOVXO8kiHGKni5hqaP8</name>
                    <credentials>{903}73m3bXKtx8e6MaOVXO8kiHGKni5hqaP8</credentials>
                </user>
                <user>
                    <name>DataBase_User_mEArfMqIPsQ83o_G-S6134G65q3h-lhf</name>
                    <credentials>{903}mEArfMqIPsQ83o/G+S6134G65q3h+lhf</credentials>
                </user>
                <user>
                    <name>DataBase_User_bu5wDY__8lws9xQCFkua-_aRV_XJ49WE</name>
                    <credentials>{903}bu5wDY//8lws9xQCFkua+/aRV/XJ49WE</credentials>
                </user>
                <user>
                    <name>DataBase_User_e8sgp8_VkpwerbGCBEep9GO1epdYMecL</name>
                    <credentials>{903}e8sgp8/VkpwerbGCBEep9GO1epdYMecL</credentials>
                </user>
                <user>
                    <name>DataBase_User__nqfFAcH2_NE0z-WqpFEjfpUHNKULGTv</name>
                    <credentials>{903}/nqfFAcH2/NE0z+WqpFEjfpUHNKULGTv</credentials>
                </user>
                <user>
                    <name>DataBase_User_GsvXkh2tm4hrLZc3qdEhexx9QzuLP7mG</name>
                    <credentials>{903}GsvXkh2tm4hrLZc3qdEhexx9QzuLP7mG</credentials>
                </user>
                <user>
                    <name>DataBase_User_rtFOaP1t5a4WetoTV3yvtrr7mu7HkAl3</name>
                    <credentials>{903}rtFOaP1t5a4WetoTV3yvtrr7mu7HkAl3</credentials>
                </user>
                <user>
                    <name>DataBase_User_G65rdAY0M95D6_5V5zm8VYxCZT1XxhNF</name>
                    <credentials>{903}G65rdAY0M95D6/5V5zm8VYxCZT1XxhNF</credentials>
                </user>
                <user>
                    <name>DataBase_User_vjbQN6LQVqMSllyuAFgqNvzFZHSamCxH</name>
                    <credentials>{903}vjbQN6LQVqMSllyuAFgqNvzFZHSamCxH</credentials>
                </user>
            </users>
      <roles/>
    </realm>
  </jazn-realm>
</jazn-data>
