<?xml version = '1.0' encoding = 'windows-1252'?>
<!DOCTYPE struts-config PUBLIC "-//Apache Software Foundation//DTD Struts Configuration 1.1//EN" "http://jakarta.apache.org/struts/dtds/struts-config_1_1.dtd">
<struts-config>
  <form-beans>
    <form-bean name="DataForm" type="oracle.adf.controller.struts.forms.BindingContainerActionForm"/>
  </form-beans>
  <action-mappings>
    <action path="/TestPage" className="oracle.adf.controller.struts.actions.DataActionMapping" type="demo.view.TestPageAction" name="DataForm" parameter="/TestPage.jsp">
      <set-property property="modelReference" value="TestPageUIModel"/>
    </action>
  </action-mappings>
  <message-resources parameter="demo.view.ApplicationResources"/>
</struts-config>
