<?xml version='1.0' encoding='windows-1252' ?>
<!DOCTYPE ViewObject SYSTEM "jbo_03_01.dtd">

<ViewObject
   Name="Products"
   SelectList="Product.PROD_ID, 
       Product.NAME, 
       Product.IMAGE, 
       Product.DESCRIPTION"
   FromList="PRODUCTS Product"
   BindingStyle="OracleName"
   CustomQuery="false"
   ComponentClass="devguide.advanced.restorecurrency.CustomViewObjectImpl"
   FetchMode="FETCH_AS_NEEDED"
   UseGlueCode="false" >
   <DesignTime>
      <Attr Name="_version" Value="10.1.3.36.73" />
      <Attr Name="_objectSuperClassName" Value="devguide.advanced.restorecurrency.CustomViewObjectImpl" />
      <Attr Name="_codeGenFlag2" Value="Access|VarAccess" />
   </DesignTime>
   <EntityUsage
      Name="Product"
      Entity="devguide.advanced.restorecurrency.Product" >
      <DesignTime>
         <Attr Name="_queryClause" Value="false" />
      </DesignTime>
   </EntityUsage>
   <ViewAttribute
      Name="ProdId"
      IsNotNull="true"
      EntityAttrName="ProdId"
      EntityUsage="Product"
      AliasName="PROD_ID" >
   </ViewAttribute>
   <ViewAttribute
      Name="Name"
      IsNotNull="true"
      EntityAttrName="Name"
      EntityUsage="Product"
      AliasName="NAME" >
   </ViewAttribute>
   <ViewAttribute
      Name="Image"
      EntityAttrName="Image"
      EntityUsage="Product"
      AliasName="IMAGE" >
   </ViewAttribute>
   <ViewAttribute
      Name="Description"
      IsNotNull="true"
      EntityAttrName="Description"
      EntityUsage="Product"
      AliasName="DESCRIPTION" >
   </ViewAttribute>
</ViewObject>
