<?xml version='1.0' encoding='windows-1252' ?>
<!DOCTYPE ViewObject SYSTEM "jbo_03_01.dtd">

<ViewObject
   Name="ReadOnlyProducts"
   BindingStyle="OracleName"
   CustomQuery="true"
   ComponentClass="devguide.advanced.restorecurrency.ReadOnlyProductsImpl"
   FetchMode="FETCH_AS_NEEDED"
   UseGlueCode="false" >
   <SQLQuery><![CDATA[
select prod_id, name
from products
order by name
   ]]></SQLQuery>
   <DesignTime>
      <Attr Name="_isExpertMode" Value="true" />
      <Attr Name="_version" Value="10.1.3.36.73" />
      <Attr Name="_objectSuperClassName" Value="devguide.advanced.restorecurrency.CustomViewObjectImpl" />
      <Attr Name="_codeGenFlag2" Value="Access|Coll|VarAccess" />
   </DesignTime>
   <ViewAttribute
      Name="ProdId"
      IsUpdateable="false"
      IsPersistent="false"
      IsNotNull="true"
      Type="oracle.jbo.domain.Number"
      ColumnType="NUMBER"
      AliasName="PROD_ID"
      Expression="PROD_ID"
      SQLType="NUMERIC" >
      <DesignTime>
         <Attr Name="_DisplaySize" Value="22" />
      </DesignTime>
   </ViewAttribute>
   <ViewAttribute
      Name="Name"
      IsUpdateable="false"
      IsPersistent="false"
      IsNotNull="true"
      Precision="50"
      Type="java.lang.String"
      ColumnType="VARCHAR2"
      AliasName="NAME"
      Expression="NAME"
      SQLType="VARCHAR" >
      <DesignTime>
         <Attr Name="_DisplaySize" Value="50" />
      </DesignTime>
   </ViewAttribute>
   <AttrArray Name="KeyAttributes">
      <Item Value="ProdId" />
   </AttrArray>
</ViewObject>
