<?xml version = '1.0' encoding = 'windows-1252' standalone = 'yes'?>
<jazn-data xmlns:xsi="http://www.w3.org/2001/XMLSchema-instance" xsi:noNamespaceSchemaLocation="http://xmlns.oracle.com/oracleas/schema/jazn-data-10_0.xsd" filepath="" OC4J_INSTANCE_ID="">
  <jazn-realm>
    <realm>
      <name>jazn.com</name>
      <users>
        <user>
          <name>DataBase_User_TzyT9eP1kvPNCA-zLo2GVDQqn7CGu2Ko</name>
          <credentials>{903}TzyT9eP1kvPNCA+zLo2GVDQqn7CGu2Ko</credentials>
        </user>
        <user>
          <name>DataBase_User_Vx1a4cgEYxzcmv79EuAWlhbI4VvyCP1H</name>
          <credentials>{903}Vx1a4cgEYxzcmv79EuAWlhbI4VvyCP1H</credentials>
        </user>
        <user>
          <name>DataBase_User_1-3SHvoQ5dUIcXrMKjEOl4dXGkqI4kwxAzNwmBdd2tQ=</name>
          <credentials>{903}1+3SHvoQ5dUIcXrMKjEOl4dXGkqI4kwxAzNwmBdd2tQ=</credentials>
        </user>
        <user>
          <name>DataBase_User_Hg_dCTewTb8F7cE1Spirp36KOQIjntf6Osag-M79Xj0=</name>
          <credentials>{903}Hg/dCTewTb8F7cE1Spirp36KOQIjntf6Osag+M79Xj0=</credentials>
        </user>
        <user>
          <name>DataBase_User_u7IxCK2955LrFfmg3GfkyYrlPgn4rX7m</name>
          <credentials>{903}u7IxCK2955LrFfmg3GfkyYrlPgn4rX7m</credentials>
        </user>
        <user>
          <name>DataBase_User_OSWg0MTo195JWWTKAq_VxF7JFP5Kr4cZ</name>
          <credentials>{903}OSWg0MTo195JWWTKAq/VxF7JFP5Kr4cZ</credentials>
        </user>
        <user>
          <name>DataBase_User_VktMU2mHq-Cma6leIRqLO08St_Oa0hCP</name>
          <credentials>{903}VktMU2mHq+Cma6leIRqLO08St/Oa0hCP</credentials>
        </user>
        <user>
          <name>DataBase_User_HyN-BIRoSMfBgrvDV9m5Q3CzYFtg0fUu</name>
          <credentials>{903}HyN+BIRoSMfBgrvDV9m5Q3CzYFtg0fUu</credentials>
        </user>
        <user>
          <name>DataBase_User__mhe78Z2YWLeKF4RzXeRCqPNywcBZeZC</name>
          <credentials>{903}/mhe78Z2YWLeKF4RzXeRCqPNywcBZeZC</credentials>
        </user>
        <user>
          <name>DataBase_User_b7_8b0QOQ2KEBGSG0dlCZymNr5_RXTJq</name>
          <credentials>{903}b7/8b0QOQ2KEBGSG0dlCZymNr5/RXTJq</credentials>
        </user>
        <user>
          <name>DataBase_User_CyLHifULd2pCVndQjurPX_IQeAkzWc_H</name>
          <credentials>{903}CyLHifULd2pCVndQjurPX/IQeAkzWc/H</credentials>
        </user>
        <user>
          <name>DataBase_User_2GAOEUvk0EiS0swVvGUqeMam_XVPIv5a</name>
          <credentials>{903}2GAOEUvk0EiS0swVvGUqeMam/XVPIv5a</credentials>
        </user>
        <user>
          <name>DataBase_User_WxvC9NEC6x4O2ypz3IAlGS7SNi8PCvwP</name>
          <credentials>{903}WxvC9NEC6x4O2ypz3IAlGS7SNi8PCvwP</credentials>
        </user>
        <user>
          <name>DataBase_User_8NWWWCaxOZyABh-9YGix0UqItwA2hopo</name>
          <credentials>{903}8NWWWCaxOZyABh+9YGix0UqItwA2hopo</credentials>
        </user>
        <user>
          <name>DataBase_User_HRr-ZHyyUvunT4wDljKCk6WZgmnsYqPL</name>
          <credentials>{903}HRr+ZHyyUvunT4wDljKCk6WZgmnsYqPL</credentials>
        </user>
        <user>
          <name>DataBase_User_2iB6MuX2K5HsWcSjuqr2u38K-gxkTX1T</name>
          <credentials>{903}2iB6MuX2K5HsWcSjuqr2u38K+gxkTX1T</credentials>
        </user>
        <user>
          <name>DataBase_User_kpHBpHmnUXgSY6PB05d154B2OFIjZe65</name>
          <credentials>{903}kpHBpHmnUXgSY6PB05d154B2OFIjZe65</credentials>
        </user>
        <user>
          <name>DataBase_User_MvpZrl1Od91adPhUNEURDGPr5ghfwd8Z</name>
          <credentials>{903}MvpZrl1Od91adPhUNEURDGPr5ghfwd8Z</credentials>
        </user>
      </users>
      <roles/>
    </realm>
  </jazn-realm>
</jazn-data>
