<?xml version = '1.0' encoding = 'windows-1252'?>
<data-sources xmlns:xsi="http://www.w3.org/2001/XMLSchema-instance" xsi:schemaLocation="http://xmlns.oracle.com/oracleas/schema http://xmlns.oracle.com/oracleas/schema/data-sources-10_1.xsd" version="10.1" xmlns="http://xmlns.oracle.com/oracleas/schema">
  <connection-pool name="jdev-connection-pool-EBSCore">
    <connection-factory factory-class="oracle.jdbc.pool.OracleDataSource" user="apps" password="->DataBase_User_TzyT9eP1kvPNCA-zLo2GVDQqn7CGu2Ko" url="jdbc:oracle:thin:@pdlnx-perf20.us.oracle.com:1521:VIS"/>
  </connection-pool>
  <managed-data-source name="jdev-connection-managed-EBSCore" jndi-name="jdbc/EBSCoreDS" connection-pool-name="jdev-connection-pool-EBSCore"/>
  <native-data-source name="jdev-connection-native-EBSCore" jndi-name="jdbc/EBSCoreCoreDS" url="jdbc:oracle:thin:@pdlnx-perf20.us.oracle.com:1521:VIS" user="apps" password="->DataBase_User_Vx1a4cgEYxzcmv79EuAWlhbI4VvyCP1H" data-source-class="oracle.jdbc.pool.OracleDataSource"/>
  <connection-pool name="jdev-connection-pool-ap664sdb">
    <connection-factory factory-class="oracle.jdbc.pool.OracleDataSource" user="apps" password="->DataBase_User_1-3SHvoQ5dUIcXrMKjEOl4dXGkqI4kwxAzNwmBdd2tQ=" url="jdbc:oracle:thin:@ap664sdb.us.oracle.com:4120:fwk12dev"/>
  </connection-pool>
  <managed-data-source name="jdev-connection-managed-ap664sdb" jndi-name="jdbc/ap664sdbDS" connection-pool-name="jdev-connection-pool-ap664sdb"/>
  <native-data-source name="jdev-connection-native-ap664sdb" jndi-name="jdbc/ap664sdbCoreDS" url="jdbc:oracle:thin:@ap664sdb.us.oracle.com:4120:fwk12dev" user="apps" password="->DataBase_User_Hg_dCTewTb8F7cE1Spirp36KOQIjntf6Osag-M79Xj0=" data-source-class="oracle.jdbc.pool.OracleDataSource"/>
  <connection-pool name="jdev-connection-pool-oe">
    <connection-factory factory-class="oracle.jdbc.pool.OracleDataSource" user="oe" password="->DataBase_User_u7IxCK2955LrFfmg3GfkyYrlPgn4rX7m" url="jdbc:oracle:thin:@localhost:1521:ORCL"/>
  </connection-pool>
  <managed-data-source name="jdev-connection-managed-oe" jndi-name="jdbc/oeDS" connection-pool-name="jdev-connection-pool-oe"/>
  <native-data-source name="jdev-connection-native-oe" jndi-name="jdbc/oeCoreDS" url="jdbc:oracle:thin:@localhost:1521:ORCL" user="oe" password="->DataBase_User_OSWg0MTo195JWWTKAq_VxF7JFP5Kr4cZ" data-source-class="oracle.jdbc.pool.OracleDataSource"/>
  <connection-pool name="jdev-connection-pool-hr">
    <connection-factory factory-class="oracle.jdbc.pool.OracleDataSource" user="hr" password="->DataBase_User_VktMU2mHq-Cma6leIRqLO08St_Oa0hCP" url="jdbc:oracle:thin:@localhost:1521:ORCL"/>
  </connection-pool>
  <managed-data-source name="jdev-connection-managed-hr" jndi-name="jdbc/hrDS" connection-pool-name="jdev-connection-pool-hr"/>
  <native-data-source name="jdev-connection-native-hr" jndi-name="jdbc/hrCoreDS" url="jdbc:oracle:thin:@localhost:1521:ORCL" user="hr" password="->DataBase_User_HyN-BIRoSMfBgrvDV9m5Q3CzYFtg0fUu" data-source-class="oracle.jdbc.pool.OracleDataSource"/>
  <connection-pool name="jdev-connection-pool-scott">
    <connection-factory factory-class="oracle.jdbc.pool.OracleDataSource" user="scott" password="->DataBase_User__mhe78Z2YWLeKF4RzXeRCqPNywcBZeZC" url="jdbc:oracle:thin:@localhost:1521:ORCL"/>
  </connection-pool>
  <managed-data-source name="jdev-connection-managed-scott" jndi-name="jdbc/scottDS" connection-pool-name="jdev-connection-pool-scott"/>
  <native-data-source name="jdev-connection-native-scott" jndi-name="jdbc/scottCoreDS" url="jdbc:oracle:thin:@localhost:1521:ORCL" user="scott" password="->DataBase_User_b7_8b0QOQ2KEBGSG0dlCZymNr5_RXTJq" data-source-class="oracle.jdbc.pool.OracleDataSource"/>
  <connection-pool name="jdev-connection-pool-toyota">
    <connection-factory factory-class="oracle.jdbc.pool.OracleDataSource" user="toyota" password="->DataBase_User_CyLHifULd2pCVndQjurPX_IQeAkzWc_H" url="jdbc:oracle:thin:@localhost:1521:ORCL"/>
  </connection-pool>
  <managed-data-source name="jdev-connection-managed-toyota" jndi-name="jdbc/toyotaDS" connection-pool-name="jdev-connection-pool-toyota"/>
  <native-data-source name="jdev-connection-native-toyota" jndi-name="jdbc/toyotaCoreDS" url="jdbc:oracle:thin:@localhost:1521:ORCL" user="toyota" password="->DataBase_User_2GAOEUvk0EiS0swVvGUqeMam_XVPIv5a" data-source-class="oracle.jdbc.pool.OracleDataSource"/>
  <connection-pool name="jdev-connection-pool-SRDemo">
    <connection-factory factory-class="oracle.jdbc.pool.OracleDataSource" user="srdemo" password="->DataBase_User_WxvC9NEC6x4O2ypz3IAlGS7SNi8PCvwP" url="jdbc:oracle:thin:@localhost:1521:ORCL"/>
  </connection-pool>
  <managed-data-source name="jdev-connection-managed-SRDemo" jndi-name="jdbc/SRDemoDS" connection-pool-name="jdev-connection-pool-SRDemo"/>
  <native-data-source name="jdev-connection-native-SRDemo" jndi-name="jdbc/SRDemoCoreDS" url="jdbc:oracle:thin:@localhost:1521:ORCL" user="srdemo" password="->DataBase_User_8NWWWCaxOZyABh-9YGix0UqItwA2hopo" data-source-class="oracle.jdbc.pool.OracleDataSource"/>
  <connection-pool name="jdev-connection-pool-staff">
    <connection-factory factory-class="oracle.jdbc.pool.OracleDataSource" user="staff" password="->DataBase_User_HRr-ZHyyUvunT4wDljKCk6WZgmnsYqPL" url="jdbc:oracle:thin:@localhost:1521:ORCL"/>
  </connection-pool>
  <managed-data-source name="jdev-connection-managed-staff" jndi-name="jdbc/staffDS" connection-pool-name="jdev-connection-pool-staff"/>
  <native-data-source name="jdev-connection-native-staff" jndi-name="jdbc/staffCoreDS" url="jdbc:oracle:thin:@localhost:1521:ORCL" user="staff" password="->DataBase_User_2iB6MuX2K5HsWcSjuqr2u38K-gxkTX1T" data-source-class="oracle.jdbc.pool.OracleDataSource"/>
  <connection-pool name="jdev-connection-pool-bug">
    <connection-factory factory-class="oracle.jdbc.pool.OracleDataSource" user="bug" password="->DataBase_User_kpHBpHmnUXgSY6PB05d154B2OFIjZe65" url="jdbc:oracle:thin:@localhost:1521:ORCL"/>
  </connection-pool>
  <managed-data-source name="jdev-connection-managed-bug" jndi-name="jdbc/bugDS" connection-pool-name="jdev-connection-pool-bug"/>
  <native-data-source name="jdev-connection-native-bug" jndi-name="jdbc/bugCoreDS" url="jdbc:oracle:thin:@localhost:1521:ORCL" user="bug" password="->DataBase_User_MvpZrl1Od91adPhUNEURDGPr5ghfwd8Z" data-source-class="oracle.jdbc.pool.OracleDataSource"/>
</data-sources>
