<?xml version="1.0" encoding="windows-1252" ?>
<!DOCTYPE ViewLink SYSTEM "jbo_03_01.dtd">
<!---->
<ViewLink
  xmlns="http://xmlns.oracle.com/bc4j"
  Name="CitiesInStateLink"
  Version="11.1.1.47.41">
  <DesignTime>
    <Attr Name="_isCodegen" Value="true"/>
  </DesignTime>
  <ViewLinkDefEnd
    Name="States"
    Cardinality="1"
    Owner="model.States"
    Source="true">
    <DesignTime>
      <Attr Name="_isUpdateable" Value="true"/>
      <Attr Name="_finderName" Value="States"/>
    </DesignTime>
    <AttrArray Name="Attributes">
      <Item Value="model.States.Id"/>
    </AttrArray>
  </ViewLinkDefEnd>
  <ViewLinkDefEnd
    Name="Cities"
    Cardinality="-1"
    Owner="model.Cities">
    <DesignTime>
      <Attr Name="_isUpdateable" Value="true"/>
      <Attr Name="_finderName" Value="Cities"/>
    </DesignTime>
    <AttrArray Name="Attributes">
      <Item Value="model.Cities.StateId"/>
    </AttrArray>
  </ViewLinkDefEnd>
</ViewLink>
