<?xml version="1.0" encoding="windows-1252" ?>
<!DOCTYPE ViewObject SYSTEM "jbo_03_01.dtd">
<!---->
<ViewObject
  xmlns="http://xmlns.oracle.com/bc4j"
  Name="CitiesByStateId"
  Version="11.1.1.47.47"
  BindingStyle="OracleName"
  CustomQuery="true"
  ComponentClass="model.CitiesByStateIdImpl"
  PageIterMode="Full"
  UseGlueCode="false">
  <DesignTime>
    <Attr Name="_codeGenFlag2" Value="Access|Coll|Prog|VarAccess"/>
    <Attr Name="_objectSuperClassName"
      Value="oracle.adfbc.staticdata.CSVFileViewObjectImpl"/>
  </DesignTime>
  <Variable
    Name="TheStateId"
    Kind="where"
    Type="oracle.jbo.domain.Number">
    <Properties>
      <CustomProperties>
        <Property
          Name="MapToAttribute"
          Value="StateId"/>
      </CustomProperties>
    </Properties>
  </Variable>
  <ViewAttribute
    Name="CityId"
    IsUpdateable="false"
    IsPersistent="false"
    PrecisionRule="true"
    Type="oracle.jbo.domain.Number"
    ColumnType="NUMBER"
    AliasName="VIEW_ATTR"
    SQLType="NUMERIC"/>
  <ViewAttribute
    Name="Name"
    IsUpdateable="false"
    IsPersistent="false"
    PrecisionRule="true"
    Type="java.lang.String"
    ColumnType="VARCHAR2"
    AliasName="VIEW_ATTR"
    SQLType="VARCHAR"/>
  <ViewAttribute
    Name="StateId"
    IsUpdateable="false"
    IsPersistent="false"
    PrecisionRule="true"
    Type="java.lang.String"
    ColumnType="VARCHAR2"
    AliasName="VIEW_ATTR"
    SQLType="VARCHAR"/>
  <AttrArray Name="KeyAttributes">
    <Item Value="CityId"/>
  </AttrArray>
</ViewObject>
