<?xml version="1.0" encoding="windows-1252" ?>
<!DOCTYPE ViewObject SYSTEM "jbo_03_01.dtd">
<!---->
<ViewObject
  xmlns="http://xmlns.oracle.com/bc4j"
  Name="Nodes"
  Version="11.1.1.50.40"
  BindingStyle="OracleName"
  CustomQuery="true"
  ComponentClass="oracle.adfbc.staticdata.CSVFileViewObjectImpl"
  PageIterMode="Full"
  UseGlueCode="false">
  <DesignTime>
    <Attr Name="_isExpertMode" Value="true"/>
    <Attr Name="_objectSuperClassName"
      Value="oracle.adfbc.staticdata.CSVFileViewObjectImpl"/>
  </DesignTime>
  <ViewAttribute
    Name="NodeId"
    IsUpdateable="false"
    IsPersistent="false"
    PrecisionRule="true"
    Type="oracle.jbo.domain.Number"
    ColumnType="NUMBER"
    AliasName="VIEW_ATTR"
    SQLType="NUMERIC"/>
  <ViewAttribute
    Name="NodeName"
    IsUpdateable="false"
    IsSelected="false"
    IsPersistent="false"
    PrecisionRule="true"
    Type="java.lang.String"
    ColumnType="VARCHAR2"
    AliasName="VIEW_ATTR"
    SQLType="VARCHAR"/>
  <ViewAttribute
    Name="ParentId"
    IsUpdateable="false"
    IsSelected="false"
    IsPersistent="false"
    PrecisionRule="true"
    Type="oracle.jbo.domain.Number"
    ColumnType="NUMBER"
    AliasName="VIEW_ATTR"
    SQLType="NUMERIC"/>
  <ViewCriteria
    Name="RootNodesOnly"
    ViewObjectName="model.Nodes"
    Conjunction="AND"
    Mode="2">
    <Properties>
      <CustomProperties>
        <Property
          Name="displayOperators"
          Value="InAdvancedMode"/>
        <Property
          Name="autoExecute"
          Value="false"/>
        <Property
          Name="allowConjunctionOverride"
          Value="true"/>
        <Property
          Name="showInList"
          Value="true"/>
        <Property
          Name="mode"
          Value="Basic"/>
      </CustomProperties>
    </Properties>
    <ViewCriteriaRow
      Name="vcrow4"
      UpperColumns="1">
      <ViewCriteriaItem
        Name="ParentId"
        ViewAttribute="ParentId"
        Operator="="
        Conjunction="AND"
        Value="0"
        Required="Required"/>
    </ViewCriteriaRow>
  </ViewCriteria>
  <AttrArray Name="KeyAttributes">
    <Item Value="NodeId"/>
  </AttrArray>
  <ViewLinkAccessor
    Name="NodeIdNodes"
    ViewLink="model.ParentNodeToChildNodes"
    Type="oracle.jbo.RowIterator"
    IsUpdateable="false"/>
</ViewObject>
