<?xml version="1.0" encoding="windows-1252" ?>
<!DOCTYPE ViewLink SYSTEM "jbo_03_01.dtd">
<!---->
<ViewLink
  xmlns="http://xmlns.oracle.com/bc4j"
  Name="ParentNodeToChildNodes"
  Version="11.1.1.50.40">
  <DesignTime>
    <Attr Name="_isCodegen" Value="true"/>
  </DesignTime>
  <ViewLinkDefEnd
    Name="Nodes"
    Cardinality="1"
    Owner="model.Nodes"
    Source="true">
    <DesignTime>
      <Attr Name="_finderName" Value="Nodes"/>
      <Attr Name="_isUpdateable" Value="true"/>
    </DesignTime>
    <AttrArray Name="Attributes">
      <Item Value="model.Nodes.NodeId"/>
    </AttrArray>
  </ViewLinkDefEnd>
  <ViewLinkDefEnd
    Name="NodeIdNodes"
    Cardinality="-1"
    Owner="model.Nodes">
    <DesignTime>
      <Attr Name="_finderName" Value="NodeIdNodes"/>
      <Attr Name="_isUpdateable" Value="true"/>
    </DesignTime>
    <AttrArray Name="Attributes">
      <Item Value="model.Nodes.ParentId"/>
    </AttrArray>
  </ViewLinkDefEnd>
</ViewLink>
