<?xml version="1.0" encoding="windows-1252" ?>
<!DOCTYPE ViewObject SYSTEM "jbo_03_01.dtd">
<!---->
<ViewObject
  xmlns="http://xmlns.oracle.com/bc4j"
  Name="LocationsView"
  Version="11.1.1.61.92"
  InheritPersonalization="true"
  SelectList="Countries.REGION_ID, 
       Locations.COUNTRY_ID, 
       Locations.LOCATION_ID, 
       Locations.STREET_ADDRESS, 
       Locations.POSTAL_CODE, 
       Locations.CITY, 
       Locations.STATE_PROVINCE, 
       Countries.COUNTRY_ID AS COUNTRY_ID1"
  FromList="LOCATIONS Locations, COUNTRIES Countries"
  BindingStyle="OracleName"
  CustomQuery="false"
  PageIterMode="Full"
  UseGlueCode="false"
  Where="Locations.COUNTRY_ID = Countries.COUNTRY_ID"
  OrderBy="region_id, country_id">
  <DesignTime>
    <Attr Name="_codeGenFlag2" Value="Access|VarAccess"/>
  </DesignTime>
  <EntityUsage
    Name="Locations"
    Entity="org.emg.adf.sample.model.Locations"/>
  <EntityUsage
    Name="Countries"
    Entity="org.emg.adf.sample.model.Countries"
    Association="org.emg.adf.sample.model.LocCIdFkAssoc"
    AssociationEnd="org.emg.adf.sample.model.LocCIdFkAssoc.Countries"
    SourceUsage="org.emg.adf.sample.model.LocationsView.Locations"
    ReadOnly="true"
    Reference="true"
    DeleteParticipant="false"
    JoinType="INNER JOIN">
    <DesignTime>
      <AttrArray Name="_srcAttributes">
        <Item Value="org.emg.adf.sample.model.Locations.CountryId"/>
      </AttrArray>
      <AttrArray Name="_dstAttributes">
        <Item Value="org.emg.adf.sample.model.Countries.CountryId"/>
      </AttrArray>
    </DesignTime>
  </EntityUsage>
  <ViewAttribute
    Name="RegionId"
    PrecisionRule="true"
    EntityAttrName="RegionId"
    EntityUsage="Countries"
    AliasName="REGION_ID"/>
  <ViewAttribute
    Name="CountryId"
    PrecisionRule="true"
    EntityAttrName="CountryId"
    EntityUsage="Locations"
    AliasName="COUNTRY_ID"/>
  <ViewAttribute
    Name="LocationId"
    IsNotNull="true"
    PrecisionRule="true"
    EntityAttrName="LocationId"
    EntityUsage="Locations"
    AliasName="LOCATION_ID"/>
  <ViewAttribute
    Name="StreetAddress"
    PrecisionRule="true"
    EntityAttrName="StreetAddress"
    EntityUsage="Locations"
    AliasName="STREET_ADDRESS"/>
  <ViewAttribute
    Name="PostalCode"
    PrecisionRule="true"
    EntityAttrName="PostalCode"
    EntityUsage="Locations"
    AliasName="POSTAL_CODE"/>
  <ViewAttribute
    Name="City"
    IsNotNull="true"
    PrecisionRule="true"
    EntityAttrName="City"
    EntityUsage="Locations"
    AliasName="CITY"/>
  <ViewAttribute
    Name="StateProvince"
    PrecisionRule="true"
    EntityAttrName="StateProvince"
    EntityUsage="Locations"
    AliasName="STATE_PROVINCE"/>
  <ViewAttribute
    Name="CountryId1"
    IsNotNull="true"
    PrecisionRule="true"
    EntityAttrName="CountryId"
    EntityUsage="Countries"
    AliasName="COUNTRY_ID1"/>
  <AttrArray Name="KeyAttributes">
    <Item Value="LocationId"/>
  </AttrArray>
</ViewObject>
