<?xml version="1.0" encoding="windows-1252" ?>
<!DOCTYPE Association SYSTEM "jbo_03_01.dtd">
<!---->
<Association
  xmlns="http://xmlns.oracle.com/bc4j"
  Name="LocCIdFkAssoc"
  Version="11.1.1.61.92"
  InheritPersonalization="true">
  <DesignTime>
    <Attr Name="_isCodegen" Value="true"/>
  </DesignTime>
  <AssociationEnd
    Name="Countries"
    Cardinality="1"
    Source="true"
    Owner="org.emg.adf.sample.model.Countries">
    <DesignTime>
      <Attr Name="_aggregation" Value="0"/>
      <Attr Name="_finderName" Value="Countries"/>
      <Attr Name="_foreignKey"
        Value="org.emg.adf.sample.model.Countries.CountryCIdPk"/>
      <Attr Name="_isUpdateable" Value="true"/>
    </DesignTime>
    <AttrArray Name="Attributes">
      <Item Value="org.emg.adf.sample.model.Countries.CountryId"/>
    </AttrArray>
  </AssociationEnd>
  <AssociationEnd
    Name="Locations"
    Cardinality="-1"
    Owner="org.emg.adf.sample.model.Locations">
    <DesignTime>
      <Attr Name="_aggregation" Value="0"/>
      <Attr Name="_finderName" Value="Locations"/>
      <Attr Name="_foreignKey"
        Value="org.emg.adf.sample.model.Locations.LocCIdFk"/>
      <Attr Name="_isUpdateable" Value="true"/>
    </DesignTime>
    <AttrArray Name="Attributes">
      <Item Value="org.emg.adf.sample.model.Locations.CountryId"/>
    </AttrArray>
  </AssociationEnd>
</Association>
