<?xml version = '1.0' encoding = 'windows-1252' standalone = 'yes'?>
<jazn-data xmlns:xsi="http://www.w3.org/2001/XMLSchema-instance" xsi:noNamespaceSchemaLocation="http://xmlns.oracle.com/oracleas/schema/jazn-data-10_0.xsd" filepath="" OC4J_INSTANCE_ID="">
  <jazn-realm>
    <realm>
      <name>jazn.com</name>
      <users>
        <user>
          <name>DataBase_User_4cq4NxuPqIw8FGmnawmVctJt2f_trxK4</name>
          <credentials>{903}4cq4NxuPqIw8FGmnawmVctJt2f/trxK4</credentials>
        </user>
        <user>
          <name>DataBase_User_7lgoXeBm7nYr8TJupAWRE6wj3XlRYjWB</name>
          <credentials>{903}7lgoXeBm7nYr8TJupAWRE6wj3XlRYjWB</credentials>
        </user>
        <user>
          <name>DataBase_User_akUyugEZEFNa_7lN3q5AQy8wN149C-w4</name>
          <credentials>{903}akUyugEZEFNa/7lN3q5AQy8wN149C+w4</credentials>
        </user>
        <user>
          <name>DataBase_User_zZtRQ1xQX_oktehXQ4i6SNYAVsmJcmZd</name>
          <credentials>{903}zZtRQ1xQX/oktehXQ4i6SNYAVsmJcmZd</credentials>
        </user>
        <user>
          <name>DataBase_User_JX1b3v1ujidkOiIFsnwcnaRc8vVSWnC0</name>
          <credentials>{903}JX1b3v1ujidkOiIFsnwcnaRc8vVSWnC0</credentials>
        </user>
        <user>
          <name>DataBase_User_dXAxLzinfP8XaJ-1Q3na9xsv7LD7BdSw</name>
          <credentials>{903}dXAxLzinfP8XaJ+1Q3na9xsv7LD7BdSw</credentials>
        </user>
        <user>
          <name>DataBase_User_X0Ke5btpq847lku3jxEs_BwE2vfm9YxY</name>
          <credentials>{903}X0Ke5btpq847lku3jxEs/BwE2vfm9YxY</credentials>
        </user>
        <user>
          <name>DataBase_User_dA2x3Cul6eufJNEtEhBEnxzr1lCD1WhE</name>
          <credentials>{903}dA2x3Cul6eufJNEtEhBEnxzr1lCD1WhE</credentials>
        </user>
        <user>
          <name>DataBase_User_FnAJxd0ziVDejxvk7m3jxMIZ5rb8O7q5</name>
          <credentials>{903}FnAJxd0ziVDejxvk7m3jxMIZ5rb8O7q5</credentials>
        </user>
        <user>
          <name>DataBase_User_szFAf8ECQmkdc5g0ZvZ1enBAqRMaSXCG</name>
          <credentials>{903}szFAf8ECQmkdc5g0ZvZ1enBAqRMaSXCG</credentials>
        </user>
        <user>
          <name>DataBase_User_VtMJhH8SKTxNOP1RiKrulmpeJ3H0k65i</name>
          <credentials>{903}VtMJhH8SKTxNOP1RiKrulmpeJ3H0k65i</credentials>
        </user>
        <user>
          <name>DataBase_User_6Pej8OZCRAY7I6l6ePwxJcWG7_EN_wgg</name>
          <credentials>{903}6Pej8OZCRAY7I6l6ePwxJcWG7/EN/wgg</credentials>
        </user>
        <user>
          <name>DataBase_User_W4t5xnOl0IxOW7Dge9nEUueFrkFFXSRj</name>
          <credentials>{903}W4t5xnOl0IxOW7Dge9nEUueFrkFFXSRj</credentials>
        </user>
        <user>
          <name>DataBase_User_XH6TJVpi0qLITbKYDu0pjf1iy-eCRVgl</name>
          <credentials>{903}XH6TJVpi0qLITbKYDu0pjf1iy+eCRVgl</credentials>
        </user>
        <user>
          <name>DataBase_User_QXXSjzxg4sQ7uXpRZ98RYqK5mwzTXfWc</name>
          <credentials>{903}QXXSjzxg4sQ7uXpRZ98RYqK5mwzTXfWc</credentials>
        </user>
        <user>
          <name>DataBase_User_i9S6mjQE0-EODikdR6joxU0jC8fZWqtm</name>
          <credentials>{903}i9S6mjQE0+EODikdR6joxU0jC8fZWqtm</credentials>
        </user>
        <user>
          <name>DataBase_User_Dm8sn1RFDsWZA89ACCBNjMC8CRKQbcoK</name>
          <credentials>{903}Dm8sn1RFDsWZA89ACCBNjMC8CRKQbcoK</credentials>
        </user>
        <user>
          <name>DataBase_User_HF_oFeogitiMI7-Yx1bQHwmJGoRD30Db</name>
          <credentials>{903}HF/oFeogitiMI7+Yx1bQHwmJGoRD30Db</credentials>
        </user>
      </users>
      <roles/>
    </realm>
  </jazn-realm>
</jazn-data>
