<?xml version = '1.0' encoding = 'US-ASCII'?>
<deployment-plan xmlns:xsi="http://www.w3.org/2001/XMLSchema-instance"
                 xsi:schemaLocation="http://xmlns.oracle.com/weblogic/deployment-plan http://xmlns.oracle.com/weblogic/deployment-plan/1.0/deployment-plan.xsd"
                 xmlns="http://xmlns.oracle.com/weblogic/deployment-plan">
    <application-name>DeploymentPlan</application-name>
    <variable-definition>
        <variable>
            <name>projectStageProduction</name>
            <value>Production</value>
        </variable>
        <variable>
            <name>devModeVersionDisplayOff</name>
            <value>true</value>
        </variable>        
    </variable-definition>
    <module-override>
        <module-name>DeploymentPlanWebapp.war</module-name>
        <module-type>war</module-type>
        <module-descriptor external="false">
            <root-element>web-app</root-element>
            <uri>WEB-INF/web.xml</uri>
            <variable-assignment>
                <name>projectStageProduction</name>
                <xpath>/web-app/context-param/[param-name="javax.faces.PROJECT_STAGE"]/param-value</xpath>
                <operation>replace</operation>
            </variable-assignment>
            <variable-assignment>
                <name>devModeVersionDisplayOff</name>
                <xpath>/web-app/context-param/[param-name="oracle.adf.view.rich.versionString.HIDDEN"]/param-value</xpath>
                <operation>replace</operation>
            </variable-assignment>
        </module-descriptor>
    </module-override>
</deployment-plan>
