<?xml version = '1.0' encoding = 'windows-1252' standalone = 'yes'?>
<jazn-data xmlns:xsi="http://www.w3.org/2001/XMLSchema-instance" xsi:noNamespaceSchemaLocation="http://xmlns.oracle.com/oracleas/schema/jazn-data-10_0.xsd" filepath="" OC4J_INSTANCE_ID="">
  <jazn-realm>
    <realm>
      <name>jazn.com</name>
      <users>
        <user>
          <name>DataBase_User_mImq5A4V3q2PhD4rKA_s7PV7j6sf_F02</name>
          <credentials>{903}mImq5A4V3q2PhD4rKA/s7PV7j6sf/F02</credentials>
        </user>
        <user>
          <name>DataBase_User_UmuSdOp31hWwMT0mUh7zQk6CusWwOmr6</name>
          <credentials>{903}UmuSdOp31hWwMT0mUh7zQk6CusWwOmr6</credentials>
        </user>
        <user>
          <name>DataBase_User_Xm6Vdi07wNt7sB37JNJL6OcwLioTHFLdWf7rU2U-KeI=</name>
          <credentials>{903}Xm6Vdi07wNt7sB37JNJL6OcwLioTHFLdWf7rU2U+KeI=</credentials>
        </user>
        <user>
          <name>DataBase_User_grtBp9kO_WeXRMV49Ex977LnGTsbi5JcMpOC1cqtw6E=</name>
          <credentials>{903}grtBp9kO/WeXRMV49Ex977LnGTsbi5JcMpOC1cqtw6E=</credentials>
        </user>
        <user>
          <name>DataBase_User_-fNfgim3KNcx_Wdny-E9U0ey3a39Chnj</name>
          <credentials>{903}+fNfgim3KNcx/Wdny+E9U0ey3a39Chnj</credentials>
        </user>
        <user>
          <name>DataBase_User_-c-ALQCmg-7GpnD80Dd9yJZbArE_Hj1T</name>
          <credentials>{903}+c+ALQCmg+7GpnD80Dd9yJZbArE/Hj1T</credentials>
        </user>
        <user>
          <name>DataBase_User_yZN_TA7Yk7ISFhGHW70q2UINpnH_i2c5</name>
          <credentials>{903}yZN/TA7Yk7ISFhGHW70q2UINpnH/i2c5</credentials>
        </user>
        <user>
          <name>DataBase_User_8fQKlkyLQZgKD_s55RnZwwY8h30yrLd3</name>
          <credentials>{903}8fQKlkyLQZgKD/s55RnZwwY8h30yrLd3</credentials>
        </user>
        <user>
          <name>DataBase_User_d745QCjUWzOVwbIShXf66C7OkyigXXMs</name>
          <credentials>{903}d745QCjUWzOVwbIShXf66C7OkyigXXMs</credentials>
        </user>
        <user>
          <name>DataBase_User_xnrmgU7bJnjHzYqBCI7koqVrjG5b0j2S</name>
          <credentials>{903}xnrmgU7bJnjHzYqBCI7koqVrjG5b0j2S</credentials>
        </user>
        <user>
          <name>DataBase_User_Gbxom78z_RAJ8hN-gtP4n4_LJkCz1oA1</name>
          <credentials>{903}Gbxom78z/RAJ8hN+gtP4n4/LJkCz1oA1</credentials>
        </user>
        <user>
          <name>DataBase_User_r9mExjWSRBaupBwTq68idjYQCVTVEs-c</name>
          <credentials>{903}r9mExjWSRBaupBwTq68idjYQCVTVEs+c</credentials>
        </user>
        <user>
          <name>DataBase_User_H1hKK8dLK6oeWZwnoDD5P_gfjQtBYVJc</name>
          <credentials>{903}H1hKK8dLK6oeWZwnoDD5P/gfjQtBYVJc</credentials>
        </user>
        <user>
          <name>DataBase_User_AFJ4oMUCOx0AAhZr7VQZWefS0PyIgM5v</name>
          <credentials>{903}AFJ4oMUCOx0AAhZr7VQZWefS0PyIgM5v</credentials>
        </user>
        <user>
          <name>DataBase_User_OsPIkWrU4I8WOOmbYL3wTIvPEHQFAv8O</name>
          <credentials>{903}OsPIkWrU4I8WOOmbYL3wTIvPEHQFAv8O</credentials>
        </user>
        <user>
          <name>DataBase_User_jnmn_dHZ_SWsj3ltiRqaUfPTJM3B_mYL</name>
          <credentials>{903}jnmn/dHZ/SWsj3ltiRqaUfPTJM3B/mYL</credentials>
        </user>
        <user>
          <name>DataBase_User_HOBkc0cWZMlDlM6T4bC4hgy4guvKy8xb</name>
          <credentials>{903}HOBkc0cWZMlDlM6T4bC4hgy4guvKy8xb</credentials>
        </user>
        <user>
          <name>DataBase_User_l90SaeKPaa5XTEKqpih-zHA8PIQBc4c-</name>
          <credentials>{903}l90SaeKPaa5XTEKqpih+zHA8PIQBc4c+</credentials>
        </user>
      </users>
      <roles/>
    </realm>
  </jazn-realm>
</jazn-data>
