<?xml version='1.0' encoding='windows-1252' ?>
<pageDefinition xmlns="http://xmlns.oracle.com/adfm/uimodel" id="mainUIModel"
                Package="mypackage1" version="9.0.5.16.0" FindMode="false"
                EnableTokenValidation="true">
   <executables>
      <iterator id="DeptViewIterator" Binds="DeptView" RangeSize="10"
                DataControl="TestModuleDataControl"/>
   </executables>
   <bindings>
      <table xmlns="http://xmlns.oracle.com/adfm/uimodel" id="DeptView"
             IterBinding="DeptViewIterator" ApplyValidation="false"
             isDynamic="false">
         <AttrNames xmlns="http://xmlns.oracle.com/adfm/uimodel">
            <Item Value="Deptno"/>
            <Item Value="Dname"/>
            <Item Value="Loc"/>
         </AttrNames>
      </table>
   </bindings>
</pageDefinition>
