<?xml version="1.0" encoding="UTF-8" ?>
<pageDefinition xmlns="http://xmlns.oracle.com/adfm/uimodel"
                version="10.1.3.36.73" id="ShowChangedValuesPageDef"
                Package="viewcontroller.pageDefs">
  <parameters/>
  <executables>
    <iterator id="DeptView1Iterator" RangeSize="10" Binds="DeptView1"
              DataControl="TestModuleDataControl"/>
  </executables>
  <bindings>
    <attributeValues id="Deptno" IterBinding="DeptView1Iterator">
      <AttrNames>
        <Item Value="Deptno"/>
      </AttrNames>
    </attributeValues>
    <attributeValues id="Dname" IterBinding="DeptView1Iterator">
      <AttrNames>
        <Item Value="Dname"/>
      </AttrNames>
    </attributeValues>
    <attributeValues id="Loc" IterBinding="DeptView1Iterator">
      <AttrNames>
        <Item Value="Loc"/>
      </AttrNames>
    </attributeValues>
    <action id="First" RequiresUpdateModel="true" Action="12"
            IterBinding="DeptView1Iterator"/>
    <action id="Previous" RequiresUpdateModel="true" Action="11"
            IterBinding="DeptView1Iterator"/>
    <action id="Next" RequiresUpdateModel="true" Action="10"
            IterBinding="DeptView1Iterator"/>
    <action id="Last" RequiresUpdateModel="true" Action="13"
            IterBinding="DeptView1Iterator"/>
    <attributeValues IterBinding="DeptView1Iterator" id="Dname_orig">
      <AttrNames>
        <Item Value="Dname_orig"/>
      </AttrNames>
    </attributeValues>
    <attributeValues IterBinding="DeptView1Iterator" id="Loc_orig">
      <AttrNames>
        <Item Value="Loc_orig"/>
      </AttrNames>
    </attributeValues>
    <action id="Commit" InstanceName="TestModuleDataControl"
            DataControl="TestModuleDataControl" RequiresUpdateModel="true"
            Action="100"/>
    <action id="Rollback" InstanceName="TestModuleDataControl"
            DataControl="TestModuleDataControl" RequiresUpdateModel="false"
            Action="101"/>
    <methodAction id="revertCurrentDeptView1Row"
                  InstanceName="TestModuleDataControl.dataProvider"
                  DataControl="TestModuleDataControl"
                  MethodName="revertCurrentDeptView1Row"
                  RequiresUpdateModel="true" Action="999"/>
  </bindings>
</pageDefinition>
