<?xml version = '1.0' encoding = 'windows-1252' standalone = 'yes'?>
<jazn-data xmlns:xsi="http://www.w3.org/2001/XMLSchema-instance" xsi:noNamespaceSchemaLocation="http://xmlns.oracle.com/oracleas/schema/jazn-data-10_0.xsd" filepath="" OC4J_INSTANCE_ID="">
    <jazn-realm>
        <realm>
            <name>jazn.com</name>
            <users>
                <user>
                    <name>DataBase_User_5ZVPr5jPVLlGdkXSPWiu3InoFpzEOs7t</name>
                    <credentials>{903}5ZVPr5jPVLlGdkXSPWiu3InoFpzEOs7t</credentials>
                </user>
                <user>
                    <name>DataBase_User_tRjoJwnR8STt3-HnZ31QxVrejkfqi0_j</name>
                    <credentials>{903}tRjoJwnR8STt3+HnZ31QxVrejkfqi0/j</credentials>
                </user>
                <user>
                    <name>DataBase_User_LvvUvCADyvS4o9SI26mRwR5d_bzjHcT9</name>
                    <credentials>{903}LvvUvCADyvS4o9SI26mRwR5d/bzjHcT9</credentials>
                </user>
                <user>
                    <name>DataBase_User_WnlrLl_L1SdFBSHTY0h5qQra1axfHGNz</name>
                    <credentials>{903}WnlrLl/L1SdFBSHTY0h5qQra1axfHGNz</credentials>
                </user>
                <user>
                    <name>DataBase_User_4ivODbTY0tt_7M88V6Qm7XXski0EGWMA</name>
                    <credentials>{903}4ivODbTY0tt/7M88V6Qm7XXski0EGWMA</credentials>
                </user>
                <user>
                    <name>DataBase_User_skJXEGVxg49utgwxnYn4PwwDzixwYOz1</name>
                    <credentials>{903}skJXEGVxg49utgwxnYn4PwwDzixwYOz1</credentials>
                </user>
                <user>
                    <name>DataBase_User_Sf-6iN92sP1MeFmyDebKnNFrRk2piECZ</name>
                    <credentials>{903}Sf+6iN92sP1MeFmyDebKnNFrRk2piECZ</credentials>
                </user>
                <user>
                    <name>DataBase_User_DXYdH_oYoJG80ffYfiVdgIRINe1zJBnz</name>
                    <credentials>{903}DXYdH/oYoJG80ffYfiVdgIRINe1zJBnz</credentials>
                </user>
                <user>
                    <name>DataBase_User_cR2OjSXilBitEWpmWbLp2Tl_PaYvBtqi</name>
                    <credentials>{903}cR2OjSXilBitEWpmWbLp2Tl/PaYvBtqi</credentials>
                </user>
                <user>
                    <name>DataBase_User_LmD8ziE6u7W37kKrxviCa4nbKoytoNHu</name>
                    <credentials>{903}LmD8ziE6u7W37kKrxviCa4nbKoytoNHu</credentials>
                </user>
                <user>
                    <name>DataBase_User_FfJbJF6_AMPCZzkzKLFt9tK43W8on4zp</name>
                    <credentials>{903}FfJbJF6/AMPCZzkzKLFt9tK43W8on4zp</credentials>
                </user>
                <user>
                    <name>DataBase_User_62-QxluGHfqhJZYeRw_J_sA9VuH5903K</name>
                    <credentials>{903}62+QxluGHfqhJZYeRw/J/sA9VuH5903K</credentials>
                </user>
                <user>
                    <name>DataBase_User_pyjx2NrSCXMpm5SG5FuyVM-4itJPEnFD</name>
                    <credentials>{903}pyjx2NrSCXMpm5SG5FuyVM+4itJPEnFD</credentials>
                </user>
                <user>
                    <name>DataBase_User_YLDNIgkrINn0dOPWMBmmrhQ32d9HCcpB</name>
                    <credentials>{903}YLDNIgkrINn0dOPWMBmmrhQ32d9HCcpB</credentials>
                </user>
                <user>
                    <name>DataBase_User_yk5RqmEK2wk_H8_g5KP1kov7UAKRF4NI</name>
                    <credentials>{903}yk5RqmEK2wk/H8/g5KP1kov7UAKRF4NI</credentials>
                </user>
                <user>
                    <name>DataBase_User_-Zj1yIC5wjYoDEVkrdQItOcl66gBIDTQ</name>
                    <credentials>{903}+Zj1yIC5wjYoDEVkrdQItOcl66gBIDTQ</credentials>
                </user>
                <user>
                    <name>DataBase_User_yxOObUCBY7NOgF-S8RIlHh0aBZiflDhs</name>
                    <credentials>{903}yxOObUCBY7NOgF+S8RIlHh0aBZiflDhs</credentials>
                </user>
                <user>
                    <name>DataBase_User_zzrl80S_BBVu-kMsEGW89EVDAX8NsTpd</name>
                    <credentials>{903}zzrl80S/BBVu+kMsEGW89EVDAX8NsTpd</credentials>
                </user>
                <user>
                    <name>DataBase_User_thrn2rWtaEiBJVhyC3DeeShz5D6VaqbS</name>
                    <credentials>{903}thrn2rWtaEiBJVhyC3DeeShz5D6VaqbS</credentials>
                </user>
                <user>
                    <name>DataBase_User_KjIqOV9eff9wSDK7ODoSY4Az8LLRSxT1</name>
                    <credentials>{903}KjIqOV9eff9wSDK7ODoSY4Az8LLRSxT1</credentials>
                </user>
                <user>
                    <name>DataBase_User_o8Owxi-RaoPmX9l16IC6l35pyfI5h1PS</name>
                    <credentials>{903}o8Owxi+RaoPmX9l16IC6l35pyfI5h1PS</credentials>
                </user>
                <user>
                    <name>DataBase_User_wFcw_WFjHkBIHfM8WoXvm_1ESxd1Tp_p</name>
                    <credentials>{903}wFcw/WFjHkBIHfM8WoXvm/1ESxd1Tp/p</credentials>
                </user>
                <user>
                    <name>DataBase_User_XvUC2F_XC5ZrZU8jq3_L0_UpiEvdVQAD</name>
                    <credentials>{903}XvUC2F/XC5ZrZU8jq3/L0/UpiEvdVQAD</credentials>
                </user>
                <user>
                    <name>DataBase_User_QWoBkfD7aNrYCnRB53dfxaI_TV72m6_O</name>
                    <credentials>{903}QWoBkfD7aNrYCnRB53dfxaI/TV72m6/O</credentials>
                </user>
                <user>
                    <name>DataBase_User_IdLXmxbDxSZckQRJZENpsZ_eshp0AEjp</name>
                    <credentials>{903}IdLXmxbDxSZckQRJZENpsZ/eshp0AEjp</credentials>
                </user>
                <user>
                    <name>DataBase_User_9_wovjPL7a_tbsAADOjGl7abEoZLACm9</name>
                    <credentials>{903}9/wovjPL7a/tbsAADOjGl7abEoZLACm9</credentials>
                </user>
            </users>
            <roles/>
        </realm>
    </jazn-realm>
</jazn-data>
