<?xml version = '1.0' encoding = 'windows-1252'?>
<!DOCTYPE struts-config PUBLIC "-//Apache Software Foundation//DTD Struts Configuration 1.1//EN" "http://jakarta.apache.org/struts/dtds/struts-config_1_1.dtd">
<struts-config>
  <form-beans>
    <form-bean name="DataForm" type="oracle.adf.controller.struts.forms.BindingContainerActionForm"/>
  </form-beans>
  <action-mappings>
    <action path="/employeeList" className="oracle.adf.controller.struts.actions.DataActionMapping" type="test.view.EmployeeListAction" name="DataForm" parameter="/employeeList.jsp">
      <set-property property="modelReference" value="employeeListUIModel"/>
      <forward name="confirmDelete" path="/employeeDeleteConfirm.do"/>
    </action>
    <action path="/employeeDeleteConfirm" className="oracle.adf.controller.struts.actions.DataActionMapping" type="test.view.EmployeeDeleteConfirmAction" name="DataForm" parameter="/employeeDeleteConfirm.jsp">
      <set-property property="modelReference" value="employeeDeleteConfirmUIModel"/>
      <forward name="Delete" path="/employeeList.do"/>
      <forward name="DontDelete" path="/employeeList.do"/>
    </action>
  </action-mappings>
  <message-resources parameter="test.view.ApplicationResources"/>
</struts-config>
