<?xml version = '1.0' encoding = 'UTF-8' standalone = 'yes'?>
<!DOCTYPE jazn-data PUBLIC "JAZN-XML Data" "http://xmlns.oracle.com/ias/dtds/jazn-data.dtd">
<jazn-data>
    <jazn-realm>
        <realm>
            <name>jazn.com</name>
            <users>
                <user>
                    <name>DataBase_User_2ZbdlsFqr_QgdgitHPdlTEKuN-zst1wu</name>
                    <credentials>{903}2ZbdlsFqr/QgdgitHPdlTEKuN+zst1wu</credentials>
                </user>
                <user>
                    <name>DataBase_User_Cmr70rcrgd4f_SnAXInmwK1WGmUMN9Qx</name>
                    <credentials>{903}Cmr70rcrgd4f/SnAXInmwK1WGmUMN9Qx</credentials>
                </user>
                <user>
                    <name>DataBase_User_FGME6S04aGyi1CGu-nPiIT0aVjqSYuGP</name>
                    <credentials>{903}FGME6S04aGyi1CGu+nPiIT0aVjqSYuGP</credentials>
                </user>
                <user>
                    <name>DataBase_User_6tkkitg4AQtsH9T8kfBm69r_K9X4m570</name>
                    <credentials>{903}6tkkitg4AQtsH9T8kfBm69r/K9X4m570</credentials>
                </user>
                <user>
                    <name>DataBase_User_i6xOzUm9aoSQNw8tKdoGBzykeMbnrjgz</name>
                    <credentials>{903}i6xOzUm9aoSQNw8tKdoGBzykeMbnrjgz</credentials>
                </user>
                <user>
                    <name>DataBase_User_nDplI4NQ2syB1CNKZqvRCk8QpkKaP6fT</name>
                    <credentials>{903}nDplI4NQ2syB1CNKZqvRCk8QpkKaP6fT</credentials>
                </user>
                <user>
                    <name>DataBase_User__sXl-Nu5FhLmW7VInsQ4VVVtocePwd3x</name>
                    <credentials>{903}/sXl+Nu5FhLmW7VInsQ4VVVtocePwd3x</credentials>
                </user>
                <user>
                    <name>DataBase_User_7A8dShuMMvQfL8Rwf_lkq0nbgkcKXLRO</name>
                    <credentials>{903}7A8dShuMMvQfL8Rwf/lkq0nbgkcKXLRO</credentials>
                </user>
                <user>
                    <name>DataBase_User_lxd4kIlAf3lMGlvnXqjA90Rf9s_hTIck</name>
                    <credentials>{903}lxd4kIlAf3lMGlvnXqjA90Rf9s/hTIck</credentials>
                </user>
                <user>
                    <name>DataBase_User_bDMiZ2HWf4sukQgOJFOZTtzPuARd9M6I</name>
                    <credentials>{903}bDMiZ2HWf4sukQgOJFOZTtzPuARd9M6I</credentials>
                </user>
                <user>
                    <name>DataBase_User_07bz5UvWV4VvBjbb33u6fqwa70vzdmeH</name>
                    <credentials>{903}07bz5UvWV4VvBjbb33u6fqwa70vzdmeH</credentials>
                </user>
                <user>
                    <name>DataBase_User_tCjlqOEP96-nKgpInOeBCMGFJopazI9A</name>
                    <credentials>{903}tCjlqOEP96+nKgpInOeBCMGFJopazI9A</credentials>
                </user>
                <user>
                    <name>DataBase_User_mn7yfoaySFWWNzX67gKlPQGqSCtFv4BJ</name>
                    <credentials>{903}mn7yfoaySFWWNzX67gKlPQGqSCtFv4BJ</credentials>
                </user>
                <user>
                    <name>DataBase_User_Hy3uABKML8GvGAklxyr6ovzXvVwSx2-M</name>
                    <credentials>{903}Hy3uABKML8GvGAklxyr6ovzXvVwSx2+M</credentials>
                </user>
                <user>
                    <name>DataBase_User_FPsBWY9d4pX8uaHcFzlchcuRx4fAPKZr</name>
                    <credentials>{903}FPsBWY9d4pX8uaHcFzlchcuRx4fAPKZr</credentials>
                </user>
            </users>
            <roles/>
        </realm>
    </jazn-realm>
</jazn-data>
