<?xml version = '1.0' encoding = 'UTF-8'?>
<!DOCTYPE data-sources PUBLIC "Orion data-sources" "http://xmlns.oracle.com/ias/dtds/data-sources.dtd">
<data-sources>
  <data-source name="jdev-connection-legacy-toystore" class="com.evermind.sql.DriverManagerDataSource" location="jdbc/toystoreCoreDS" xa-location="jdbc/xa/toystoreXADS" ejb-location="jdbc/toystoreDS" pooled-location="jdbc/toystorePooledDS" connection-driver="oracle.jdbc.OracleDriver" username="toystore" password="->DataBase_User_2ZbdlsFqr_QgdgitHPdlTEKuN-zst1wu" url="jdbc:oracle:thin:@localhost:1521:ORCL" inactivity-timeout="30"/>
  <data-source name="jdev-connection-legacy-toystore_statemgmt" class="com.evermind.sql.DriverManagerDataSource" location="jdbc/toystore_statemgmtCoreDS" xa-location="jdbc/xa/toystore_statemgmtXADS" ejb-location="jdbc/toystore_statemgmtDS" pooled-location="jdbc/toystore_statemgmtPooledDS" connection-driver="oracle.jdbc.OracleDriver" username="toystore_statemgmt" password="->DataBase_User_Cmr70rcrgd4f_SnAXInmwK1WGmUMN9Qx" url="jdbc:oracle:thin:@localhost:1521:ORCL" inactivity-timeout="30"/>
  <data-source name="jdev-connection-legacy-hr" class="com.evermind.sql.DriverManagerDataSource" location="jdbc/hrCoreDS" xa-location="jdbc/xa/hrXADS" ejb-location="jdbc/hrDS" pooled-location="jdbc/hrPooledDS" connection-driver="oracle.jdbc.OracleDriver" username="hr" password="->DataBase_User_FGME6S04aGyi1CGu-nPiIT0aVjqSYuGP" url="jdbc:oracle:thin:@adt-scaler1.us.oracle.com:1521:adt1010" inactivity-timeout="30"/>
  <data-source name="jdev-connection-legacy-scott" class="com.evermind.sql.DriverManagerDataSource" location="jdbc/scottCoreDS" xa-location="jdbc/xa/scottXADS" ejb-location="jdbc/scottDS" pooled-location="jdbc/scottPooledDS" connection-driver="oracle.jdbc.OracleDriver" username="scott" password="->DataBase_User_6tkkitg4AQtsH9T8kfBm69r_K9X4m570" url="jdbc:oracle:thin:@localhost:1521:ORCL" inactivity-timeout="30"/>
  <data-source name="jdev-connection-legacy-xsql" class="com.evermind.sql.DriverManagerDataSource" location="jdbc/xsqlCoreDS" xa-location="jdbc/xa/xsqlXADS" ejb-location="jdbc/xsqlDS" pooled-location="jdbc/xsqlPooledDS" connection-driver="oracle.jdbc.driver.OracleDriver" username="xsql" password="xsql" url="jdbc:oracle:thin:@localhost:1521:ORCL" inactivity-timeout="30"/>
  <data-source name="jdev-connection-legacy-jhs" class="com.evermind.sql.DriverManagerDataSource" location="jdbc/jhsCoreDS" xa-location="jdbc/xa/jhsXADS" ejb-location="jdbc/jhsDS" pooled-location="jdbc/jhsPooledDS" connection-driver="oracle.jdbc.driver.OracleDriver" username="jhs" password="jhs" url="jdbc:oracle:thin:@localhost:1521:ORCL" inactivity-timeout="30"/>
  <data-source name="jdev-connection-legacy-taskapp" class="com.evermind.sql.DriverManagerDataSource" location="jdbc/taskappCoreDS" xa-location="jdbc/xa/taskappXADS" ejb-location="jdbc/taskappDS" pooled-location="jdbc/taskappPooledDS" connection-driver="oracle.jdbc.driver.OracleDriver" username="task" password="taskapp" url="jdbc:oracle:thin:@jtdb-sun.us.oracle.com:1521:jtorcl" inactivity-timeout="30"/>
  <data-source name="jdev-connection-legacy-bug4120018" class="com.evermind.sql.DriverManagerDataSource" location="jdbc/bug4120018CoreDS" xa-location="jdbc/xa/bug4120018XADS" ejb-location="jdbc/bug4120018DS" pooled-location="jdbc/bug4120018PooledDS" connection-driver="oracle.jdbc.driver.OracleDriver" username="bug4120018" password="x" url="jdbc:oracle:thin:@pdws3.it.oracle.com:1521:ORCL" inactivity-timeout="30"/>
  <data-source name="jdev-connection-legacy-xdb" class="com.evermind.sql.DriverManagerDataSource" location="jdbc/xdbCoreDS" xa-location="jdbc/xa/xdbXADS" ejb-location="jdbc/xdbDS" pooled-location="jdbc/xdbPooledDS" connection-driver="oracle.jdbc.driver.OracleDriver" username="xdb" password="emmamatteo" url="jdbc:oracle:thin:@localhost:1521:ORCL" inactivity-timeout="30"/>
  <data-source name="jdev-connection-legacy-bugdb" class="com.evermind.sql.DriverManagerDataSource" location="jdbc/bugdbCoreDS" xa-location="jdbc/xa/bugdbXADS" ejb-location="jdbc/bugdbDS" pooled-location="jdbc/bugdbPooledDS" connection-driver="oracle.jdbc.driver.OracleDriver" username="ops$smuench" password="mybugs" url="jdbc:oracle:thin:@prodhp1.us.oracle.com:1521:V7BUG" inactivity-timeout="30"/>
  <data-source name="jdev-connection-legacy-bug" class="com.evermind.sql.DriverManagerDataSource" location="jdbc/bugCoreDS" xa-location="jdbc/xa/bugXADS" ejb-location="jdbc/bugDS" pooled-location="jdbc/bugPooledDS" connection-driver="oracle.jdbc.OracleDriver" username="bug" password="->DataBase_User_i6xOzUm9aoSQNw8tKdoGBzykeMbnrjgz" url="jdbc:oracle:thin:@adt-scaler1.us.oracle.com:1521:adt1010" inactivity-timeout="30"/>
  <data-source name="jdev-connection-legacy-tims" class="com.evermind.sql.DriverManagerDataSource" location="jdbc/timsCoreDS" xa-location="jdbc/xa/timsXADS" ejb-location="jdbc/timsDS" pooled-location="jdbc/timsPooledDS" connection-driver="oracle.jdbc.driver.OracleDriver" username="tims" password="tims" url="jdbc:oracle:thin:@localhost:1521:ORCL" inactivity-timeout="30"/>
    <connection-pool name="jdev-connection-pool-fa">
        <connection-factory factory-class="oracle.jdbc.pool.OracleDataSource" user="fa" password="->DataBase_User_nDplI4NQ2syB1CNKZqvRCk8QpkKaP6fT" url="jdbc:oracle:thin:@localhost:1521:ORCL"/>
    </connection-pool>
    <managed-data-source name="jdev-connection-managed-fa" jndi-name="jdbc/faDS" connection-pool-name="jdev-connection-pool-fa"/>
    <native-data-source name="jdev-connection-native-fa" jndi-name="jdbc/faCoreDS" url="jdbc:oracle:thin:@localhost:1521:ORCL" user="fa" password="->DataBase_User__sXl-Nu5FhLmW7VInsQ4VVVtocePwd3x" data-source-class="oracle.jdbc.pool.OracleDataSource"/>
    <connection-pool name="jdev-connection-pool-srdemo">
        <connection-factory factory-class="oracle.jdbc.pool.OracleDataSource" user="srdemo" password="->DataBase_User_7A8dShuMMvQfL8Rwf_lkq0nbgkcKXLRO" url="jdbc:oracle:thin:@adt-scaler1.us.oracle.com:1521:adt1010"/>
    </connection-pool>
    <managed-data-source name="jdev-connection-managed-srdemo" jndi-name="jdbc/srdemoDS" connection-pool-name="jdev-connection-pool-srdemo"/>
    <native-data-source name="jdev-connection-native-srdemo" jndi-name="jdbc/srdemoCoreDS" url="jdbc:oracle:thin:@adt-scaler1.us.oracle.com:1521:adt1010" user="srdemo" password="->DataBase_User_lxd4kIlAf3lMGlvnXqjA90Rf9s_hTIck" data-source-class="oracle.jdbc.pool.OracleDataSource"/>
    <connection-pool name="jdev-connection-pool-scott_at_pdws3">
        <connection-factory factory-class="oracle.jdbc.pool.OracleDataSource" user="scott" password="->DataBase_User_bDMiZ2HWf4sukQgOJFOZTtzPuARd9M6I" url="jdbc:oracle:thin:@pdws3.it.oracle.com:1521:ORCL"/>
    </connection-pool>
    <managed-data-source name="jdev-connection-managed-scott_at_pdws3" jndi-name="jdbc/scott_at_pdws3DS" connection-pool-name="jdev-connection-pool-scott_at_pdws3"/>
    <native-data-source name="jdev-connection-native-scott_at_pdws3" jndi-name="jdbc/scott_at_pdws3CoreDS" url="jdbc:oracle:thin:@pdws3.it.oracle.com:1521:ORCL" user="scott" password="->DataBase_User_07bz5UvWV4VvBjbb33u6fqwa70vzdmeH" data-source-class="oracle.jdbc.pool.OracleDataSource"/>
    <connection-pool name="jdev-connection-pool-rdbash01_ems">
        <connection-factory factory-class="oracle.jdbc.pool.OracleDataSource" user="scott" password="->DataBase_User_tCjlqOEP96-nKgpInOeBCMGFJopazI9A" url="jdbc:oracle:thin:@localhost:1521:ORCL"/>
    </connection-pool>
    <managed-data-source name="jdev-connection-managed-rdbash01_ems" jndi-name="jdbc/rdbash01_emsDS" connection-pool-name="jdev-connection-pool-rdbash01_ems"/>
    <native-data-source name="jdev-connection-native-rdbash01_ems" jndi-name="jdbc/rdbash01_emsCoreDS" url="jdbc:oracle:thin:@localhost:1521:ORCL" user="scott" password="->DataBase_User_mn7yfoaySFWWNzX67gKlPQGqSCtFv4BJ" data-source-class="oracle.jdbc.pool.OracleDataSource"/>
    <connection-pool name="jdev-connection-pool-scott_idc">
        <connection-factory factory-class="oracle.jdbc.pool.OracleDataSource" user="scott" password="->DataBase_User_Hy3uABKML8GvGAklxyr6ovzXvVwSx2-M" url="jdbc:oracle:thin:@formslab-pc.idc.oracle.com:1521:XE"/>
    </connection-pool>
    <managed-data-source name="jdev-connection-managed-scott_idc" jndi-name="jdbc/scott_idcDS" connection-pool-name="jdev-connection-pool-scott_idc"/>
    <native-data-source name="jdev-connection-native-scott_idc" jndi-name="jdbc/scott_idcCoreDS" url="jdbc:oracle:thin:@formslab-pc.idc.oracle.com:1521:XE" user="scott" password="->DataBase_User_FPsBWY9d4pX8uaHcFzlchcuRx4fAPKZr" data-source-class="oracle.jdbc.pool.OracleDataSource"/>
</data-sources>
