<?xml version='1.0' encoding='windows-1252' ?>
<!DOCTYPE ViewObject SYSTEM "jbo_03_01.dtd">

<ViewObject
   Name="Departments"
   SelectList="Department.DEPARTMENT_ID, 
       Department.DEPARTMENT_NAME, 
       Department.MANAGER_ID, 
       Department.LOCATION_ID"
   FromList="DEPARTMENTS Department"
   BindingStyle="OracleName"
   CustomQuery="false"
   FetchMode="FETCH_AS_NEEDED"
   FetchSize="30"
   UseGlueCode="false" >
   <DesignTime>
      <Attr Name="_rowSuperClassName" Value="oracle.jbo.server.ViewRowImpl" />
      <Attr Name="_version" Value="10.1.3.36.73" />
      <Attr Name="_codeGenFlag2" Value="Access|VarAccess" />
   </DesignTime>
   <EntityUsage
      Name="Department"
      Entity="demo.model.entities.Department" >
      <DesignTime>
         <Attr Name="_queryClause" Value="false" />
      </DesignTime>
   </EntityUsage>
   <ViewAttribute
      Name="DepartmentId"
      IsNotNull="true"
      EntityAttrName="DepartmentId"
      EntityUsage="Department"
      AliasName="DEPARTMENT_ID" >
   </ViewAttribute>
   <ViewAttribute
      Name="DepartmentName"
      IsNotNull="true"
      EntityAttrName="DepartmentName"
      EntityUsage="Department"
      AliasName="DEPARTMENT_NAME" >
   </ViewAttribute>
   <ViewAttribute
      Name="ManagerId"
      EntityAttrName="ManagerId"
      EntityUsage="Department"
      AliasName="MANAGER_ID" >
   </ViewAttribute>
   <ViewAttribute
      Name="LocationId"
      EntityAttrName="LocationId"
      EntityUsage="Department"
      AliasName="LOCATION_ID" >
   </ViewAttribute>
</ViewObject>
