<?xml version='1.0' encoding='windows-1252' ?>
<!DOCTYPE ViewObject SYSTEM "jbo_03_01.dtd">

<ViewObject
   Name="Employees"
   SelectList="Employee.EMPLOYEE_ID, 
       Employee.FIRST_NAME, 
       Employee.LAST_NAME, 
       Employee.EMAIL, 
       Employee.PHONE_NUMBER, 
       Employee.HIRE_DATE, 
       Employee.JOB_ID, 
       Employee.SALARY, 
       Employee.COMMISSION_PCT, 
       Employee.MANAGER_ID, 
       Employee.DEPARTMENT_ID"
   FromList="EMPLOYEES Employee"
   BindingStyle="OracleName"
   CustomQuery="false"
   ComponentClass="demo.model.queries.EmployeesImpl"
   FetchMode="FETCH_AS_NEEDED"
   FetchSize="5"
   UseGlueCode="false" >
   <DesignTime>
      <Attr Name="_version" Value="10.1.3.36.73" />
      <Attr Name="_codeGenFlag2" Value="Access|Coll|VarAccess" />
   </DesignTime>
   <EntityUsage
      Name="Employee"
      Entity="demo.model.entities.Employee" >
      <DesignTime>
         <Attr Name="_queryClause" Value="false" />
      </DesignTime>
   </EntityUsage>
   <ViewAttribute
      Name="EmployeeId"
      IsNotNull="true"
      EntityAttrName="EmployeeId"
      EntityUsage="Employee"
      AliasName="EMPLOYEE_ID" >
   </ViewAttribute>
   <ViewAttribute
      Name="FirstName"
      EntityAttrName="FirstName"
      EntityUsage="Employee"
      AliasName="FIRST_NAME" >
   </ViewAttribute>
   <ViewAttribute
      Name="LastName"
      IsNotNull="true"
      EntityAttrName="LastName"
      EntityUsage="Employee"
      AliasName="LAST_NAME" >
   </ViewAttribute>
   <ViewAttribute
      Name="Email"
      IsUnique="true"
      IsNotNull="true"
      EntityAttrName="Email"
      EntityUsage="Employee"
      AliasName="EMAIL" >
   </ViewAttribute>
   <ViewAttribute
      Name="PhoneNumber"
      EntityAttrName="PhoneNumber"
      EntityUsage="Employee"
      AliasName="PHONE_NUMBER" >
   </ViewAttribute>
   <ViewAttribute
      Name="HireDate"
      IsNotNull="true"
      EntityAttrName="HireDate"
      EntityUsage="Employee"
      AliasName="HIRE_DATE" >
   </ViewAttribute>
   <ViewAttribute
      Name="JobId"
      IsNotNull="true"
      EntityAttrName="JobId"
      EntityUsage="Employee"
      AliasName="JOB_ID" >
   </ViewAttribute>
   <ViewAttribute
      Name="Salary"
      EntityAttrName="Salary"
      EntityUsage="Employee"
      AliasName="SALARY" >
   </ViewAttribute>
   <ViewAttribute
      Name="CommissionPct"
      EntityAttrName="CommissionPct"
      EntityUsage="Employee"
      AliasName="COMMISSION_PCT" >
   </ViewAttribute>
   <ViewAttribute
      Name="ManagerId"
      EntityAttrName="ManagerId"
      EntityUsage="Employee"
      AliasName="MANAGER_ID" >
   </ViewAttribute>
   <ViewAttribute
      Name="DepartmentId"
      EntityAttrName="DepartmentId"
      EntityUsage="Employee"
      AliasName="DEPARTMENT_ID" >
   </ViewAttribute>
</ViewObject>
