<?xml version='1.0' encoding='windows-1252' ?>
<!DOCTYPE ViewObject SYSTEM "jbo_03_01.dtd">

<ViewObject
   Name="ReadOnlyEmployeesList"
   BindingStyle="OracleName"
   CustomQuery="true"
   FetchMode="FETCH_ALL"
   FetchSize="150"
   UseGlueCode="false" >
   <SQLQuery><![CDATA[
select employee_id as value,
       first_name||' '||last_name as label,
       department_id as filter
from employees
order by last_name, first_name
   ]]></SQLQuery>
   <DesignTime>
      <Attr Name="_rowSuperClassName" Value="oracle.jbo.server.ViewRowImpl" />
      <Attr Name="_isExpertMode" Value="true" />
      <Attr Name="_version" Value="10.1.3.36.73" />
      <Attr Name="_objectSuperClassName" Value="oracle.jbo.server.ViewObjectImpl" />
      <Attr Name="_codeGenFlag2" Value="Access|VarAccess" />
   </DesignTime>
   <ViewAttribute
      Name="Value"
      IsUpdateable="false"
      IsPersistent="false"
      IsNotNull="true"
      Precision="6"
      Scale="0"
      Type="oracle.jbo.domain.Number"
      ColumnType="NUMBER"
      AliasName="VALUE"
      Expression="VALUE"
      SQLType="NUMERIC" >
      <DesignTime>
         <Attr Name="_DisplaySize" Value="22" />
      </DesignTime>
   </ViewAttribute>
   <ViewAttribute
      Name="Label"
      IsUpdateable="false"
      IsPersistent="false"
      Precision="255"
      Type="java.lang.String"
      ColumnType="VARCHAR2"
      AliasName="LABEL"
      Expression="LABEL"
      SQLType="VARCHAR" >
      <DesignTime>
         <Attr Name="_DisplaySize" Value="46" />
      </DesignTime>
   </ViewAttribute>
   <ViewAttribute
      Name="Filter"
      IsPersistent="false"
      Precision="4"
      Scale="0"
      Type="oracle.jbo.domain.Number"
      ColumnType="NUMBER"
      AliasName="FILTER"
      Expression="FILTER"
      SQLType="NUMERIC" >
      <DesignTime>
         <Attr Name="_DisplaySize" Value="22" />
      </DesignTime>
   </ViewAttribute>
   <AttrArray Name="KeyAttributes">
      <Item Value="Value" />
   </AttrArray>
</ViewObject>
