<?xml version = '1.0' encoding = 'windows-1252' standalone = 'yes'?>
<jazn-data xmlns:xsi="http://www.w3.org/2001/XMLSchema-instance" xsi:noNamespaceSchemaLocation="http://xmlns.oracle.com/oracleas/schema/jazn-data-10_0.xsd" filepath="" OC4J_INSTANCE_ID="">
  <jazn-realm>
    <realm>
      <name>jazn.com</name>
      <users>
        <user>
          <name>DataBase_User_Bq2NrVATStWjhSjW_V9puaL0dWg4NgtM</name>
          <credentials>{903}Bq2NrVATStWjhSjW/V9puaL0dWg4NgtM</credentials>
        </user>
        <user>
          <name>DataBase_User_m9_0NGf3uVdaymtfxuCxzVhCeVUaZ-pC</name>
          <credentials>{903}m9/0NGf3uVdaymtfxuCxzVhCeVUaZ+pC</credentials>
        </user>
        <user>
          <name>DataBase_User_My4GMibU0saFpnI5kArV3xtpwSijHSsB</name>
          <credentials>{903}My4GMibU0saFpnI5kArV3xtpwSijHSsB</credentials>
        </user>
        <user>
          <name>DataBase_User_7npSs0L-i_-9mq7pYqVK3nSJQ4boQQUj</name>
          <credentials>{903}7npSs0L+i/+9mq7pYqVK3nSJQ4boQQUj</credentials>
        </user>
        <user>
          <name>DataBase_User_KFvvNKQaGl5KvSKeQT_Tp7RwCSdbAM5R</name>
          <credentials>{903}KFvvNKQaGl5KvSKeQT/Tp7RwCSdbAM5R</credentials>
        </user>
        <user>
          <name>DataBase_User_p1R7xizIWdHc2_v48YTkWr8QpXFRGxdJ</name>
          <credentials>{903}p1R7xizIWdHc2/v48YTkWr8QpXFRGxdJ</credentials>
        </user>
        <user>
          <name>DataBase_User_HrnCIFJXsXQGIJVH_Kb7W-_FOyDi06i6</name>
          <credentials>{903}HrnCIFJXsXQGIJVH/Kb7W+/FOyDi06i6</credentials>
        </user>
        <user>
          <name>DataBase_User_FMCGrsDaiRUpcGRBRYmoTplc9aRg34br</name>
          <credentials>{903}FMCGrsDaiRUpcGRBRYmoTplc9aRg34br</credentials>
        </user>
        <user>
          <name>DataBase_User_TQSDbxsMmrrKrKwkZtPgk4kGVFrMdwhx</name>
          <credentials>{903}TQSDbxsMmrrKrKwkZtPgk4kGVFrMdwhx</credentials>
        </user>
        <user>
          <name>DataBase_User_8uz1KOVhcqH8kLIh8RdaK1HYcmXROLDv</name>
          <credentials>{903}8uz1KOVhcqH8kLIh8RdaK1HYcmXROLDv</credentials>
        </user>
        <user>
          <name>DataBase_User_Oz72O9gVDv3galSHVMb-Tp2u962EdKyB</name>
          <credentials>{903}Oz72O9gVDv3galSHVMb+Tp2u962EdKyB</credentials>
        </user>
        <user>
          <name>DataBase_User_rxsBY6SSyalnQ99QIeCL410vs8Mj9H8Y</name>
          <credentials>{903}rxsBY6SSyalnQ99QIeCL410vs8Mj9H8Y</credentials>
        </user>
        <user>
          <name>DataBase_User_wI3mks5qSPPodSxrvm-sTBFPxozIC2gX</name>
          <credentials>{903}wI3mks5qSPPodSxrvm+sTBFPxozIC2gX</credentials>
        </user>
        <user>
          <name>DataBase_User_Vx_RaGrRlDAGu-UGCRe0g44Ydfb2nl18</name>
          <credentials>{903}Vx/RaGrRlDAGu+UGCRe0g44Ydfb2nl18</credentials>
        </user>
      </users>
      <roles/>
    </realm>
  </jazn-realm>
</jazn-data>
