<?xml version="1.0" encoding="windows-1252" ?>
<!DOCTYPE Entity SYSTEM "jbo_03_01.dtd">
<!---->
<Entity
  xmlns="http://xmlns.oracle.com/bc4j"
  Name="Dept"
  Version="11.1.1.50.80"
  DBObjectType="table"
  DBObjectName="DEPT"
  AliasName="Dept"
  BindingStyle="OracleName"
  UseGlueCode="false">
  <DesignTime>
    <Attr Name="_codeGenFlag2" Value="Access"/>
    <AttrArray Name="_publishEvents"/>
  </DesignTime>
  <Attribute
    Name="Deptno"
    IsNotNull="true"
    Precision="2"
    Scale="0"
    ColumnName="DEPTNO"
    Type="oracle.jbo.domain.Number"
    ColumnType="NUMBER"
    SQLType="NUMERIC"
    TableName="DEPT"
    PrimaryKey="true">
    <DesignTime>
      <Attr Name="_DisplaySize" Value="22"/>
    </DesignTime>
  </Attribute>
  <Attribute
    Name="Dname"
    Precision="14"
    ColumnName="DNAME"
    Type="java.lang.String"
    ColumnType="VARCHAR2"
    SQLType="VARCHAR"
    TableName="DEPT">
    <DesignTime>
      <Attr Name="_DisplaySize" Value="14"/>
    </DesignTime>
  </Attribute>
  <Attribute
    Name="Loc"
    Precision="13"
    ColumnName="LOC"
    Type="java.lang.String"
    ColumnType="VARCHAR2"
    SQLType="VARCHAR"
    TableName="DEPT">
    <DesignTime>
      <Attr Name="_DisplaySize" Value="13"/>
    </DesignTime>
  </Attribute>
  <Key
    Name="DeptPk"
    PrimaryKey="true">
    <DesignTime>
      <Attr Name="_DBObjectName" Value="DEPT_PK"/>
    </DesignTime>
    <AttrArray Name="Attributes">
      <Item Value="model.Dept.Deptno"/>
    </AttrArray>
  </Key>
</Entity>
