<?xml version='1.0' encoding='windows-1252' ?>
<!DOCTYPE ViewObject SYSTEM "jbo_03_01.dtd">

<ViewObject
   Name="CountXXDeptNames"
   BindingStyle="Oracle"
   CustomQuery="true"
   FetchMode="FETCH_AS_NEEDED"
   MaxFetchSize="1"
   UseGlueCode="false" >
   <SQLQuery><![CDATA[
select count(*) as count_dnames from dept where upper(dname) like '%XX%'
   ]]></SQLQuery>
   <DesignTime>
      <Attr Name="_isExpertMode" Value="true" />
      <Attr Name="_version" Value="10.1.3.36.73" />
      <Attr Name="_codeGenFlag2" Value="Access" />
   </DesignTime>
   <ViewAttribute
      Name="CountDnames"
      IsPersistent="false"
      Type="oracle.jbo.domain.Number"
      ColumnType="NUMBER"
      AliasName="COUNT_DNAMES"
      Expression="COUNT_DNAMES"
      SQLType="NUMERIC" >
      <DesignTime>
         <Attr Name="_DisplaySize" Value="22" />
      </DesignTime>
   </ViewAttribute>
</ViewObject>
