<?xml version = '1.0' encoding = 'windows-1252'?>
<!DOCTYPE data-sources PUBLIC "Orion data-sources" "http://xmlns.oracle.com/ias/dtds/data-sources.dtd">
<data-sources>
  <data-source name="jdev-connection-legacy-hr_conn" class="com.evermind.sql.DriverManagerDataSource" location="jdbc/hr_connCoreDS" xa-location="jdbc/xa/hr_connXADS" ejb-location="jdbc/hr_connDS" pooled-location="jdbc/hr_connPooledDS" connection-driver="oracle.jdbc.driver.OracleDriver" username="hr" password="hr" url="jdbc:oracle:thin:@localhost:1521:ORCL" inactivity-timeout="30"/>
  <data-source name="jdev-connection-legacy-toystore" class="com.evermind.sql.DriverManagerDataSource" location="jdbc/toystoreCoreDS" xa-location="jdbc/xa/toystoreXADS" ejb-location="jdbc/toystoreDS" pooled-location="jdbc/toystorePooledDS" connection-driver="oracle.jdbc.driver.OracleDriver" username="toystore" password="toystore" url="jdbc:oracle:thin:@localhost:1521:ORCL" inactivity-timeout="30"/>
  <data-source name="jdev-connection-legacy-toystore_statemgmt" class="com.evermind.sql.DriverManagerDataSource" location="jdbc/toystore_statemgmtCoreDS" xa-location="jdbc/xa/toystore_statemgmtXADS" ejb-location="jdbc/toystore_statemgmtDS" pooled-location="jdbc/toystore_statemgmtPooledDS" connection-driver="oracle.jdbc.driver.OracleDriver" username="toystore_statemgmt" password="toystore" url="jdbc:oracle:thin:@localhost:1521:ORCL" inactivity-timeout="30"/>
  <data-source name="jdev-connection-legacy-pdws3" class="com.evermind.sql.DriverManagerDataSource" location="jdbc/pdws3CoreDS" xa-location="jdbc/xa/pdws3XADS" ejb-location="jdbc/pdws3DS" pooled-location="jdbc/pdws3PooledDS" connection-driver="oracle.jdbc.driver.OracleDriver" username="scott" password="tiger" url="jdbc:oracle:thin:@pdws3.it.oracle.com:1521:ORCL" inactivity-timeout="30"/>
  <data-source name="jdev-connection-legacy-scott_statemgmt" class="com.evermind.sql.DriverManagerDataSource" location="jdbc/scott_statemgmtCoreDS" xa-location="jdbc/xa/scott_statemgmtXADS" ejb-location="jdbc/scott_statemgmtDS" pooled-location="jdbc/scott_statemgmtPooledDS" connection-driver="oracle.jdbc.driver.OracleDriver" username="scott_statemgmt" password="x" url="jdbc:oracle:thin:@pdws3.it.oracle.com:1521:TSH1" inactivity-timeout="30"/>
  <data-source name="jdev-connection-legacy-onlineorders" class="com.evermind.sql.DriverManagerDataSource" location="jdbc/onlineordersCoreDS" xa-location="jdbc/xa/onlineordersXADS" ejb-location="jdbc/onlineordersDS" pooled-location="jdbc/onlineordersPooledDS" connection-driver="oracle.jdbc.driver.OracleDriver" username="orders" password="orders" url="jdbc:oracle:thin:@localhost:1521:ORCL" inactivity-timeout="30"/>
  <data-source name="jdev-connection-legacy-oe" class="com.evermind.sql.DriverManagerDataSource" location="jdbc/oeCoreDS" xa-location="jdbc/xa/oeXADS" ejb-location="jdbc/oeDS" pooled-location="jdbc/oePooledDS" connection-driver="oracle.jdbc.driver.OracleDriver" username="oe" password="oe" url="jdbc:oracle:thin:@localhost:1521:ORCL" inactivity-timeout="30"/>
  <data-source name="jdev-connection-legacy-knracing" class="com.evermind.sql.DriverManagerDataSource" location="jdbc/knracingCoreDS" xa-location="jdbc/xa/knracingXADS" ejb-location="jdbc/knracingDS" pooled-location="jdbc/knracingPooledDS" connection-driver="oracle.jdbc.driver.OracleDriver" username="racing" password="racing" url="jdbc:oracle:thin:@localhost:1521:ORCL" inactivity-timeout="30"/>
  <data-source name="jdev-connection-legacy-ws" class="com.evermind.sql.DriverManagerDataSource" location="jdbc/wsCoreDS" xa-location="jdbc/xa/wsXADS" ejb-location="jdbc/wsDS" pooled-location="jdbc/wsPooledDS" connection-driver="oracle.jdbc.driver.OracleDriver" username="ws" password="ws" url="jdbc:oracle:thin:@guido.au.oracle.com:1521:ORA92" inactivity-timeout="30"/>
  <data-source name="jdev-connection-legacy-scott" class="com.evermind.sql.DriverManagerDataSource" location="jdbc/scottCoreDS" xa-location="jdbc/xa/scottXADS" ejb-location="jdbc/scottDS" pooled-location="jdbc/scottPooledDS" connection-driver="oracle.jdbc.OracleDriver" username="scott" password="->DataBase_User__v981HsvWXF_dm084Gwh8FYYN_PLuZK8" url="jdbc:oracle:thin:@localhost:1521:ORCL" inactivity-timeout="30"/>
  <data-source name="jdev-connection-legacy-tss" class="com.evermind.sql.DriverManagerDataSource" location="jdbc/tssCoreDS" xa-location="jdbc/xa/tssXADS" ejb-location="jdbc/tssDS" pooled-location="jdbc/tssPooledDS" connection-driver="oracle.jdbc.driver.OracleDriver" username="rade" password="x" url="jdbc:oracle:thin:@localhost:1521:ORCL" inactivity-timeout="30"/>
  <data-source name="jdev-connection-legacy-tsscs" class="com.evermind.sql.DriverManagerDataSource" location="jdbc/tsscsCoreDS" xa-location="jdbc/xa/tsscsXADS" ejb-location="jdbc/tsscsDS" pooled-location="jdbc/tsscsPooledDS" connection-driver="oracle.jdbc.driver.OracleDriver" username="setcontrol" password="x" url="jdbc:oracle:thin:@localhost:1521:ORCL" inactivity-timeout="30"/>
  <data-source name="jdev-connection-legacy-shuttle" class="com.evermind.sql.DriverManagerDataSource" location="jdbc/shuttleCoreDS" xa-location="jdbc/xa/shuttleXADS" ejb-location="jdbc/shuttleDS" pooled-location="jdbc/shuttlePooledDS" connection-driver="oracle.jdbc.driver.OracleDriver" username="scott" password="tiger" url="jdbc:oracle:thin:@130.35.103.151:1521:orcl" inactivity-timeout="30"/>
  <data-source name="jdev-connection-legacy-copying" class="com.evermind.sql.DriverManagerDataSource" location="jdbc/copyingCoreDS" xa-location="jdbc/xa/copyingXADS" ejb-location="jdbc/copyingDS" pooled-location="jdbc/copyingPooledDS" connection-driver="oracle.jdbc.driver.OracleDriver" username="copying" password="copying" url="jdbc:oracle:thin:@localhost:1521:ORCL" inactivity-timeout="30"/>
  <data-source name="jdev-connection-legacy-smartaleck" class="com.evermind.sql.DriverManagerDataSource" location="jdbc/smartaleckCoreDS" xa-location="jdbc/xa/smartaleckXADS" ejb-location="jdbc/smartaleckDS" pooled-location="jdbc/smartaleckPooledDS" connection-driver="oracle.jdbc.driver.OracleDriver" username="task" password="taskapp" url="jdbc:oracle:thin:@jtdb-sun.us.oracle.com:1521:jtorcl" inactivity-timeout="30"/>
  <data-source name="jdev-connection-legacy-8174" class="com.evermind.sql.DriverManagerDataSource" location="jdbc/8174CoreDS" xa-location="jdbc/xa/8174XADS" ejb-location="jdbc/8174DS" pooled-location="jdbc/8174PooledDS" connection-driver="oracle.jdbc.driver.OracleDriver" username="scott" password="tiger" url="jdbc:oracle:thin:@appsqa1-sun:1521:adtqa817" inactivity-timeout="30"/>
  <data-source name="jdev-connection-legacy-jtapps" class="com.evermind.sql.DriverManagerDataSource" location="jdbc/jtappsCoreDS" xa-location="jdbc/xa/jtappsXADS" ejb-location="jdbc/jtappsDS" pooled-location="jdbc/jtappsPooledDS" connection-driver="oracle.jdbc.driver.OracleDriver" username="task" password="taskapp" url="jdbc:oracle:thin:@jtdb-sun.us.oracle.com:1521:jtorcl" inactivity-timeout="30"/>
  <data-source name="jdev-connection-legacy-DBConnection1" class="com.evermind.sql.DriverManagerDataSource" location="jdbc/DBConnection1CoreDS" xa-location="jdbc/xa/DBConnection1XADS" ejb-location="jdbc/DBConnection1DS" pooled-location="jdbc/DBConnection1PooledDS" connection-driver="oracle.jdbc.driver.OracleDriver" username="scott" password="tiger" url="jdbc:oracle:thin:@localhost:1521:ORCL" inactivity-timeout="30"/>
  <data-source name="jdev-connection-legacy-mctest" class="com.evermind.sql.DriverManagerDataSource" location="jdbc/mctestCoreDS" xa-location="jdbc/xa/mctestXADS" ejb-location="jdbc/mctestDS" pooled-location="jdbc/mctestPooledDS" connection-driver="oracle.jdbc.driver.OracleDriver" username="mc_test" password="mc_test" url="jdbc:oracle:thin:@localhost:1521:ORCL" inactivity-timeout="30"/>
    <connection-pool name="jdev-connection-pool-airport">
        <connection-factory factory-class="oracle.jdbc.pool.OracleDataSource" user="smuench" password="->DataBase_User_xnjBeewRSve1MhFi3kwh2ob3D0FpHkW2" url="jdbc:oracle:thin:@adt-scaler1.us.oracle.com:1521:adt1010"/>
    </connection-pool>
    <managed-data-source name="jdev-connection-managed-airport" jndi-name="jdbc/airportDS" connection-pool-name="jdev-connection-pool-airport"/>
    <native-data-source name="jdev-connection-native-airport" jndi-name="jdbc/airportCoreDS" url="jdbc:oracle:thin:@adt-scaler1.us.oracle.com:1521:adt1010" user="smuench" password="->DataBase_User_RiQm6Ry3U6XBXSSqG61Ub7uwYRBKY3cF" data-source-class="oracle.jdbc.pool.OracleDataSource"/>
</data-sources>
