<?xml version='1.0' encoding='windows-1252' ?>
<DCContainer
   id="mainUIModel"
   xmlns="http://xmlns.oracle.com/adfm/uimodel"
   version="9.0.5.16.0"
   Package="mypackage1"
   FindMode="false"
   EnableTokenValidation="true" >
   <Contents >
      <DCIterator
         id="DeptViewIterator"
         Binds="TestModuleDataControl.DeptView"
         RangeSize="10" >
      </DCIterator>
      <DCControl
         id="DeptView"
         SubType="DCTable"
         IterBinding="DeptViewIterator"
         ApplyValidation="false"
         isDynamic="false" >
         <AttrNames>
            <Item Value="Deptno" />
            <Item Value="Dname" />
            <Item Value="Loc" />
         </AttrNames>
      </DCControl>
   </Contents>
</DCContainer>
